:020000040800F2
:10000000F05C0024F903000845810008336700080C
:10001000CD7F000837070008D59C000800000000CD
:10002000000000000000000000000000390300088C
:10003000090D000800000000950300086D84000809
:100040001704000817040008170400081704000824
:100050001704000817040008170400081704000814
:100060001704000817040008170400083D070008DB
:100070004D0700085D0700086D0700087D070008B0
:100080008D0700081704000817040008170400086B
:1000900017040008170400081704000817040008D4
:1000A00017040008170400081704000817040008C4
:1000B0007D860008170400081704000817040008CC
:1000C00017040008170400081704000817040008A4
:1000D0001704000817040008C59C0008170400084E
:1000E00017040008170400080000000017040008A7
:1000F0001704000817040008170400081704000874
:100100001704000817040008170400081704000863
:100110001704000817040008170400081704000853
:100120001704000817040008170400081704000843
:100130001704000817040008170400081704000833
:1001400000000000000000000000000000000000AF
:100150001704000817040008170400081704000813
:100160001704000817040008170400081704000803
:100170001704000817040008170400080000000016
:1001800017040008170400081704000817040008E3
:1001900017040008170400081704000817040008D3
:1001A00017040008170400081704000817040008C3
:1001B00017040008170400081704000817040008B3
:1001C00017040008170400081704000817040008A3
:1001D0001704000817040008170400081704000893
:1001E0001704000817040008170400081704000883
:1001F0001704000817040008170400081704000873
:100200001704000817040008170400081704000862
:100210001704000817040008170400081704000852
:100220001704000817040008170400080000000065
:100230001704000817040008000000001704000855
:100240001704000817040008170400081704000822
:100250001704000817040008170400081704000812
:100260001704000817040008170400081704000802
:100270001704000817040008170400080000000015
:100280001704000817040008170400080000000005
:10029000000000001704000800F002F800F03CF82D
:1002A0000AA090E8000C82448344AAF10107DA45D1
:1002B00001D100F031F8AFF2090EBAE80F0013F0E7
:1002C000010F18BFFB1A43F00103184714BF0000C9
:1002D00034BF0000103A24BF78C878C1FAD852075A
:1002E00024BF30C830C144BF04680C6070470000B0
:1002F0000023002400250026103A28BF78C1FBD82F
:10030000520728BF30C148BF0B6070471FB50BF0C4
:1003100073FE1FBD10B510BD00F0D4F91146FFF7F4
:10032000F5FF09F0F9FC00F0F2F903B4FFF7F2FF72
:1003300003BC00F0F9F900002C4B19680868B0E81C
:10034000F04F80F30988BFF36F8F4FF0000080F308
:10035000118870470000000008480068006880F3BA
:1003600008884FF0000080F3148862B661B6BFF3CE
:100370004F8FBFF36F8F00DF00BF00BF08ED00E0BD
:10038000DFF80C00016841F470010160704700BFA4
:1003900088ED00E0EFF30980BFF36F8F134B1A680D
:1003A0001EF0100F08BF20ED108A20E9F04F1060FA
:1003B00009B44FF0500080F31188BFF34F8FBFF3A3
:1003C0006F8F0AF005FF4FF0000080F3118809BC21
:1003D00019680868B0E8F04F1EF0100F08BFB0ECC5
:1003E000108A80F30988BFF36F8F70475400002490
:1003F000EFF30580704700000A4880470A488047AD
:100400000A480047FEE7FEE7FEE7FEE7FEE7FEE7F5
:10041000FEE7FEE7FEE7FEE705480649064A074B0A
:1004200070470000110D000855850008990200086A
:10043000F0560024F05C0024F0580024F05800240A
:1004400053EA020C00F069802DE9F04B4FF00006F2
:10045000002B1FBFB3FA83F503FA05F424FA05F65F
:100460005E4012BF1643B2FA82F502FA05F4C5F1F6
:1004700020051EBF22FA05FC44EA0C04203556EA8A
:10048000044C4FEA144418BF641C4FF000084FF0AE
:100490000009904271EB030C39D3002919BFB1FA5E
:1004A00081F701FA07F6B0FA80F700FA07F6C7F10C
:1004B00020071EBF20FA07FC46EA0C062037B6FBD1
:1004C000F4FCA7EB0507103F07F01F0BCBF120064C
:1004D0000CFA0BFB2CFA06F644BFB3460026202F7D
:1004E000A4BF5E464FF0000B5BEA060C08BF4FF05E
:1004F000010B19EB0B09ABFB027C48EB0608C01B98
:1005000006FB02CC0BFB03CC71EB0C01C1E70B46E5
:10051000024641464846BDE8F08B13B54FF0000057
:100520004FF00001AFF30080BDE81C407047032A84
:1005300040F2308010F0030C00F0158011F8013B00
:10054000BCF1020F624498BF11F801CB00F8013BE7
:1005500038BF11F8013BA2F1040298BF00F801CBAB
:1005600038BF00F8013B11F0030300F02580083A82
:10057000C0F0088051F8043B083A51F804CBA0E8D9
:100580000810F5E7121D5CBF51F8043B40F8043B2E
:10059000AFF30080D20724BF11F8013B11F801CB63
:1005A00048BF11F8012B24BF00F8013B00F801CB34
:1005B00048BF00F8012B704710B5203AC0F00B80FF
:1005C000B1E81850203AA0E81850B1E81850A0E857
:1005D0001850BFF4F5AF5FEA027C24BFB1E81850B1
:1005E000A0E8185044BF18C918C0BDE810405FEA21
:1005F000827C24BF51F8043B40F8043B08BF70479D
:10060000D20728BF31F8023B48BF11F8012B28BFA1
:1006100020F8023B48BF00F8012B704702F0FF03AF
:1006200043EA032242EA024200F002B84FF000021D
:100630000429C0F0128010F0030C00F01B80CCF1F4
:10064000040CBCF1020F18BF00F8012BA8BF20F862
:10065000022BA1EB0C0100F00DB85FEAC17C24BFB6
:1006600000F8012B00F8012B48BF00F8012B704760
:100670004FF0000200B5134694469646203922BF3B
:10068000A0E80C50A0E80C50B1F12001BFF4F7AF86
:10069000090728BFA0E80C5048BF0CC05DF804EB68
:1006A000890028BF40F8042B08BF704748BF20F8D6
:1006B000022B11F0804F18BF00F8012B70477047D4
:1006C00070477047754600F02BF8AE460500694646
:1006D000534620F00700854618B020B5FFF79CFE72
:1006E000BDE820404FF000064FF000074FF0000833
:1006F0004FF0000B21F00701AC46ACE8C009ACE8B4
:10070000C009ACE8C009ACE8C0098D46704710B517
:100710000446AFF300802046BDE81040FFF705BE59
:10072000004870479056002401491820ABBEFEE7F0
:1007300026000200704700BFFEE7000010B5024827
:1007400000F036FF10BD0000F006002410B502488E
:1007500000F02EFF10BD00009804002410B50248E0
:1007600000F026FF10BD00001005002410B502485F
:1007700000F01EFF10BD00008805002410B50248DF
:1007800000F016FF10BD00000006002410B502485E
:1007900000F00EFF10BD0000780600240146374A25
:1007A0000868904249D0354A18320868904244D0CF
:1007B000324A3032086890423FD0304A48320868A6
:1007C00090423AD02D4A60320868904235D02B4A88
:1007D00078320868904230D0284A903208689042B7
:1007E0002BD0264AA8320868904226D0244A0868AE
:1007F000904222D0224A1832086890421DD0204AE6
:1008000030320868904218D01D4A48320868904239
:1008100013D01B4A6032086890420ED0184A7832D2
:100820000868904209D0164A90320868904204D075
:10083000134AA8320868904201D1012000E000204C
:10084000B0B10A78103A1823B2FBF3F000F00702B7
:100850000C4B9A5CCA65032805D90A686FF3090234
:10086000121D8A6503E00A686FF309028A6503E0D6
:10087000086820F0FF008865886D7047100002400E
:100880001004024070C0000810B502682B4C0368C9
:10089000A34222D0294C14340368A3421DD0274C14
:1008A00028340368A34218D0244C3C340368A34284
:1008B00013D0224C50340368A3420ED01F4C643432
:1008C0000368A34209D01D4C78340368A34204D0C6
:1008D0001A4C8C340368A34201D1012300E00023A9
:1008E0008BB10378083B1424B3FBF4F1144B03EBF6
:1008F00081030366124B8033436601F01F0401231A
:10090000A340836618E00378103B1824B3FBF4F18E
:100910000C4B9A4204D80B4BA83B9A4200D30831A7
:10092000094B03EB81030366074B8033436601F0F9
:100930001F040123A340836610BD00000854025821
:1009400000580258B8040240000802400179A9B3D7
:10095000082940D8204B02689A4222D01E4B1433FB
:1009600002689A421DD01C4B283302689A4218D064
:10097000194B3C3302689A4213D0174B503302682C
:100980009A420ED0144B643302689A4209D0124B3B
:10099000783302689A4204D00F4B8C3302689A4233
:1009A00001D1012200E000224AB14A1E0B4B03EBA9
:1009B0008202C266094A4032026708E00BE04A1E22
:1009C000074B03EB8202C266054A403202674A1EA9
:1009D0000123934043677047085402580059025856
:1009E00000090240014600208A69D2B98A6A32B100
:1009F000012A0DD0022A03D0032A10D10EE000BF35
:100A0000CA6A02F08072B2F1807F00D1012007E053
:100A1000CA6AB2F1C07F00D1012001E000E000BF4E
:100A200036E08A69B2F5005F1BD18A6A32B1012AC9
:100A300007D0022A03D0032A11D10AE000BF012007
:100A40000EE0CA6A02F08072B2F1807F00D101200C
:100A500006E0CA6AB2F1C07F00D1012000E000BF09
:100A600016E08A6A32B1012A05D0022A04D0032A8C
:100A70000CD103E000BF00BF012008E0CA6A02F009
:100A80008072B2F1807F00D1012000E000BF00BF82
:100A900070470000F0B5856D846D984F0668BE42C2
:100AA00070D0964F18370668BE426BD0934F3037E0
:100AB0000668BE4266D0914F48370668BE4261D094
:100AC0008E4F60370668BE425CD08C4F7837066820
:100AD000BE4257D0894F90370668BE4252D0874FEA
:100AE000A8370668BE424DD0854F0668BE4249D041
:100AF000834F18370668BE4244D0814F30370668AE
:100B0000BE423FD07E4F48370668BE423AD07C4F47
:100B100060370668BE4235D0794F78370668BE42E6
:100B200030D0774F90370668BE422BD0744FA8372D
:100B30000668BE4226D0734F0668BE4222D0714F6F
:100B400014370668BE421DD06E4F28370668BE4275
:100B500018D06C4F3C370668BE4213D0694F5037EF
:100B60000668BE420ED0674F64370668BE4209D0A1
:100B7000644F78370668BE4204D0624F8C370668EF
:100B8000BE4201D1012600E000263EB1D0E919762F
:100B90007E60C66E16B1D0E91C767E60574F06683F
:100BA000BE4249D0554F18370668BE4244D0534F15
:100BB00030370668BE423FD0504F48370668BE42C5
:100BC0003AD04E4F60370668BE4235D04B4F78372B
:100BD0000668BE4230D0494F90370668BE422BD0DF
:100BE000464FA8370668BE4226D0454F0668BE422B
:100BF00022D0434F18370668BE421DD0404F3037D1
:100C00000668BE4218D03E4F48370668BE4213D031
:100C10003B4F60370668BE420ED0394F78370668C2
:100C2000BE4209D0364F90370668BE4204D0344FDA
:100C3000A8370668BE4201D1012600E00026DEB1D9
:100C400090F85C6006F01F073F26BE40AE60066865
:100C5000366826F4802607683E60066873608668FA
:100C6000402E04D10668B2600668F16044E0066870
:100C7000B1600668F2603FE0224F0668BE4222D0B3
:100C8000204F14370668BE421DD01E4F2837066815
:100C9000BE4218D01B4F3C370668BE4213D0194FD6
:100CA00050370668BE420ED0164F64370668BE4203
:100CB00009D0144F78370668BE4204D0114F8C37E4
:100CC0000668BE4201D1012600E00026A6B190F8D8
:100CD0005C6006F01F070126BE4066600668736010
:100CE0008668402E04D10668B2600668F16003E0B1
:100CF0000668B1600668F260F0BD000010000240B6
:100D00001004024008540258704772B600BFFEE754
:100D10000748006840F002000549086000BF044829
:100D20000838006800F400500028F8D07047000030
:100D30000C4802582DE9F041044601F041FF80467D
:100D400014B90120BDE8F08194F83500022808D0DC
:100D50008020606500BF002084F8340000BF0120BF
:100D6000F0E7FE492068884249D0FC4918312068E4
:100D7000884244D0F9493031206888423FD0F74951
:100D80004831206888423AD0F4496031206888426E
:100D900035D0F24978312068884230D0EF4990311F
:100DA000206888422BD0ED49A8312068884226D09F
:100DB000EB492068884222D0E949183120688842EE
:100DC0001DD0E74930312068884218D0E4494831C5
:100DD0002068884213D0E2496031206888420ED0F2
:100DE000DF4978312068884209D0DD499031206898
:100DF000884204D0DA49A8312068884201D1012014
:100E000000E0002068B12068006820F01E00216822
:100E100008602068406920F08000216848612568EA
:100E200006E02068006820F00E0021680860256850
:100E3000CA492068884270D0C84918312068884261
:100E40006BD0C64930312068884266D0C3494831EA
:100E50002068884261D0C1496031206888425CD0F6
:100E6000BE4978312068884257D0BC49903120680B
:100E7000884252D0B949A831206888424DD0B8493B
:100E80002068884249D0B64918312068884244D049
:100E9000B3493031206888423FD0B1494831206899
:100EA00088423AD0AE4960312068884235D0AC499A
:100EB00078312068884230D0A94990312068884232
:100EC0002BD0A749A8312068884226D0A5492068A0
:100ED000884222D0A3491431206888421DD0A149FC
:100EE00028312068884218D09E493C3120688842C9
:100EF00013D09C495031206888420ED09949643102
:100F00002068884209D0974978312068884204D007
:100F100094498C312068884201D1012000E00020F2
:100F200028B1206E006820F48070216E08608B4923
:100F30002068884249D0894918312068884244D0C5
:100F400086493031206888423FD084494831206842
:100F500088423AD0814960312068884235D07F4943
:100F600078312068884230D07C49903120688842AE
:100F70002BD07A49A8312068884226D07849206849
:100F8000884222D076491831206888421DD07449A1
:100F900030312068884218D0714948312068884231
:100FA00013D06F496031206888420ED06C49783187
:100FB0002068884209D06A4990312068884204D06C
:100FC0006749A8312068884206D12068006820F06F
:100FD00001002168086005E02068006820F0010039
:100FE0002168086011E001F0EBFDA0EB0800052886
:100FF0000BD920206065032084F8350000BF002055
:1010000084F8340000BF01209CE6286800F001004D
:101010000028E8D151492068884249D04F49183109
:101020002068884244D04D493031206888423FD002
:101030004A494831206888423AD04849603120689E
:10104000884235D0454978312068884230D04349BC
:101050009031206888422BD04049A83120688842CE
:1010600026D03F492068884222D03D491831206867
:1010700088421DD03A4930312068884218D038491A
:1010800048312068884213D0354960312068884251
:101090000ED0334978312068884209D030499031E8
:1010A0002068884204D02E49A8312068884201D1A6
:1010B000012000E0002040B1A66D94F85C0000F033
:1010C0001F013F208840B06007E0A76D94F85C00E6
:1010D00000F01F0101208840786020492068884284
:1010E00076D01E4918312068884271D01B493031B2
:1010F000206888426CD0194948312068884267D0FE
:10110000164960312068884262D0144978312068DD
:1011100088425DD0114990312068884258D00F49EB
:10112000A8312068884253D00D49206888424FD0AA
:101130000B491831206888424AD00949303120686B
:10114000884245D0064948312068884240D0044949
:101150006031206888423BD0014905E01000024020
:1011600010040240085402587831206888422FD079
:101170002549206888422BD02349183120688842AD
:1011800026D022492068884222D020491431206884
:1011900088421DD01D4928312068884218D01B493B
:1011A0003C312068884213D0184950312068884269
:1011B0000ED0164964312068884209D0134978312D
:1011C0002068884204D011498C312068884201D1BE
:1011D000012000E0002068B1D4E919104860E06EF9
:1011E00040B1E06E006820F48070E16E0860D4E9E0
:1011F0001C104860012084F8350000BF002084F8EE
:10120000340000BF00BF9DE5A0040240085402580E
:1012100070B504460CB9012070BD94F83500022861
:1012200003D0802060650120F6E7DC492068884211
:1012300049D0DA4918312068884244D0D749303142
:10124000206888423FD0D5494831206888423AD04A
:10125000D24960312068884235D0D0497831206841
:10126000884230D0CD499031206888422BD0CB497C
:10127000A8312068884226D0C9492068884222D0F7
:10128000C7491831206888421DD0C54930312068CF
:10129000884218D0C24948312068884213D0C049DA
:1012A0006031206888420ED0BD497831206888427C
:1012B00009D0BB4990312068884204D0B849A83190
:1012C0002068884201D1012000E00020F0B3042012
:1012D00084F83500B149206888424BD0AF491831B5
:1012E0002068884246D0AD4930312068884241D0DC
:1012F000AA494831206888423CD0A849603120681A
:10130000884237D0A54978312068884232D0A34935
:101310009031206888422DD0A049A83120688842A9
:1013200028D09F492068884224D09D4918312068E0
:1013300088421FD09A493031206888421AD0984993
:1013400048312068884215D0954900E020E060319E
:10135000206888420ED0924978312068884209D0AE
:101360008F4990312068884204D08D49A831206887
:10137000884206D12068006820F0010021680860DA
:1013800009E12068006820F001002168086002E19E
:101390002068006820F00E00216808607F492068FE
:1013A000884249D07D4918312068884244D07B4921
:1013B0003031206888423FD07849483120688842DF
:1013C0003AD0764960312068884235D07349783107
:1013D0002068884230D071499031206888422BD0F3
:1013E0006E49A8312068884226D06D49206888421D
:1013F00022D06B491831206888421DD068493031AD
:101400002068884218D0664948312068884213D045
:1014100063496031206888420ED061497831206884
:10142000884209D05E4990312068884204D05C49E6
:10143000A8312068884206D12068006820F00100A9
:101440002168086005E02068006820F0010021683C
:10145000086052492068884270D05049183120688D
:1014600088426BD04D4930312068884266D04B4964
:1014700048312068884261D04849603120688842FC
:101480005CD0464978312068884257D04349903132
:101490002068884252D04149A831206888424DD006
:1014A0003F492068884249D03D4918312068884228
:1014B00044D03B493031206888423FD038494831D8
:1014C000206888423AD0364960312068884235D059
:1014D000334978312068884230D0314990312068D2
:1014E00088422BD02E49A8312068884226D02D4929
:1014F0002068884222D02B491431206888421DD0B0
:10150000284928312068884218D026493C31206873
:10151000884213D023495031206888420ED0214997
:1015200064312068884209D01E4978312068884299
:1015300004D01C498C312068884201D1012000E090
:101540000020D8B1206E006820F48070216E086001
:10155000A56D94F85C0000F01F01012088406860D0
:10156000D4E919104860E06E40B1E06E006820F4E4
:101570008070E16E0860D4E91C104860012084F896
:10158000350000BF002084F8340000BF206D10B18A
:101590002046216D884700203EE6000010000240F2
:1015A00010040240085402580146486D704700007C
:1015B0002DE9F84F044600200090FE4800684FF4E3
:1015C0001651B0FBF1FAA66DD4F858803768D8F8F8
:1015D0000090F9492068884249D0F74918312068BD
:1015E000884244D0F4493031206888423FD0F249E3
:1015F0004831206888423AD0EF49603120688842FB
:1016000035D0ED4978312068884230D0EA499031B0
:10161000206888422BD0E849A8312068884226D02B
:10162000E6492068884222D0E4491831206888427F
:101630001DD0E24930312068884218D0DF49483156
:101640002068884213D0DD496031206888420ED07E
:10165000DA4978312068884209D0D8499031206829
:10166000884204D0D549A8312068884201D10120A0
:1016700000E0002000287DD094F85C0000F01F01FD
:10168000082088403840002868D0CB49206888422C
:1016900049D0C94918312068884244D0C649303100
:1016A000206888423FD0C4494831206888423AD0F7
:1016B000C14960312068884235D0BF4978312068FF
:1016C000884230D0BC499031206888422BD0BA493A
:1016D000A8312068884226D0B8492068884222D0A4
:1016E000B6491831206888421DD0B449303120688D
:1016F000884218D0B14948312068884213D0AF4998
:101700006031206888420ED0AC4978312068884228
:1017100009D0AA4990312068884204D0A749A8314D
:101720002068884204D12068006800F0040003E0CB
:101730002068006800F0080080B12068006820F090
:1017400004002168086094F85C0000F01F01082084
:101750008840B060606D40F00100606594F85C0006
:1017600000F01F01012088403840E8B3924920680A
:10177000884200E0B7E24BD08F4918312068884298
:1017800046D08D4930312068884241D08A4948315D
:10179000206888423CD0884960312068884237D030
:1017A000854978312068884232D083499031206859
:1017B00088422DD08049A8312068884228D07F49AE
:1017C0002068884224D07D491831206888421FD083
:1017D0007A493031206888421AD0784948312068E7
:1017E000884215D0754900E026E0603120688842C3
:1017F0000ED0724978312068884209D06F49903103
:101800002068884204D06D49A8312068884204D1FC
:101810002068406900F0800002E020680068002035
:1018200050B194F85C0000F01F0101208840B060C6
:10183000606D40F00200606594F85C0000F01F01EC
:10184000042088403840E8B35B49206888424BD088
:10185000594918312068884246D0574930312068AC
:10186000884241D054494831206888423CD052498E
:1018700060312068884237D04F49783120688842EB
:1018800032D04D499031206888422DD04A49A83144
:101890002068884228D049492068884224D0474996
:1018A0001831206888421FD044493031206888426E
:1018B0001AD0424948312068884215D03F496031EA
:1018C000206800E024E088420ED03C49783120684E
:1018D000884209D0394990312068884204D037497C
:1018E000A8312068884204D12068006800F0020016
:1018F00002E020680068002050B194F85C0000F01D
:101900001F0104208840B060606D40F004006065F5
:1019100094F85C0000F01F01102088403840E8B3C4
:1019200025492068884251D02349183120688842CF
:101930004CD0214930312068884247D01E49483177
:101940002068884242D01C496031206888423DD0DE
:10195000194978312068884238D017499031206879
:10196000884233D01449A831206888422ED01349C8
:10197000206888422AD0114918312068884225D031
:101980000E4930312068884220D00C494831206807
:1019900088421BD009496031206800E04DE0884250
:1019A00014D006497831206888420FD0034990311D
:1019B000206805E0180000241000024010040240D6
:1019C000884203D0FE492068884204D1206800681C
:1019D00000F0080003E02068006800F0040060B335
:1019E00094F85C0000F01F0110208840B06020686F
:1019F000006800F4802080B12068006800F40020B6
:101A000028B9206CC8B12046216C884715E0A06C2D
:101A100098B12046A16C88470FE02068006800F468
:101A2000807028B92068006820F0080021680860EC
:101A3000206C10B12046216C884794F85C0000F0BF
:101A40001F0120208840384000287DD0DD492068D3
:101A5000884249D0DB4918312068884244D0D949AE
:101A60003031206888423FD0D649483120688842CA
:101A70003AD0D44960312068884235D0D149783194
:101A80002068884230D0CF499031206888422BD0DE
:101A9000CC49A8312068884226D0C949A839206895
:101AA000884221D0C6499039206888421CD0C44958
:101AB00078392068884217D0C14960392068884247
:101AC00012D0BF494839206888420DD0BC4930390E
:101AD0002068884208D0BA4918392068884203D063
:101AE000B7492068884204D12068006800F01000DF
:101AF00003E02068006800F0020028B394F85C005E
:101B000000F01F0120208840B06094F835000428C0
:101B10002DD12068006820F0160021680860206838
:101B2000406920F0800021684861206C08B9A06CF1
:101B300028B12068006820F008002168086094F847
:101B40005C0000F01F0100E03FE03F208840B060F3
:101B5000012084F8350000BF002084F8340000BF65
:101B6000206D10B12046216D8847BDE8F88F2068B0
:101B7000006800F4802080B12068006800F4002034
:101B800028B9606C08B32046616C88471DE0E06BA3
:101B9000D8B12046E16B884717E02068006800F460
:101BA000807068B92068006820F010002168086023
:101BB000012084F8350000BF002084F8340000BF05
:101BC000E06B10B12046E16B8847606D00287AD049
:101BD000606D00F00100E8B3042084F83500794915
:101BE000206888424BD0774918312068884246D017
:101BF000744930312068884241D0724948312068A8
:101C000088423CD06F4960312068884237D06D49A6
:101C100078312068884232D06A4990312068884201
:101C20002DD06849A8312068884228D06449A83955
:101C30002068884223D062499039206888421ED0AB
:101C40005F4978392068884219D05D496039206839
:101C5000884200E040E012D0594948392068884263
:101C60000DD0574930392068884208D05449183976
:101C70002068884203D052492068884206D12068F3
:101C8000006820F001002168086005E02068006815
:101C900020F001002168086000BF0098401C0090FF
:101CA000504500D905E02068006800F001000028D8
:101CB000F3D100BF2068006800F0010020B10320CC
:101CC00084F8350003E00DE0012084F8350000BF02
:101CD000002084F8340000BFE06C002802D02046C9
:101CE000E16C8847D9E138492068884222D03649DA
:101CF0001431206888421DD0334928312068884239
:101D000018D031493C312068884213D02E495031D7
:101D1000206888420ED02C4964312068884209D05E
:101D2000294978312068884204D027498C312068BD
:101D3000884201D1012000E000200028D2D0206894
:101D4000056894F85C0000F01F010420884000EA58
:101D50000900D8B305F00400C0B394F85C0000F0AB
:101D60001F0104208840C8F8040005F4004080B139
:101D700005F4803030B9A06C0028B3D02046A16CA7
:101D800088478AE1206C0028ACD02046216C884727
:101D900083E105F02000E8BB0A492068884253D05F
:101DA00008491831206888424ED0064930312068F1
:101DB000884249D0034948312068884244D006E02F
:101DC000B804024010000240085402584FE0B449E1
:101DD00060312068884237D0B14978312068884224
:101DE00032D0AF499031206888422DD0AC49A8311B
:101DF0002068884228D0AB492068884224D0A9496D
:101E00001831206888421FD0A649303120688842A6
:101E10001AD000E025E0A34948312068884213D059
:101E2000A0496031206888420ED09E4978312068F0
:101E3000884209D09B4990312068884204D0994952
:101E4000A8312068884206D12068006820F0080088
:101E50002168086005E02068006820F0040021681F
:101E60000860206C10B32046216C884715E194F877
:101E70005C0000F01F010220884000EA0900E8B37E
:101E800005F00200D0B394F85C0000F01F010220BE
:101E90008840C8F8040005F4004070B105F48030B3
:101EA00028B9606C10B12046616C8847F5E0E06BA2
:101EB000F0B32046E16B8847EFE005F02000C0BB9F
:101EC0007749206888424ED0754918312068884289
:101ED00049D0734930312068884244D07049483134
:101EE000206888423FD06E496031206888423AD0ED
:101EF0006B4978312068884235D000E04EE068496F
:101F00009031206888422ED06549A83120688842E7
:101F100029D064492068884225D062491831206858
:101F2000884220D05F493031206888421BD001E0D0
:101F30006EE02DE05B4948312068884213D0594952
:101F40006031206888420ED0564978312068884236
:101F500009D0544990312068884204D05149A831B1
:101F60002068884206D12068006820F014002168AB
:101F7000086005E02068006820F00A002168086019
:101F8000012084F8350000BF002084F8340000BF31
:101F9000E06BE8B32046E16B88477EE094F85C0094
:101FA00000F01F010820884000EA090080B305F016
:101FB000080068B33A49206888424BD03849183144
:101FC0002068884246D0364930312068884241D066
:101FD00033494831206888423CD03149603120681B
:101FE000884237D02E4978312068884232D02C4937
:101FF0009031206888422DD02949A8312068884234
:1020000028D028492068884224D02649183100E089
:1020100043E0206888421DD0224930312068884240
:1020200018D0204948312068884213D01D496031BA
:10203000206888420ED01B4978312068884209D038
:10204000184990312068884204D01649A831206888
:10205000884206D12068006820F01C0021680860D2
:1020600005E02068006820F00E002168086094F800
:102070005C0000F01F0101208840C8F80400012026
:10208000606584F8350000BF002084F8340000BF8C
:10209000E06C10B12046E16C884700BF65E50000A8
:1020A00010000240100402402DE9F041044600F007
:1020B00087FD804614B90120BDE8F081FE49206803
:1020C000884249D0FC4918312068884244D0FA49F6
:1020D0003031206888423FD0F74948312068884233
:1020E0003AD0F54960312068884235D0F2497831DC
:1020F0002068884230D0F0499031206888422BD047
:10210000ED49A8312068884226D0EC4920688842F1
:1021100022D0EA491831206888421DD0E749303181
:102120002068884218D0E54948312068884213D099
:10213000E2496031206888420ED0E0497831206859
:10214000884209D0DD4990312068884204D0DB49BB
:10215000A8312068884201D1012000E00020002839
:1021600073D0606A00B100BF022084F8350000BF60
:10217000002084F8340000BFCF492068884249D04D
:10218000CD4918312068884244D0CB49303120688D
:1021900088423FD0C8494831206888423AD0C64971
:1021A00060312068884235D0C34978312068884240
:1021B00030D0C1499031206888422BD0BE49A83127
:1021C0002068884226D0BD492068884222D0BB4979
:1021D0001831206888421DD0B849303120688842C3
:1021E00018D0B64948312068884213D0B3496031CD
:1021F000206888420ED0B14978312068884209D0E1
:10220000AE4990312068884204D0AC49A83120689A
:10221000884206D12068006820F00100216808602B
:1022200005E02068006820F00100216808600DE0EA
:1022300000F0C6FCA0EB0800052807D92020606547
:10224000032084F83500012036E76AE02068006842
:1022500000F001000028EBD120680568984805408F
:10226000D4E9020108432169084361690843A1696F
:102270000843E1690843216A08430543606A04286A
:1022800003D1D4E90B01084305438E4800686FF37E
:102290000F00B0F1005F1DD36068292802D3606889
:1022A0002E2811D960683F2802D3606842280BD9D4
:1022B0006068472802D36068482805D960684F28BD
:1022C00004D36068522801D8012000E0002008B142
:1022D00045F48015206805602068456925F00705EC
:1022E000606A0543606A04280DD1A06A0543E06A6C
:1022F00048B12046FEF776FB28B1402060650120FA
:1023000084F83500D8E6206845612046FEF746FA95
:10231000064694F85C0000F01F013F208840B06042
:102320009EE069492068884222D0674914312068BC
:1023300088421DD0644928312068884218D06249FB
:102340003C312068884213D05F4950312068884270
:102350000ED05D4964312068884209D05A497831ED
:102360002068884204D058498C312068884201D1C5
:10237000012000E00020E0B353492068884222D0C9
:1023800051491431206888421DD04F4928312068B6
:10239000884218D04C493C312068884213D04A49C1
:1023A0005031206888420ED0474964312068884205
:1023B00009D0454978312068884204D042498C319F
:1023C0002068884201D1012000E0002000B100BF58
:1023D000022084F8350000BF002084F8340000BFDC
:1023E0002068056839480540A068402802D11021BE
:1023F00006E02EE0A068802801D1C10100E00021A4
:10240000E06841EAD001206941EAD001606941EA0F
:10241000D001A06941EAD001E06941EAD001206A17
:1024200041EA101005432068056027492068401ADA
:102430001421B0FBF1F08000E0652046FEF7AEF914
:10244000074694F85C0000F01F0101208840786086
:1024500006E040206065032084F8350001202BE66B
:102460001549206888427FD0134918312068884276
:102470007AD0114930312068884275D00E494831F0
:102480002068884270D00C496031206888426BD047
:10249000094978312068884266D007499031206820
:1024A000884261D00449A831206888425CD0034941
:1024B0002068884258D00BE010000240100402400F
:1024C0003F8010FE0010005C085402580F00FEFF11
:1024D0003B4918312068884246D03949303120685C
:1024E000884241D036494831206888423CD034493E
:1024F00060312068884237D031497831206888427D
:1025000032D02F499031206888422DD02C49A831F3
:102510002068884228D02B492068884224D0294945
:102520001431206888421FD026492831206888420B
:102530001AD024493C312068884215D021495031B5
:102540002068884210D01F496431206888420BD02F
:102550001C4978312068884206D01A498C3120689D
:10256000884200E000E001D1012000E0002000B33B
:102570002046FEF789F9A068802801D1002060601C
:102580002079216E0860D4E919104860606860B154
:102590006068082809D82046FEF7D8F90020E16EC7
:1025A0000860D4E91C10486003E00020E066206762
:1025B000606700206065012084F8350000207BE51D
:1025C00010040240085402582DE9F04104460D461B
:1025D00016461F464FF0000814B90120BDE8F081EF
:1025E00000BF94F83400012801D10220F6E7012051
:1025F00084F8340000BF94F8350001287ED1022011
:1026000084F8350000206065E4492068884249D09C
:10261000E24918312068884244D0E04930312068CE
:1026200088423FD0DD494831206888423AD0DB49B2
:1026300060312068884235D0D84978312068884296
:1026400030D0D6499031206888422BD0D349A83168
:102650002068884226D0D2492068884222D0D049BA
:102660001831206888421DD0CD4930312068884219
:1026700018D0CB4948312068884213D0C84960310E
:10268000206888420ED0C64978312068884209D037
:10269000C34990312068884204D0C149A8312068DC
:1026A000884206D12068006820F001002168086097
:1026B00005E02068006820F00100216808603B46C2
:1026C000324629462046FEF7E5F9B449206888429B
:1026D0004BD0B24918312068884246D0AF493031DA
:1026E0002068884241D0AD494831206888423CD0BA
:1026F000AA4960312068884237D000E042E1A7490A
:1027000078312068884230D0A449903120688842CE
:102710002BD0A249A8312068884226D0A049206841
:10272000884222D09E491831206888421DD09C4999
:1027300030312068884218D0994948312068884251
:1027400013D097496031206888420ED0944978317F
:102750002068884209D0924990312068884204D08C
:102760008F49A8312068884201D1012000E0002073
:1027700080B12068006820F01E0040F0160021683B
:102780000860206CB0B12068006840F00800216843
:1027900008600FE02068006820F00E0040F00A009A
:1027A00021680860206C28B12068006840F00400AF
:1027B0002168086079492068884270D077491831CB
:1027C000206888426BD0754930312068884266D0D5
:1027D000724948312068884261D070496031206870
:1027E00088425CD06D4978312068884257D06B4967
:1027F00090312068884252D06849A83120688842C8
:102800004DD067492068884249D065491831206811
:10281000884244D062493031206888423FD06049C4
:102820004831206888423AD05D496031206888424A
:1028300035D05B4978312068884230D05849903192
:10284000206888422BD05649A8312068884226D07B
:1028500054492068884222D0524914312068884265
:102860001DD0504928312068884218D04D493C314C
:102870002068884213D04B495031206888420ED0DE
:10288000484964312068884209D046497831206837
:10289000884204D043498C312068884201D101200C
:1028A00000E0002090B1206E006800F4803028B174
:1028B000206E006840F48070216E0860E06E28B1E0
:1028C000E06E006840F48070E16E08603349206873
:1028D000884249D0314918312068884244D02F4974
:1028E0003031206888423FD02C49483120688842E6
:1028F0003AD02A4960312068884235D0274978315A
:102900002068884230D025499031206888422BD0F9
:102910002249A8312068884226D02149206888426F
:1029200022D01F491831206888421DD01C493031FF
:102930002068884218D01A4948312068884213D04C
:1029400017496031206888420ED0154978312068D7
:10295000884209D0124990312068884204D0104939
:10296000A8312068884206D12068006840F0010044
:102970002168086010E02068006840F001002168CC
:10298000086009E04FF40060606500BF002084F833
:10299000340000BF4FF0010840461FE6100002401F
:1029A0001004024008540258F8B502460B460021B4
:1029B0006F4DD7E001278F401E6806EA0704002C00
:1029C00072D01E7906F00306012E04D01E7906F09F
:1029D0000306022E13D190684F000326BE40B04379
:1029E0004F00DE68BE4030439060506801268E4044
:1029F000B0431E79C6F300168E40304350601E79F6
:102A000006F00306032E09D0D0684F000326BE400F
:102A1000B0434F009E68BE403043D0601E7906F040
:102A20000306022E13D1CF0802F1200656F8270024
:102A30004E07F70E0F26BE40B0434F07FF0E1E692C
:102A4000BE403043CF0802F1200646F82700106848
:102A50004F000326BE40B0431E7906F003064F0028
:102A6000BE40304310605E6806F44036002E78D0D9
:102A700000BF404E366846F002063E4F3E603E467E
:102A8000366806F00206009600BF00BF3A4E8F0877
:102A900056F827008E07370F0F26BE40B043374E3B
:102AA000B24202D100262EE05BE0354EB24201D1A7
:102AB000012628E0334EB24201D1022623E0324EF5
:102AC000B24201D103261EE0304EB24201D10426AB
:102AD00019E02F4EB24201D1052614E02D4EB2422C
:102AE00001D106260FE02C4EB24201D107260AE0A2
:102AF0002A4EB24201D1082605E0294EB24201D148
:102B0000092600E00A268F073F0FBE4030431A4EC9
:102B10008F0846F827004FF0B0463068A0435E6843
:102B200006F4801606B120434FF0B046306070685E
:102B3000A0435E6806F4001606B120434FF0B0468D
:102B400070606868A0435E6806F4003606B12043F2
:102B500068602868A0435E6806F4803606B12043AA
:102B60002860491C1E68CE40002E7FF423AFF8BDBC
:102B700080000058F444025808040058000002582D
:102B80000004025800080258000C025800100258B5
:102B90000014025800180258001C02580020025865
:102BA00000240258024613690B400BB1012000E0DB
:102BB0000020704701480068000C70470010005C5E
:102BC00001480068704700000C00002403480068BA
:102BD0000349097808440149086070470C00002443
:102BE0001400002410B5032000F04AF901F092FC13
:102BF00010490968C1F303210F4A515C01F01F011C
:102C000020FA01F40B48006800F00F001146085C40
:102C100000F01F0024FA00F008490860084804602A
:102C20000F2000F00FF808B1012010BD00F0BEF831
:102C30000020FAE718440258A0C000081C00002435
:102C400018000024F0B58BB00446102C0AD20022E4
:102C500021461C2000F0D6F81C2000F0BFF81D48CB
:102C6000046002E001200BB0F0BD00BF1A4800680C
:102C700040F00100184908600846006800F00100B3
:102C8000019000BF00BF02A903A801F0C3FB089E8A
:102C90001EB901F01BFC054602E001F017FC4500DF
:102CA0000E48B5FBF0F0471E4FF080400C4908601D
:102CB00040F2E7310A48C16047600021016181604C
:102CC00002F02EFA18B9064802F07AFACBE7012092
:102CD000C9E7000010000024E844025840420F00F9
:102CE000680700244178154A1160144908310968C1
:102CF00021F00101114A08321160121F4168116070
:102D0000017B0907C27A41EA0261827A41EAC24143
:102D1000427B41EA8241827B41EA4241C27B41EAF5
:102D20000241427A41EA0221027A41EA42010278F2
:102D30001143024A083211607047000098ED00E02C
:102D400000BF00BF00BFBFF35F8F00BF00BF00BF69
:102D50000548006820F480300349086000200249DB
:102D6000703108607047000024ED00E040F0010180
:102D70000D4A11600C497039096841F480310A4AE2
:102D8000703A116000BF00BF00BFBFF34F8F00BF9C
:102D900000BF00BF00BF00BF00BFBFF36F8F00BF09
:102DA00000BF00BF7047000094ED00E008B500BF11
:102DB0000948006840F002000749086008460068BA
:102DC00000F00200009000BF00BF00220F21901E03
:102DD00000F018F808BD0000F44402580146084607
:102DE00000280DDB00BF00BF00F01F0301229A4046
:102DF00043099B0003F1E023C3F8002100BF00BF9B
:102E000000BF70472DE9F05F80460D46164606F07C
:102E100063FF074639462A46334601F00700C0F1F2
:102E2000070ABAF1040F02D94FF0040A01E0C0F119
:102E3000070AD14600F1040ABAF1070F02D24FF097
:102E4000000A01E0A0F1030AD4464FF0010A0AFA91
:102E500009FAAAF1010A0AEA020A0AFA0CFA4FF080
:102E6000010B0BFA0CFBABF1010B0BEA030B4AEA6B
:102E70000B042146404606F037FFBDE8F09F0000F6
:102E800000BF00F00702064B19684FF6FF03194018
:102E9000044B0B4343EA0221014B196000BF70470A
:102EA0000CED00E00000FA0570B504461548006816
:102EB000C0F3800048B91348006800F00700A04242
:102EC00001D0012070BD0020FCE70E48006820F012
:102ED000070020430B490860FFF772FE054607E034
:102EE000FFF76EFE401BB0F57A7F01D90120E9E7BC
:102EF000044808380068C0F340300028F0D00020B3
:102F0000E0E700000C48025810B501F0B9FA054995
:102F10000968C1F30211044A515C01F01F01C84065
:102F200010BD000020440258A0C0000870B5014642
:102F3000844D2D6805F00303824D2D68C5F30530DF
:102F4000804D2D1D2D68C5F300147E4D14352D6860
:102F5000C5F3CC0515FB04F501EE105AB8EE411A85
:102F6000F0EE410A00286FD023B1012B4ED0022B86
:102F70006BD16BE0734D283D2D68C5F340153DB313
:102F8000704D283D2D68C5F3C1066F4D25FA06F238
:102F900001EE102AF8EE411A01EE100AB8EE411ABD
:102FA00081EE812A9FED691AC0EE811A654D1035B8
:102FB0002D68C5F3080501EE105AB8EE411A31EE3E
:102FC000811AF7EE001A31EE211A22EE010A1CE0F6
:102FD00001EE100AB8EE411ADFED5D1A81EE812A8A
:102FE0009FED5A1AC0EE811A564D10352D68C5F363
:102FF000080501EE105AB8EE411A31EE811AF7EECB
:10300000001A31EE211A22EE010A5BE001EE100AED
:10301000B8EE411ADFED4F1A81EE812A9FED4B1A6F
:10302000C0EE811A474D10352D68C5F3080501EE35
:10303000105AB8EE411A31EE811AF7EE001A31EE4D
:10304000211A22EE010A3DE077E01DE001EE100AB0
:10305000B8EE411A9FED402AC2EE011A9FED3B1ACD
:1030600080EE812A374D10352D68C5F3080501EE35
:10307000105AB8EE411A32EE011AB7EE002A31EEBC
:10308000021A21EE810A1DE001EE100AB8EE411A83
:10309000DFED301A81EE812A9FED2C1AC0EE811AE5
:1030A000284D10352D68C5F3080501EE105AB8EE0D
:1030B000411A31EE811AF7EE001A31EE211A22EE92
:1030C000010A00BF00BF1F4D10352D68C5F346250E
:1030D00001EE105AB8EE411AF7EE001A31EE211A3D
:1030E000C0EE011ABCEEE11A81ED001A154D103543
:1030F0002D68C5F3064501EE105AB8EE411AF7EEF9
:10310000001A31EE211AC0EE011ABCEEE11A81ED6F
:10311000011A0C4D10352D68C5F3066501EE105AE5
:10312000B8EE411AF7EE001A31EE211AC0EE011A7C
:10313000BCEEE11A81ED021A03E000250D604D603E
:103140008D6070BD284402580090D00300000046F6
:103150000024744C0024744A20BCBE4B70B5014658
:10316000844D2D6805F00303824D2D68C5F305508D
:10317000804D2D1D2D68C5F300247E4D1C352D6816
:10318000C5F3CC0515FB04F501EE105AB8EE411A53
:10319000F0EE410A00286FD023B1012B4ED0022B54
:1031A0006BD16BE0734D283D2D68C5F340153DB3E1
:1031B000704D283D2D68C5F3C1066F4D25FA06F206
:1031C00001EE102AF8EE411A01EE100AB8EE411A8B
:1031D00081EE812A9FED691AC0EE811A654D18357E
:1031E0002D68C5F3080501EE105AB8EE411A31EE0C
:1031F000811AF7EE001A31EE211A22EE010A1CE0C4
:1032000001EE100AB8EE411ADFED5D1A81EE812A57
:103210009FED5A1AC0EE811A564D18352D68C5F328
:10322000080501EE105AB8EE411A31EE811AF7EE98
:10323000001A31EE211A22EE010A5BE001EE100ABB
:10324000B8EE411ADFED4F1A81EE812A9FED4B1A3D
:10325000C0EE811A474D18352D68C5F3080501EEFB
:10326000105AB8EE411A31EE811AF7EE001A31EE1B
:10327000211A22EE010A3DE077E01DE001EE100A7E
:10328000B8EE411A9FED402AC2EE011A9FED3B1A9B
:1032900080EE812A374D18352D68C5F3080501EEFB
:1032A000105AB8EE411A32EE011AB7EE002A31EE8A
:1032B000021A21EE810A1DE001EE100AB8EE411A51
:1032C000DFED301A81EE812A9FED2C1AC0EE811AB3
:1032D000284D18352D68C5F3080501EE105AB8EED3
:1032E000411A31EE811AF7EE001A31EE211A22EE60
:1032F000010A00BF00BF1F4D18352D68C5F34625D4
:1033000001EE105AB8EE411AF7EE001A31EE211A0A
:10331000C0EE011ABCEEE11A81ED001A154D183508
:103320002D68C5F3064501EE105AB8EE411AF7EEC6
:10333000001A31EE211AC0EE011ABCEEE11A81ED3D
:10334000011A0C4D18352D68C5F3066501EE105AAB
:10335000B8EE411AF7EE001A31EE211AC0EE011A4A
:10336000BCEEE11A81ED021A03E000250D604D600C
:103370008D6070BD284402580090D00300000046C4
:103380000024744C0024744A20BCBE4B2DE9F0414B
:1033900004460025A8464FF00062D4E90010114011
:1033A0000020134659404040014331D1A06E48B13E
:1033B000B0F5801F0DD0B0F5001F11D0B0F5401F43
:1033C00016D114E0F948006840F40030F74908606D
:1033D00010E0022104F1080004F0B6FE054609E001
:1033E000022104F1280004F061FF054602E001E03B
:1033F000012500BF00BF55B9EC482430006820F417
:103400004010A16E0843E9492431086000E0A84655
:103410004FF48073D4E90010194000205940404017
:1034200001432ED1A06D05281BD2DFE800F0030A6E
:1034300011181900DD48006840F40030DB490860CD
:1034400011E0002104F1080004F07EFE05460AE0C8
:10345000002104F1280004F029FF054603E002E002
:1034600001E0012500BF00BF55B9D04824300068F5
:1034700020F00700A16D0843CC492431086000E02A
:10348000A8464FF40073D4E90010194000205940B9
:103490004040014334D1E06D802818D003DC40B1B6
:1034A00040281DD10CE0C02818D0B0F5807F17D17E
:1034B00015E0BE48006840F40030BC49086011E0E7
:1034C000002104F1080004F03FFE05460AE0002157
:1034D00004F1280004F0EAFE054603E002E001E002
:1034E000012500BF00BF55B9B0482430006820F462
:1034F000E070E16D0843AD492431086000E0A84662
:103500004FF48063D4E90010194000205940404036
:10351000014339D1D4F8A800B0F5800F1AD004DCEB
:1035200050B1B0F5001F1ED10DE0B0F5C00F18D09E
:10353000B0F5000F17D115E09C48006840F400304A
:103540009A49086011E0002104F1080004F0FCFD34
:1035500005460AE0002104F1280004F0A7FE054614
:1035600003E002E001E0012500BF00BF5DB98F4824
:103570002C30006820F46000D4F8A81008438B4970
:103580002C31086000E0A8464FF40062D4E9001036
:1035900011400020134659404040014339D1D4F82E
:1035A000AC00B0F1007F1AD004DC50B1B0F1807FE4
:1035B0001ED10DE0B0F1407F18D0B0F1806F17D16F
:1035C00015E07A48006840F400307849086011E05E
:1035D000002104F1080004F0B7FD05460AE00021CF
:1035E00004F1280004F062FE054603E002E001E079
:1035F000012500BF00BF5DB96C482C30006820F089
:10360000E060D4F8AC10084368492C31086000E051
:10361000A8464FF00073D4E900011840002158403B
:103620004940084328D1E06CA8B1102804D02028D4
:1036300009D0302810D10DE05C48006840F400301B
:103640005A4908600AE0022104F1080004F07CFDF8
:10365000054603E002E001E0012500BF00BF55B9C7
:1036600052482030006820F03000E16C08434F4998
:103670002031086000E0A8464FF48053D4E90010E0
:103680001940002059404040014337D1206EB0F529
:10369000005F1AD004DC50B1B0F5805F1ED10DE0A0
:1036A000B0F5405F18D0B0F5804F17D115E03F4816
:1036B000006840F400303D49086011E0002104F149
:1036C000080004F041FD05460AE0002104F128004D
:1036D00004F0ECFD054603E002E001E0012500BF37
:1036E00000BF55B931482430006820F4E040216E15
:1036F00008432E492431086000E0A8464FF40053E7
:10370000D4E900101940002059404040014335D110
:10371000606EB0F5403F1ED007DC68B1B0F5803F69
:103720000BD0B0F5003F19D10EE0B0F5802F13D0CB
:10373000B0F5A02F12D110E012E0012104F1080031
:1037400004F002FD05460BE0012104F1280004F01D
:10375000ADFD054604E003E002E001E0012500BF05
:1037600000BF55B911482430006820F4E020616E94
:1037700008430E492431086000E0A8464FF4804316
:10378000D4E900011840002158404940084337D18E
:10379000D4F8B000B0F1405F20D009DC78B1B0F1CE
:1037A000805F0DD0B0F1005F1BD110E02C440258B7
:1037B000B0F1804F13D0B0F1A04F12D110E012E061
:1037C000012104F1080004F0BFFC05460BE00121D3
:1037D00004F1280004F06AFD054604E003E002E07D
:1037E00001E0012500BF00BF4DB9FE48006820F090
:1037F000E040D4F8B0100843FA49086000E0A84659
:103800004FF40042D4E90010114000201346594003
:103810004040014329D1206FB0B1B0F1805F03D0A7
:10382000B0F1005F11D108E0EE482C38006840F498
:103830000030EC492C39086009E0012104F108004E
:1038400004F082FC054602E001E0012500BF00BF54
:1038500055B9E4480838006820F04050216F08430B
:10386000E0490839086000E0A8464FF08072D4E9CA
:1038700000101140002013465940404001432AD116
:10388000A06CB8B1012804D002280BD0032812D1B3
:103890000FE0D4482C38006840F40030D1492C396E
:1038A00008600AE0022104F1080004F04DFC05461E
:1038B00003E002E001E0012500BF00BF55B9C9489F
:1038C0000C38006820F00300A16C0843C5490C398E
:1038D000086000E0A8464FF48002D4E900011040DF
:1038E000002113465840494008437DD1BE48006836
:1038F00040F48070BC490860FFF762F9064606E0B4
:10390000FFF75EF9801B642801D9032505E0B6485E
:10391000006800F480700028F2D000BF85BBB14879
:103920001830006800F44070B4F8B41001F440712D
:10393000884213D0AB481830006820F44077A9487B
:103940001830006840F48030A649183108600846F5
:10395000006820F48030086008460760D4F8B4009E
:10396000B0F5807F15D1FFF72BF9064609E0FFF788
:1039700027F9801B41F28831884202D9032507E0EC
:1039800038E0984818300068C0F340000028EED0B6
:1039900000BF55BB00BFB4F8B40000F44070B0F5F0
:1039A000407F0ED18F484838006820F47C518F4A00
:1039B000D4F8B400104041EA10108A494839086030
:1039C00007E088484838006820F47C508549483929
:1039D0000860844818300068B4F8B410C1F30B01D3
:1039E00008438049183101E005E001E0086002E089
:1039F000A84600E0A8460122D4E9000110400021B9
:103A0000134658404940084330D1E06F18281AD077
:103A100005DC48B1082808D0102817D10CE0202870
:103A200012D0282812D110E012E0012104F1080080
:103A300004F08AFB05460BE0012104F1280004F0A4
:103A400035FC054604E003E002E001E0012500BF8B
:103A500000BF55B96348001F006820F03800E16FCF
:103A600008436049091F086000E0A8460222D4E923
:103A7000000110400021134658404940084329D115
:103A8000A06F062816D2DFE800F003040B1213140F
:103A900012E0012104F1080004F056FB05460BE09A
:103AA000012104F1280004F001FC054604E003E0D4
:103AB00002E001E0012500BF00BF55B94948001FE1
:103AC000006820F00700A16F08434649091F0860FD
:103AD00000E0A8460423D4E9001019400020594012
:103AE0004040014329D1D4F89400062816D2DFE8DB
:103AF00000F003040B12131412E0012104F108007A
:103B000004F022FB05460BE0012104F1280004F03B
:103B1000CDFB054604E003E002E001E0012500BF23
:103B200000BF4DB92F48006820F00700D4F894106A
:103B300008432C49086000E0A8462023D4E900018E
:103B40001840002158404940084337D1D4F890002C
:103B5000B0F1405F1ED007DC68B1B0F1805F0BD0E0
:103B6000B0F1005F19D10EE0B0F1804F13D0B0F189
:103B7000A04F12D110E012E0002104F1080004F07F
:103B8000E3FA05460BE0022104F1280004F08EFB65
:103B9000054604E003E002E001E0012500BF00BFAC
:103BA0005DB91048001F006820F0E040D4F8901084
:103BB00008430C49091F086000E0A8464023D4E9E7
:103BC0000010194000205940404001433CD1D4F836
:103BD0009C00B0F5406F25D00EDCA0B1B0F5806F31
:103BE00012D005E05844025800480258FFFCFF0F6D
:103BF000B0F5006F19D10EE0B0F5805F13D0B0F5CD
:103C0000A05F12D110E012E0002104F1080004F0DE
:103C10009BFA05460BE0022104F1280004F046FB64
:103C2000054604E003E002E001E0012500BF00BF1B
:103C30004DB9FE48006820F4E050D4F89C100843C9
:103C4000FA49086000E0A8468023D4E90010194032
:103C5000002059404040014335D1D4F8A000B0F5D0
:103C6000C04F1ED007DC68B1B0F5005F0BD0B0F5D7
:103C7000804F19D10EE0B0F5004F13D0B0F5204FB2
:103C800012D110E012E0002104F1080004F05CFA07
:103C900005460BE0022104F1280004F007FB05466D
:103CA00004E003E002E001E0012500BF00BF4DB9E0
:103CB000DE48006820F46040D4F8A0100843DB49D7
:103CC000086000E0A8460823D4E90010194000204D
:103CD00059404040014317D1D4F88400B0F5805FCB
:103CE00007D1022104F1280004F0E0FA08B14FF0F6
:103CF0000108CE48001F006820F44050D4F884101A
:103D00000843CA49091F08601023D4E9001019406C
:103D1000002059404040014315D1D4F89800B0F537
:103D2000807F07D1022104F1280004F0BFFA08B116
:103D30004FF00108BD48006820F44070D4F8981096
:103D40000843BA4908604FF40022D4E9000110404A
:103D50000021134658404940084327D1D4F8A40015
:103D600030B1B0F5803F0AD0B0F5003F0FD10DE083
:103D7000002104F1080004F0E7F9054609E00221FA
:103D800004F1280004F092FA054602E001E0012562
:103D900000BF00BF4DB9A548006820F44030D4F8FA
:103DA000A4100843A149086000E0A8464FF480230E
:103DB000D4E90001184000215840494008432DD162
:103DC000D4F88800B0F5801F06D0B0F5001F0CD0E5
:103DD000B0F5401F11D10FE094482C38006840F432
:103DE000003092492C39086009E0012104F12800D3
:103DF00004F05CFA054602E001E0012500BF00BFC7
:103E00005DB98A48001F006820F44010D4F888107B
:103E100008438649091F086000E0A8464FF4803235
:103E2000D4E900011040002113465840494008439E
:103E300025D1206D18B1B0F5803F10D108E07B4846
:103E40002C38006840F4003078492C39086008E0CC
:103E5000022104F1080004F077F9054601E001258C
:103E600000BF00BF55B971480C38006820F480309D
:103E7000216D08436D490C39086000E0A8464FF0F9
:103E80000052D4E900101140002013465940404030
:103E9000014307D1022104F1280004F007FA08B118
:103EA0004FF001084FF40033D4E90001184000211D
:103EB00058404940084329D1D4F88000A0B1B0F55A
:103EC000807F06D0B0F5007F0CD0B0F5407F0CD1DC
:103ED00009E056482C38006840F4003053492C392A
:103EE000086004E003E002E001E0012500BF00BF3C
:103EF0005DB94E48001F006820F44070D4F880106F
:103F000008434A49091F086000E0A8464FF48012A0
:103F1000D4E90010114000201346594040400143AD
:103F200009D142480838006820F00040616F08431A
:103F30003E49083908604FF08052D4E90010114022
:103F4000002013465940404001430AD137484838C1
:103F5000006820F48040D4F8B81008433349483949
:103F600008604FF40012D4E90010114000201346FD
:103F700059404040014309D12C480838006820F0DE
:103F80008070E16E08432949083908604FF080428B
:103F9000D4E900101140002013465940404001432D
:103FA00011D100BF21484838006820F400401F4963
:103FB0004839086008460068D4F8BC1008431B491B
:103FC0004839086000BF4FF00042D4E900101140AA
:103FD0000020134659404040014309D113480C3892
:103FE000006820F04050616D084310490C390860AA
:103FF0004FF40002D4E9001011400020134659404C
:10400000404001430AD10948001F006820F44000E5
:10401000D4F88C1008430549091F086001230021CA
:104020006068184001224940504001E0584402585D
:10403000014306D104F1080004F086F8054605B1F5
:10404000A8460222002160681040494050400143C8
:1040500007D1012104F1080004F076F8054605B106
:10406000A8460423002061681940042240405140C2
:10407000084307D1022104F1080004F065F8054661
:1040800005B1A8460823002160681840082249406D
:104090005040014306D104F1280004F007F9054619
:1040A00005B1A846102200216068104049405040E8
:1040B000014307D1012104F1280004F0F7F8054677
:1040C00005B1A846202200206168114040405140BF
:1040D000084307D1022104F1280004F0E7F805465F
:1040E00005B1A846B8F1000F02D10020BDE8F0816B
:1040F0000120FBE72DE9F04104460D4614B90120EB
:10410000BDE8F081BD48006800F00F00A8420ED263
:10411000BA48006820F00F002843B84908600846F4
:10412000006800F00F00A84201D00120E8E72078E5
:1041300000F0040004280ED1B1492069096801F09B
:104140007001884207D9AE48006820F070002169EC
:104150000843AB490860207800F00800082811D116
:10416000A749091D6069096801F07001884209D9F1
:10417000A348001D006820F0700061690843A04951
:10418000091D0860207800F01000102811D19C490A
:10419000091DA069096801F4E061884209D99848BD
:1041A000001D006820F4E060A16908439449091DDE
:1041B0000860207800F02000202811D190490831B3
:1041C000E069096801F07001884209D98C4808301B
:1041D000006820F07000E1690843894908310860EF
:1041E000207800F0020002280ED18549E0680968B5
:1041F00001F00F01884207D98148006820F00F00C4
:10420000E16808437E490860207800F0010000283A
:1042100050D07B48006820F47060A168084378495A
:1042200008606068022807D1754818380068C0F334
:104230004040F8B9012063E76068032807D170485F
:1042400018380068C0F34060A0B9012058E76068E2
:10425000012807D16A4818380068C0F3002048B91F
:1042600001204DE7664818380068C0F3800008B99F
:10427000012045E762480838006820F007006168BF
:1042800008435F4908390860FEF79AFC064608E0D3
:10429000FEF796FC801B41F28831884201D9032049
:1042A0002EE757480838006800F038006168B0EB26
:1042B000C10FEDD1207800F0020002280ED1504944
:1042C000E068096801F00F01884207D24C48006895
:1042D00020F00F00E168084349490860474800683A
:1042E00000F00F00A8420ED94448006820F00F00EB
:1042F0002843424908600846006800F00F00A842C1
:1043000001D00120FCE6207800F0040004280ED142
:104310003B492069096801F07001884207D238489A
:10432000006820F070002169084335490860207852
:1043300000F00800082811D13149091D6069096899
:1043400001F07001884209D22D48001D006820F05C
:104350007000616908432A49091D0860207800F04F
:104360001000102811D12649091DA069096801F41F
:10437000E061884209D22248001D006820F4E06014
:10438000A16908431E49091D0860207800F020003B
:10439000202811D11A490831E069096801F070013B
:1043A000884209D216480830006820F07000E169A0
:1043B000084313490831086000F0ACF81049096857
:1043C000C1F303210F4A515C01F01F0120FA01F7EC
:1043D0000B48006800F00F001146085C00F01F0059
:1043E00027FA00F008490860084807600848006894
:1043F000FEF728FC8046404682E60000002000527E
:1044000018440258A0C000081C0000241800002412
:10441000100000243F220260174A126802F00702CF
:104420004260154A0832126802F470628260124AD1
:104430000832126802F00F02C2600F4A0832126896
:1044400002F0700202610C4A0C32126802F0700233
:104450004261094A0C32126802F4E0628261064A43
:104460001032126802F07002C261044A126802F04F
:104470000F020A60704700001044025800200052EA
:1044800010B500F047F80D490968C1F303210C4A43
:10449000515C01F01F0120FA01F40848006800F0A7
:1044A0000F001146085C00F01F0024FA00F00549D7
:1044B0000860054804600846006810BD18440258AA
:1044C000A0C000081C0000241800002400B5FFF75D
:1044D000D7FF05490968C1F30211044A515C01F094
:1044E0001F01C84000BD00001C440258A0C00008C5
:1044F00000B5FFF7C5FF05490968C1F30221044A69
:10450000515C01F01F01C84000BD00001C4402586E
:10451000A0C00008F0B5824E366806F0380636B105
:10452000082E15D0102E15D0182E7DD114E07C4EFB
:10453000103E3668C6F3401646B1794E103E3668D6
:10454000C6F3C107774E26FA07F000E07548E5E0AC
:104550007548E3E07548E1E0714E1836366806F0BC
:1045600003046F4E18363668C6F305116C4E1C36C0
:10457000366806F001056A4E24363668C6F3CC0666
:1045800016FB05F601EE106AB8EE410A002971D05B
:1045900024B1012C50D0022C6DD16DE0604E103E44
:1045A0003668C6F340163EB35D4E103E3668C6F31D
:1045B000C1075C4E26FA07F301EE103AF8EE411AF5
:1045C00001EE101AB8EE411A81EE812A9FED581AB9
:1045D000C0EE011A524E20363668C6F3080601EEC8
:1045E000106AB8EE411A31EE811AF7EE001A31EE78
:1045F000211A62EE010A1EE001EE101AB8EE411A0D
:10460000DFED4C1A81EE812A9FED491AC0EE011AA6
:10461000434E20363668C6F3080601EE106AB8EE3F
:10462000411A31EE811A00E076E0F7EE001A31EE21
:10463000211A62EE010A5BE001EE101AB8EE411A8F
:104640009FED3D2AC2EE011A9FED391A80EE012A34
:10465000334E20363668C6F3080601EE106AB8EE0F
:10466000411A32EE011AB7EE002A31EE021A61EE5B
:10467000810A3DE04EE01DE001EE101AB8EE411A4D
:10468000DFED2E1A81EE812A9FED291AC0EE011A64
:10469000234E20363668C6F3080601EE106AB8EEDF
:1046A000411A31EE811AF7EE001A31EE211A62EE4C
:1046B000010A1DE001EE101AB8EE411A9FED1E2A04
:1046C000C2EE011A9FED1A1A80EE012A144E20360E
:1046D0003668C6F3080601EE106AB8EE411A32EEEB
:1046E000011AB7EE002A31EE021A61EE810A00BF0C
:1046F00000BF0B4E20363668C6F34626721C01EE0C
:10470000102AB8EE411AC0EE811ABCEEE11A11EE81
:10471000100A00E0002001E0034800BF00BFF0BD28
:10472000104402580090D00300093D0040787D01FC
:10473000000000460024744C0024744A20BCBE4B88
:104740002DE9F047044614B90120BDE8F087207830
:1047500000F00100002870D0FA48006800F0380826
:10476000F8481830D0F80090B8F1100F06D0B8F122
:10477000180F0FD109F0030002280BD1F1481038AF
:104780000068C0F3404000286AD06068002867D104
:104790000120DAE700BF6068B0F5803F08D1E94842
:1047A0001038006840F48030E649103908602EE087
:1047B000606868B9E3481038006820F48030E14947
:1047C000103908600846006820F4802008601EE068
:1047D0006068B0F5A02F0DD1DA481038006840F4B9
:1047E0008020D849103908600846006840F48030BD
:1047F00008600CE0D3481038006820F48030D149BC
:10480000103908600846006820F48020086000BF66
:10481000606898B1FEF7D4F9054606E0FEF7D0F9D6
:10482000401B642801D903208FE7C6481038006870
:10483000C0F340400028F1D012E012E0FEF7C0F9CA
:10484000054606E0FEF7BCF9401B642801D90320A9
:104850007BE7BC4810380068C0F340400028F1D125
:1048600000BF207800F00200022874D1B54800682B
:1048700000F03808B3481830D0F80090B8F1000FB5
:1048800005D0B8F1180F56D109F00300D0BBAD48E0
:1048900010380068C0F3800018B1E06808B9012042
:1048A00053E7A8481038006820F01900E168084371
:1048B000A44910390860FEF783F9054606E0FEF7C3
:1048C0007FF9401B022801D903203EE79D4810389C
:1048D0000068C0F380000028F1D000BFFEF76AF93D
:1048E00041F2030188421AD8206940280BD195482B
:1048F0000C38006820F47C3040F4003091490C39C9
:10490000086017E017E08F480C38006820F47C300E
:10491000216940EA01308B490C3908600AE0894876
:104920000C38006820F0FE40217C40EA0160854997
:104930000C39086066E0E06888B382481038006887
:1049400020F01900E16808437E4910390860FEF73D
:1049500037F9054607E056E0FEF732F9401B02281A
:1049600001D90320F1E6774810380068C0F38000D1
:104970000028F1D000BFFEF71DF941F20301884283
:104980001AD8206940280BD16E480C38006820F4F2
:104990007C3040F400306B490C39086017E017E0B8
:1049A00068480C38006820F47C30216940EA013006
:1049B00064490C3908600AE062480C38006820F04D
:1049C000FE40217C40EA01605E490C39086019E034
:1049D0005C481038006820F001005A49103908601E
:1049E000FEF7EEF8054606E0FEF7EAF8401B02285F
:1049F00001D90320A9E6534810380068C0F38000AD
:104A00000028F1D100BF207800F0100010287CD1E0
:104A10004C48006800F038084A481830D0F8009038
:104A2000B8F1080F06D0B8F1180F3DD109F0030016
:104A3000012839D1434810380068C0F3002020B164
:104A4000E069802801D001207FE600BFFEF7B2F8C0
:104A500041F2030188421AD8206A20280AD1394835
:104A60000C38006820F0F84040F0804035490C399F
:104A7000086018E033480C38006820F0F84094F8DB
:104A8000201040EA81602F490C3908600BE02D4866
:104A9000001F006820F07C5094F8201040EA01606C
:104AA0002849091F086066E0E06978B32548103896
:104AB000006840F08000234910390860FEF780F854
:104AC000054606E0FEF77CF8401B022801D90320CA
:104AD0003BE61C4810380068C0F300200028F1D0E5
:104AE00000BFFEF767F841F2030188421CD8206A34
:104AF00020280CD113480C38006820F0F84040F012
:104B0000804010490C3908601AE035E01CE00D487F
:104B10000C38006820F0F84094F8201040EA8160DA
:104B200008490C3908600BE00648001F006820F0B7
:104B30007C5094F8201040EA01600249091F086087
:104B400019E0000010440258FA48006820F0800084
:104B5000F8490860FEF734F8054606E0FEF730F83D
:104B6000401B022801D90320EFE5F2480068C0F39A
:104B700000200028F2D100BF207800F008000828AB
:104B800036D16069D0B1EB487430006840F0010064
:104B9000E84974310860FEF713F8054606E0FEF7B1
:104BA0000FF8401B022801D90320CEE5E1487430FC
:104BB0000068C0F340000028F1D019E0DD487430EF
:104BC000006820F00100DB4974310860FDF7F8FF50
:104BD000054606E0FDF7F4FF401B022801D903203B
:104BE000B3E5D44874300068C0F340000028F1D128
:104BF000207800F02000202830D1A069B8B1CD483D
:104C0000006840F48050CB490860FDF7D9FF0546A5
:104C100006E0FDF7D5FF401B022801D9032094E5EB
:104C2000C4480068C0F340300028F2D016E0C14804
:104C3000006820F48050BF490860FDF7C1FF0546B9
:104C400006E0FDF7BDFF401B022801D903207CE5EB
:104C5000B8480068C0F340300028F2D1207800F056
:104C6000040004287DD1B448006840F48070B24943
:104C70000860FDF7A5FF054606E0FDF7A1FF401B14
:104C8000642801D9032060E5AB48006800F4807017
:104C90000028F2D000BFA068012808D1A5487030D4
:104CA000006840F00100A349703108602DE0A06861
:104CB00068B9A0487030006820F001009D4970314B
:104CC00008600846006820F0040008601DE0A06845
:104CD00005280DD197487030006840F004009549D0
:104CE000703108600846006840F0010008600CE080
:104CF00090487030006820F001008E4970310860E3
:104D00000846006820F00400086000BFA068A0B159
:104D1000FDF756FF054608E0FDF752FF401B41F244
:104D20008831884201D903200FE58248703000683D
:104D3000C0F340000028EFD013E0FDF741FF054627
:104D400008E0FDF73DFF401B41F28831884201D960
:104D50000320FAE4774870300068C0F34000002870
:104D6000EFD1606A00287DD072481030006800F0F2
:104D70003800182877D0606A022875D16D4800681D
:104D800020F080706B490860FDF71AFF054606E0C9
:104D9000FDF716FF401B022801D90320D5E4654822
:104DA0000068C0F340600028F2D100BFD4E90A10C7
:104DB00041EA00105F492831096840F2F33291431B
:104DC00008435C4928310860208E401EC0F308006B
:104DD000616B491E4FF47E4202EA41210843218F54
:104DE000491ED20102EA014108433C21095D491EE6
:104DF000120202EA016108434E493031086000BFE7
:104E0000081F006820F00100091F0860494834307D
:104E100000684FF6F8718843A16C40EAC10045492B
:104E20003431086043482C30006820F00C00216CBD
:104E3000084340492C3108600846006820F0020011
:104E4000616C08433B492C3108600846006840F417
:104E5000803008600846006840F40030086008466A
:104E6000006802E093E038E01FE040F48020086032
:104E70000846006840F0010008602E48006840F0D5
:104E800080702C490860FDF79BFE054606E0FDF7A3
:104E900097FE401B022801D9032056E425480068EC
:104EA000C0F340600028F2D071E02248006820F092
:104EB000807020490860FDF783FE054606E0FDF797
:104EC0007FFE401B022801D903203EE419480068F8
:104ED000C0F340600028F2D159E016482830076836
:104EE000144830300668606A012821D007F00301B9
:104EF000A06A81421CD1C7F30511E06A884217D12C
:104F0000C6F30801206B401E814211D1606B401E28
:104F1000C6F3462188420BD1A06B401EC6F3064162
:104F2000884205D1E06B401EC6F30661884205D079
:104F300001200AE40044025800480258154800685D
:104F4000C0F3CC07A06CB84221D0124808380068E2
:104F500020F001000F4908390860FDF731FE0546D1
:104F600000BFFDF72DFE401BFBD00A4800684FF63E
:104F7000F8718843A16C40EAC10006490860054801
:104F80000838006840F00100024908390860002034
:104F90004AE40000344402587047704770470000EC
:104FA00010B50346002200BF93F83C00012801D150
:104FB000022010BD012083F83C0000BF22F0FF005A
:104FC000CC6840EA040222F440708C6840EA040293
:104FD00022F480604C6840EA040222F400600C680D
:104FE00040EA040222F480500C6940EA040222F4F0
:104FF00000504C6940EA040222F480408C6A40EA86
:10500000040222F470200C8B40EA04420F4C186812
:10501000A04203D00E4C1868A0420ED122F47000BA
:105020008C8C40EA045222F08070CC6940EA040281
:1050300022F000700C6A40EA04021868426400BF63
:10504000002083F83C0000BF00BFB2E70000014031
:105050000004014030B502460B4600BF92F83C0008
:10506000012801D1022030BD012082F83C0000BFA0
:10507000022082F83D001068416810688468214D64
:105080001068A84203D0204D1068A84203D121F433
:1050900070015868014321F07001186801431068DD
:1050A0004160184D1068A8421BD01068B0F1804FC5
:1050B00017D0164D1068A84213D0154D1068A8429D
:1050C0000FD0144D1068A8420BD00F4D1068A842A5
:1050D00007D0114D1068A84203D0104D1068A842A7
:1050E00005D124F08004986804431068846001208E
:1050F00082F83D0000BF002082F83C0000BF00BFE6
:10510000B1E700000000014000040140000400403D
:1051100000080040000C0040001800400040014022
:1051200010B504460CB9012010BD94F83D0028B913
:10513000002084F83C00204600F02AF8022084F881
:105140003D00211D206803F0A1FA012084F84800E9
:1051500000BF84F83E0001213F2001554020015549
:1051600041200155422001554320015500BF00BF99
:10517000012084F844004520015546200155472070
:10518000015500BF012084F83D000020CCE700005D
:1051900008B5094A016891420DD100BF0749096865
:1051A00041F00101054A11601146096801F0010151
:1051B000009100BF00BF08BD00000140F04402584C
:1051C000014691F83D00012801D0012070470220DE
:1051D00081F83D000868C06840F001000B68D860A5
:1051E0001C4B086898421BD00868B0F1804F17D05C
:1051F000194B0868984213D0184B086898420FD092
:10520000174B086898420BD0164B0868984207D095
:10521000154B0868984203D0144B0868984210D187
:1052200008688068124B00EA0302062A0FD0B2F524
:10523000803F0CD00868006840F001000B681860DF
:1052400005E00868006840F001000B681860002065
:10525000BCE70000000001400004004000080040DE
:10526000000C0040000401400018004000400140D4
:10527000070001002DE9F04104460D46002700BF5C
:1052800094F83C00012802D10220BDE8F081012001
:1052900084F83C0000BF022084F83D002068866846
:1052A0004048064026F47F462068866028687028BB
:1052B00026D00CDC00F00F01002966D10011072870
:1052C00063D2DFE800F0555657584B374100B0F134
:1052D000101F52D009DCB0F5805F10D0B0F5005F30
:1052E0001BD0B0F5801F50D146E0A0F580102038CB
:1052F000002843D0102842D0202846D140E046E084
:10530000D5E902136A68206803F03BFA20688668D2
:1053100046F077062068866039E0D5E902136A68AE
:10532000206803F02EFA2068806840F480402168ED
:1053300088602CE0EA686968206803F0EDFB502182
:10534000206803F029FA22E0EA686968206803F01F
:10535000F6FB6021206803F01FFA18E0EA6869682C
:10536000206803F0D9FB4021206803F015FA0EE015
:1053700000BF00BF00BF00BF00BF00BF00BF00BF35
:105380002968206803F008FA01E0012700BF00BF88
:10539000012084F83D0000BF002084F83C0000BFDD
:1053A000384672E788FFCEFF704770B50446206824
:1053B000C6682068056905F00200022819D106F0C8
:1053C0000200022815D1401F2168086101202077C2
:1053D0002068806900F0030018B12046FFF7E4FF61
:1053E00005E0204600F0DEF8204600F0CCF9002071
:1053F000207705F00400042819D106F004000428E1
:1054000015D1C04321680861022020772068806997
:1054100000F4407018B12046FFF7C6FF05E02046B3
:1054200000F0C0F8204600F0AEF90020207705F02B
:105430000800082819D106F00800082815D1C04333
:1054400021680861042020772068C06900F003000B
:1054500018B12046FFF7A8FF05E0204600F0A2F8AB
:10546000204600F090F90020207705F01000102869
:1054700019D106F01000102815D1C0432168086129
:10548000082020772068C06900F4407018B12046D9
:10549000FFF78AFF05E0204600F084F8204600F080
:1054A00072F90020207705F0010048B106F00100F4
:1054B00030B16FF0010021680861204600F016FA53
:1054C00005F08000802804D005F40050B0F5005F9E
:1054D0000AD106F08000802806D16FF402502168BE
:1054E00008612046FFF759FD05F48070B0F5807F14
:1054F0000AD106F08000802806D16FF48070216800
:1055000008612046FFF748FD05F04000402809D11A
:1055100006F04000402805D1C043216808612046BC
:1055200000F0EDF905F02000202809D106F0200058
:10553000202805D1C043216808612046FFF72EFDD1
:1055400070BD000010B586B00446142101A8FBF719
:105550008FF81149206888421BD100BF0F480068AE
:1055600040F010000D4908600846006800F0100087
:10557000009000BF00BF4FF4D44001900220029081
:105580000020039004900120059001A90448FDF734
:105590000BFA06B010BD000000000140E0440258C4
:1055A0000010025870472DE9F04104460D4616469A
:1055B000002700BF94F83C00012802D10220BDE87A
:1055C000F081012084F83C0000BF0C2E51D005DC96
:1055D0004EB1042E1ED0082E7AD133E0102E60D0AA
:1055E000142EF9D175E02946206803F0E1F820680F
:1055F000806940F00800216888612068806920F097
:10560000040021688861206880692969084321684D
:10561000886178E02946206803F020F920688069D5
:1056200040F40060216888612068806920F480600F
:105630002168886120688069296940EA0120216821
:10564000886160E02946206803F062F92068C0693B
:1056500040F008002168C8612068C06920F004009B
:105660002168C8612068C069296908432168C86148
:1056700049E02946206803F0A5F92068C06940F494
:1056800000602168C8612068C06920F480602168DA
:10569000C8612068C069296940EA01202168C861A1
:1056A00031E02946206803F0C7F92068406D40F0DA
:1056B0000800216848652068406D20F004002168DA
:1056C00048652068406D29690843216848651AE0EB
:1056D00017E02946206803F0E7F92068406D40F4A0
:1056E0000060216848652068406D20F48060216872
:1056F00048652068406D296940EA012021684865B5
:1057000001E0012700BF00BF00BF002084F83C007B
:1057100000BF384653E710B504460CB9012010BD50
:1057200094F83D0028B9002084F83C00204600F0A1
:1057300029F8022084F83D00211D206802F0A6FF10
:10574000012084F8480000BF84F83E0001213F207A
:10575000015540200155412001554220015543206B
:10576000015500BF00BF012084F8440045200155C9
:10577000462001554720015500BF012084F83D0017
:105780000020CCE77047704770B504460D4615B948
:1057900094F83E0015E0042D02D13F20005D10E09A
:1057A000082D02D14020005D0BE00C2D02D14120DC
:1057B000005D06E0102D02D14220005D01E0432093
:1057C000005D012801D0012070BD1DB9022084F8C0
:1057D0003E001AE0042D03D102213F20015514E0C0
:1057E000082D03D10221402001550EE00C2D03D1DC
:1057F00002214120015508E0102D03D10221422051
:10580000015502E00221432001550122294620686A
:1058100002F0A6FF2B49206888420FD02A49206851
:1058200088420BD029492068884207D0284920683F
:10583000884203D027492068884201D1012000E036
:10584000002028B12068406C40F400402168486482
:105850001C49206888421BD02068B0F1804F17D0C7
:105860001D492068884213D01C49206888420FD007
:105870001B49206888420BD013492068884207D012
:1058800018492068884203D010492068884210D106
:1058900020688068144900EA0106062E0FD0B6F58C
:1058A000803F0CD02068006840F00100216808604B
:1058B00005E02068006840F00100216808600020D1
:1058C00082E7000000000140000401400040014068
:1058D000004401400048014000040040000800402E
:1058E000000C0040001800400700010010B50446FD
:1058F0002068B0F1804F01D1FDF768F910BD704705
:10590000014600BF91F88400012801D102207047B0
:10591000012081F8840000BF2420C1F888000868B5
:1059200002680868006820F001000B68186022F027
:10593000005200204866086802602020C1F88800F4
:1059400000BF002081F8840000BF00BFDFE72DE921
:10595000F04104460E461746D4F88C00202825D185
:1059600006B117B90120BDE8F0810120E0660020F2
:1059700020673A463146204604F0EAF805469DB9CC
:10598000E06E01280FD110202168086200BF00BF1F
:10599000216851E8001F41F01000226842E8000130
:1059A0000029F5D100E001252846DCE70220DAE7EE
:1059B00070B504460D4603492068884201D103F0C2
:1059C0007DFB70BD00440040704770B504460D4635
:1059D00000BF94F88400012801D1022070BD01208D
:1059E00084F8840000BF2420C4F88800206806687A
:1059F0002068006820F00100216808602068806845
:105A000020F06060284321688860204603F0ACFBEA
:105A1000206806602020C4F8880000BF002084F8B9
:105A2000840000BF00BFD9E770B504460D4600BF33
:105A300094F88400012801D1022070BD012084F86F
:105A4000840000BF2420C4F888002068066820680D
:105A5000006820F00100216808602068806820F05C
:105A60006040284321688860204603F07DFB206861
:105A700006602020C4F8880000BF002084F884005D
:105A800000BF00BFD9E77047704770B50446D4F82F
:105A90008850D4F88C602068806800F080008028EE
:105AA00023D1212D21D100BF00BF2168083151E849
:105AB000001F21F080002168083141E80002002A1F
:105AC000F3D100BFE06F68B1E06FFBF733F948B185
:105AD000E06FFBF769FD202804D11020C4F8900086
:105AE000032070BD204603F04DFD2068806800F063
:105AF0004000402826D1222E24D100BF00BF2168BB
:105B0000083151E8001F21F040002168083141E8C8
:105B10000002002AF3D100BFD4F8800078B1D4F895
:105B20008000FBF707F950B1D4F88000FBF73CFD8B
:105B3000202804D11020C4F890000320D1E720468B
:105B400003F0D2FC0020CCE710B5044613492068CE
:105B5000884205D12046FFF798FF01F043FE10BDB3
:105B60000F492068884203D1204600F075FEF6E711
:105B70000C49206888420BD00B492068884207D026
:105B80000A492068884203D009492068884202D126
:105B9000204601F03BF900BFE1E70000004400406F
:105BA00000100140004C00400050004000780040D0
:105BB000007C00402DE9F04704462068C569206854
:105BC00006682068876840F60F0005EA0009B9F109
:105BD000000F0FD105F0200060B106F0200010B9D1
:105BE00007F0805030B1606F10B12046616F884778
:105BF000BDE8F087B9F1000F7ED0F848384018B9F9
:105C0000F74830400028F7D005F0010058B106F4FD
:105C1000807040B1012021680862D4F8900040F003
:105C20000100C4F8900005F0020058B107F001002F
:105C300040B1022021680862D4F8900040F00400CE
:105C4000C4F8900005F0040058B107F0010040B11D
:105C5000042021680862D4F8900040F00200C4F8E3
:105C6000900005F0080070B106F0200010B9DB4884
:105C7000384040B1082021680862D4F8900040F014
:105C80000800C4F8900005F4006060B106F0806080
:105C900048B14FF4006021680862D4F8900040F0E9
:105CA0002000C4F89000D4F89000002852D005F0ED
:105CB000200050B106F0200010B907F0805020B14C
:105CC000606F10B12046616F8847D4F890A02068BB
:105CD000806800F04000402802D00AF0280070B32D
:105CE000204603F001FC2068806800F04000402856
:105CF00026D100BF00BF00E02DE02168083151E847
:105D0000001F21F040002168083141E80002002A0C
:105D1000F1D100BFD4F8800068B1B248D4F8801047
:105D20000865D4F88000FBF773FA98B1D4F88000C6
:105D3000016D88470EE02046FFF706FF0AE003E00A
:105D40002046FFF701FF05E02046FFF7FDFE00209B
:105D5000C4F890004CE7E06E01287DD105F01000FA
:105D6000002879D006F010000028FAD01020216811
:105D700008622068806800F0400040286DD1D4F8A7
:105D800080000068984988426BD0D4F88000006891
:105D900095491831884264D0D4F88000006892494F
:105DA000303188425DD0D4F8800000688E49483197
:105DB000884256D0D4F8800000688B496031884210
:105DC0004FD0D4F88000006887497831884248D0A5
:105DD000D4F88000006884499031884241D0D4F8DA
:105DE000800000688049A83188423AD0D4F8800009
:105DF00000687E49884234D0D4F8800000687B492E
:105E0000183188422DD0D4F88000006877493031AD
:105E1000884226D0D4F8800000687449483188420E
:105E20001FD0D4F88000006870496031884218D0D3
:105E3000D4F8800000686D497831884211D0D4F8D8
:105E4000800000686949903188420AD0D4F8800007
:105E500000686649A83102E0CAE07BE001E08842C0
:105E600004D1D4F880000068406803E0D4F88000D2
:105E7000006840681FFA80F8B8F1000F58D0B4F8F5
:105E80005C00404554DDA4F85E80D4F88000C06911
:105E9000B0F5807F40D000BF00BF216851E8001FEF
:105EA00021F48070226842E800010029F5D100BF8A
:105EB00000BF00BF2168083151E8001F21F0010038
:105EC0002168083141E80002002AF3D100BF00BF79
:105ED00000BF2168083151E8001F21F0400021680F
:105EE000083141E80002002AF3D100BF2020C4F8A5
:105EF0008C000020E06600BF00BF216851E8001F51
:105F000021F01000226842E800010029F5D100BF0D
:105F1000D4F88000FAF70EFF02202067B4F85C0086
:105F2000B4F85E20801A81B22046FFF741FD10E0F0
:105F3000B4F85C0040450CD1D4F88000C069B0F5DD
:105F4000807F06D102202067B4F85C102046FFF75E
:105F50002FFD4DE634F85C0F6188401A1FFA80F877
:105F600060885C3CC8B3B8F1000F36D000BF00BFFA
:105F7000216851E8001F21F49070226842E8000176
:105F80000029F5D100BF00BF00BF2168083151E8EA
:105F9000001F124AD24301EA02002168083141E899
:105FA0000002002AF1D100BF2020C4F88C0000209C
:105FB000E066606700BF00BF216851E8001F21F064
:105FC0001000226842E800010029F5D100BF02203C
:105FD000206741462046FFF7EBFC09E60100001070
:105FE00020010004A39300081000024010040240A6
:105FF00005F4801050B107F4800038B14FF48010E0
:10600000216808622046FFF73FFDF1E505F08000BA
:1060100058B106F0800010B907F4000028B1A06F55
:1060200010B12046A16F8847E2E505F0400030B18D
:1060300006F0400018B1204603F08CFAD8E505F4CC
:10604000000030B106F0804018B12046FFF71BFD7C
:10605000CEE505F0807030B106F0004018B1204662
:10606000FFF7B2FCC4E500BFC2E510B504460CB9A9
:10607000012010BDA06900B100E000BFD4F8880085
:1060800028B9002084F88400204600F02BF8242052
:10609000C4F888002068006820F0010021680860CA
:1060A000A06A10B1204603F08BF8204603F08AFA6C
:1060B000012800D1DDE72068406820F49040216885
:1060C00048602068806820F02A0021688860206885
:1060D000006840F0010021680860204603F0ECF8F9
:1060E000C7E7000010B5B8B00446142132A8FAF78B
:1060F000BFFAC02102A8FAF7BBFAFE49206888421D
:1061000055D102210020CDE90210209002A8FDF710
:106110003DF908B1FAF7F9FD00BFF748006840F40F
:106120000020F54908600846006800F4002001904E
:1061300000BF00BF00BFF0480838006840F0010011
:10614000ED49083908600846006800F00100019038
:1061500000BF00BF03203290022033900020349013
:1061600035900820369032A9E448FCF71DFCE4483D
:10617000E44908603F2048600021E2488160C16036
:106180004FF480610161002141618161C1614FF47F
:106190000031016200214162FBF786FF08B1FAF786
:1061A000B4FD00BFD748C4F880008463F7E1D64946
:1061B0002068884257D102210020CDE902102090AA
:1061C00002A8FDF7E3F808B1FAF79FFD00BFCA483F
:1061D000006840F48010C84908600846006800F470
:1061E0008010019000BF00BF00BFC348083800689E
:1061F00040F00200C049083908600846006800F015
:106200000200019000BF00BF4FF4405032900220C6
:1062100033900020349035900E20369032A9BB4840
:10622000FCF7C2FBB6481830B94908604120486005
:106230000021B7488160C1604FF480610161002195
:1062400041618161C1614FF400310162002141620D
:10625000FBF72AFF08B1FAF758FD00BFAC48C4F8B5
:10626000800084639BE1AB492068884257D10221BA
:106270000020CDE90210209002A8FDF787F808B1B0
:10628000FAF743FD00BF9C48006840F080409A49FF
:1062900008600846006800F08040019000BF00BF21
:1062A00000BF95480838006840F01000924908394E
:1062B00008600846006800F01000019000BF00BFB1
:1062C0004FF4C0703290022033900020349035900B
:1062D0000720369032A99048FCF766FB884830309A
:1062E0008E4908604F20486000218C488160C16061
:1062F0004FF480610161002141618161C1614FF40E
:106300000031016200214162FBF7CEFE08B1FAF7CD
:10631000FCFC00BF8148C4F8800084633FE18049F1
:106320002068884256D102210020CDE90210209039
:1063300002A8FDF72BF808B1FAF7E7FC00BF6E489A
:10634000006840F000406C4908600846006800F0B2
:106350000040019000BF00BF00BF674808380068D8
:1063600040F010006449083908600846006800F0F1
:106370001000019000BF00BF032032900220339034
:106380000020349035900820369032A96248FCF7FE
:106390000BFB5B484830634908605120486000218E
:1063A00060488160C1604FF48061016100214161FA
:1063B0008161C1614FF40031016200214162FBF74C
:1063C00073FE08B1FAF7A1FC00BF5648C4F880007C
:1063D0008463E4E05449206888425AD101200021B6
:1063E000CDE902010020219002A8FCF7CFFF08B1FF
:1063F000FAF78BFC00BF40480830006840F01000FE
:106400003D49083108600846006800F0100001901E
:1064100000BF00BF00BF38480838006840F00200E5
:106420003549083908600846006800F0020001900C
:1064300000BF00BF4FF44040329002203390002054
:10644000349035900420369032A93048FCF7ACFAED
:106450002B486030354908602920486000213348C6
:106460008160C1604FF480610161002141618161FF
:10647000C1614FF40031016200214162FBF714FE5B
:1064800008B1FAF742FC00BF2848C4F880008463D2
:1064900085E02749206888427ED102210020CDE98D
:1064A0000210209002A8FCF771FF08B1FAF72DFC4A
:1064B00000BF1148006840F400300F4908600846EA
:1064C000006800F40030019000BF00BF00BF0A4820
:1064D0000838006840F0010007490839086008469C
:1064E000006800F00100019000BF00BF0C20329056
:1064F00002201FE0004C0040E8440258000002580F
:106500002800024098040024005000400004025873
:10651000100500240078004000100258880500246F
:10652000007C004000060024001001407806002492
:10653000004400403390002034903590072036907E
:1065400032A91848FCF730FA1748184908602B2080
:106550004860002115488160C1604FF4806101618D
:106560000021416181614FF48071C1614902016282
:1065700000214162FBF798FD08B1FAF7C6FB00BFA6
:106580000A48C4F88000846300BF00220521262049
:10659000FCF738FC262000E001E0FCF71FFC38B0D7
:1065A00010BD00000000025810000240F006002458
:1065B00070B504460D461646D4F88C00202821D12B
:1065C00005B10EB9012070BD0020E0660E492068BB
:1065D000884211D02068406800F4000060B100BF1C
:1065E00000BF216851E8001F41F08060226842E846
:1065F00000010029F5D100BF32462946204603F0AC
:10660000A7FAE0E70220DEE7000C005810B50446C8
:1066100011492068884206D10B21204600F030F94C
:1066200002F04CFD10BD0D49206888420BD00C498A
:106630002068884207D00B492068884203D00A4965
:106640002068884205D11721204600F0EFFB02F0B8
:1066500035FD00BFE6E7000000100140004C00409F
:106660000050004000780040007C004070472DE959
:10667000F84F04460E4617469946D4F8880020285D
:1066800054D106B117B90120BDE8F88F0020543469
:10669000E06321206063FCF793FA824627806780DD
:1066A000543CA068B0F5805F04D1206910B9002582
:1066B000B04602E035464FF0000820E05346002285
:1066C00080212046CDF8009003F0A6FA20B12020CA
:1066D000C4F888000320D7E745B9B8F80000C0F334
:1066E00008002168886208F1020803E02878216820
:1066F00088626D1CB4F85600401EA4F85600B4F829
:1067000056000028DAD15346002240212046CDF819
:10671000009003F081FA20B12020C4F88800032003
:10672000B2E72020C4F888000020ADE70220ABE7E4
:10673000704700BFFEE7014600230878552801D0C6
:1067400000207047002204E0885C1844C3B2501C4B
:10675000C2B20A2AF8D3887A984201D10120F0E720
:106760000020EEE770B505460E4604F0B5FA28465F
:1067700000F01FF80446002C08DB05F11E0030F87D
:1067800014003080022105F12200015504F0CEFAF8
:10679000204670BD0246002106E002F12200405C66
:1067A00008B908467047491C0229F6D34FF0FF305C
:1067B000F8E710B502464FF0FF300023002114E047
:1067C00002F12204645C012C00D00DE0002805DBFE
:1067D00002F1240454F821409C4204D2084602F1FC
:1067E000240454F8213000BF491C0229E8D310BD0D
:1067F00010B50446174890F83B0048B9552C06D10F
:10680000144880F830400120124981F83B0010BD47
:10681000104890F83B1090F83B00401C0D4A82F85D
:106820003B0002F130004454303890F83B000B2814
:1068300000D2ECE707483030FFF77DFF18B105487C
:10684000303000F093F80020024981F83B0000BF8F
:10685000DDE70000500D002410B50446074800682D
:10686000A04202D10548006800B910BD2046FFF7DC
:106870000CF9024800F06AF900BFF6E7500D002459
:106880002DE9F04107460D4626480068B84202D17E
:106890002448006808B9BDE8F0810B2D00D90B250C
:1068A0001DB9204800F052F9F5E700BF5021EFF381
:1068B000118081F31188BFF34F8FBFF36F8F00BF3B
:1068C00006461848FFF766FF0446002C03DA154811
:1068D000FFF76FFF0446002C1BDB124A516804EBE4
:1068E000440202EBC4030F4A083298182A46F9F70B
:1068F0001EFE0C481E3020F814501E38C06A401C82
:106900000849C862243141F8240001210548223099
:10691000015500BF86F3118800BF024800F016F948
:1069200000BFB8E7500D002410B504466C2106489E
:10693000F9F79EFE0448046004480349486008468D
:1069400000F004F910BD0000500D002400010030DB
:1069500070B505460E46002404E0285DFFF748FFA9
:10696000601C84B2B442F8DB70BD000010B52DEDA0
:10697000048B0446A078E17840EA012000B209EED9
:10698000100A2079617940EA012000B208EE100A6D
:10699000A079E17940EA012000B208EE900A60781F
:1069A000512804D052282FD053287AD159E0B8EE7C
:1069B000C90ADFED4A0A80EE201AB3EE000A21EE82
:1069C000000A474880ED0F0AB8EEC80A9FED431A47
:1069D000C0EE010AB3EE000A20EE800A80ED100A34
:1069E000F8EEE80A9FED3D1A80EE810AF3EE000A08
:1069F00020EE200A80ED110A90F8600040F00101BD
:106A0000374880F860105EE0B8EEC90A9FED331A8F
:106A1000C0EE010A9FED330A20EE800A304880ED77
:106A2000120AF8EEC80A9FED2D1A80EE810ADFEDFA
:106A30002D0A20EE200A80ED130AF8EEE80A9FEDF9
:106A4000271A80EE810ADFED270A20EE200A80ED6A
:106A5000140A90F8600040F00201214880F86010AC
:106A600031E0B8EEC90A9FED1D1AC0EE010A9FED94
:106A70001E0A20EE800A1A4880ED150AB8EEC80AF0
:106A80009FED161AC0EE010A9FED170A20EE800A4C
:106A900080ED160AF8EEE80A9FED101A80EE810AE2
:106AA00000E00DE0DFED100A20EE200A80ED170A6D
:106AB00090F8600040F00401094880F8601002E09E
:106AC000BDEC048B10BD00BF05F046F804494866D4
:106AD000012081F8680000BFF2E7000000000047D5
:106AE000500D00240000FA440000344338B516E08D
:106AF00069460C48FFF736FE0446002C00DA0FE02A
:106B000004EB440101EBC402064908315018BDF8FA
:106B10000010FFF71DFFE1B2024800F005F8E7E7BB
:106B200000BF38BD500D002470B505460C4604F07A
:106B3000D3F8002105F122000155001F20F81410A0
:106B4000801D40F8241004F0F1F870BD70B50446C3
:106B50000CB1206800B970BD0B22D4E90001FFF729
:106B600027FD0546002D7CD12068D0F88000002844
:106B700077D02068D0F8800000684C49884279D0EE
:106B80002068D0F88000006848491831884271D0E8
:106B90002068D0F88000006844493031884269D0CC
:106BA0002068D0F88000006840494831884261D0B0
:106BB0002068D0F8800000683C496031884259D094
:106BC0002068D0F88000006838497831884251D078
:106BD0002068D0F88000006834499031884249D05C
:106BE0002068D0F8800000683049A831884241D040
:106BF0002068D0F8800000682D4988423AD020688B
:106C0000D0F8800000682A491831884232D02068C4
:106C1000D0F8800000682649303188422AD02068A8
:106C2000D0F88000006822494831884222D020688C
:106C3000D0F8800000681E49603188421AD0206870
:106C4000D0F8800000681A497831884212D0206854
:106C5000D0F8800000681649903188420AD0206838
:106C600001E020E006E0D0F8800000681049A8317B
:106C700088420CD12068D0F880000068006820F0BD
:106C800008002168D1F88010096808600BE02068CE
:106C9000D0F880000068006820F004002168D1F876
:106CA00080100968086000BF55E70000100002402E
:106CB0001004024070B505460E4604F00DF8284653
:106CC00000F083F80446002C0CDB05F1360131F8A6
:106CD0001400172800D91720022205F13A010A559D
:106CE000308000BF04F022F8204670BD30B5024667
:106CF0000B464FF6FF70002112E0545C6040002408
:106D00000AE000F0010525B14AF2010585EA6000BC
:106D100000E04010651CECB2082CF2D34C1CA1B270
:106D20009942EADB30BD70B505460C460DB1022C28
:106D300000D270BDA01E81B22846FFF7D7FF0646DD
:106D4000A01E2E54310A601E295400BFF1E7000036
:106D50000246002111E001EB410000EB0110094B5C
:106D600053F82000904206D101EB410000EB0110E6
:106D700003EB80007047481CC1B20429EBD300200C
:106D8000F8E70000080C00240146042901D3002084
:106D9000704701EB410000EB0110034A02EB800059
:106DA000B0F84800F4E70000080C00240146002079
:106DB00006E001F13A02125C02B97047421CD0B2FF
:106DC0000228F6D34FF0FF30F7E710B501464FF039
:106DD000FF320023002015E001F13A04245C012C6D
:106DE00000D00DE0002A05DB01F13C0454F82040FE
:106DF0009C4204D2024601F13C0454F8203000BF0A
:106E0000441CE0B20228E7D3104610BD70B5054619
:106E10002846FFF79DFF044604B970BD2846FEF7DB
:106E200034FE204600F0F6F800BFF6E72DE9F04109
:106E300007460E463846FFF78BFF04460CB9BDE8FF
:106E4000F081172E00D9172636B32046FFF7AEFF84
:106E50000546002D03DA2046FFF7B7FF0546002D53
:106E600019DBC5EBC50202EB051304F10802981803
:106E700032466168F9F75BFB04F1360020F81560D3
:106E8000606C401C606404F13C0141F82500012164
:106E900004F13A00415500BF204600F0BBF800BFA6
:106EA000CDE700003EB54FF498712248F9F7E0FBBA
:106EB0002148204908602148C8642148C1F8980049
:106EC0002048C1F8E400204848601F492031194893
:106ED00001651D494031C0F89C101B496031C0F864
:106EE000E8101A480168009141680191007A8DF814
:106EF000080009216846FFF716FF002416E004EB9E
:106F0000440101EB04110B4A02EB810000F082F80E
:106F100004EB440101EB0411064A52F8210032232C
:106F200009226946FFF7A3FB601CC4B2042CE6D318
:106F30003EBD0000080C002420010024B401002400
:106F400048020024DC02002400020030B0C1000826
:106F50007CB5002443E000BF04EB440101EB0411C5
:106F6000204A02EB810001A9FFF7A4FE0546002D8F
:106F700000DA31E004EB440101EB0411194A02EBA1
:106F800081010831C5EBC50202EB051288186A467B
:106F9000BDF8041000F0F2F898B1BDF8000004EB61
:106FA000440101EB04110F4A02EB8101A1F84800F2
:106FB000012004EB440101EB041102EB810181F893
:106FC0004A00E9B204EB440202EB0412054B03EB66
:106FD000820000F009F8BFE700BF601CC4B2042CB7
:106FE000B9D37CBD080C002470B505460C46022CB4
:106FF00000D370BD03F070FE002105F13A00015589
:10700000001F20F81410801D40F8241003F08EFE9D
:1070100000BFEEE770B504460CB1206800B970BD42
:107020001722D4E90001FFF7C3FA0546002D7CD1F1
:107030002068D0F88000002877D02068D0F8800041
:1070400000684C49884279D02068D0F880000068F8
:1070500048491831884271D02068D0F88000006813
:1070600044493031884269D02068D0F880000068F7
:1070700040494831884261D02068D0F880000068DB
:107080003C496031884259D02068D0F880000068BF
:1070900038497831884251D02068D0F880000068A3
:1070A00034499031884249D02068D0F88000006887
:1070B0003049A831884241D02068D0F8800000686B
:1070C0002D4988423AD02068D0F8800000682A49CB
:1070D0001831884232D02068D0F8800000682649F4
:1070E000303188422AD02068D0F8800000682249D8
:1070F0004831884222D02068D0F8800000681E49BC
:10710000603188421AD02068D0F8800000681A499F
:107110007831884212D02068D0F880000068164983
:10712000903188420AD0206801E020E006E0D0F8E3
:10713000800000681049A83188420CD12068D0F83E
:1071400080000068006820F008002168D1F88010F5
:10715000096808600BE02068D0F8800000680068CB
:1071600020F004002168D1F880100968086000BF91
:1071700055E7000010000240100402402DE9F041E4
:1071800004460F46154614B10DB1172F02D000204A
:10719000BDE8F08115212046FFF7A8FD0646607D79
:1071A000A17D40EA0128464501D00020F0E7607B40
:1071B000A17B40EA012028800120E9E730B50246A2
:1071C00000230AB9184630BD002006E0145C5C407C
:1071D000E4B2044D2B5D441CA0B28842F6DB184695
:1071E000F1E70000B0C000080020014908707047B6
:1071F0002D00002408B5002000906946A02000F072
:10720000BFFA08BDDFED220A70EE200AB0EE600A78
:1072100005E0DFED200A70EE200AB0EE600AB5EE60
:10722000C00AF1EE10FAF4D305E0DFED1A0A70EEB1
:10723000600AB0EE600ADFED170AB4EEE00AF1EE84
:1072400010FAF2DADFED130A70EEC00AB0EE600A4F
:10725000DFED100AB4EEE00AF1EE10FA05DBDFED27
:107260000D0A70EE600AB0EE600ADFED0B0A80EEE8
:10727000201AFCEEC10A10EE900A81B2B1F5FA7F35
:1072800001D340F2F311054830F8110070470000B7
:107290000000B4420000B443EC51383F2008002401
:1072A00070B504463548008E38B9542C04D13348A3
:1072B000047001203149088670BD3048008E0128D5
:1072C00029D1542C05D12D48047001202B49088662
:1072D000F2E72A4844702C2C03D1E01C2749488649
:1072E0000AE0042C03D1201D2449488604E0002034
:1072F000224908864886DFE72048408E2F2806DD91
:10730000042C04D000201D4908864886D4E70220BA
:107310001A490886D0E71948018E008E401C174A8A
:10732000108610464454408E18B900201146088635
:10733000C2E71248008E1149498E88421BDB0F4874
:10734000408E401E81B20D48FFF738FF05460B48BE
:10735000408E401E0949085CA84207D10846407883
:107360002C2803D10846418E00F05AF8002003492A
:107370000886488600BF00BF9EE70000B4070024CF
:1073800010B50446104804604FF040500F490860A3
:107390004FF480700E49088000200E4908800E4985
:1073A00008600E4908700E4908700E49088038219F
:1073B0000D48F9F73BF94FF47A710C48F9F736F9B3
:1073C00000F0D6F910BD0000280000243800002489
:1073D0003C0000243E000024300000242C00002447
:1073E0002D00002434000024E80700242008002495
:1073F00001480078704700002D00002470B5044655
:107400000D4604B105B970BD002604E0A05DFFF78C
:1074100047FF701C86B2AE42F8DB00BFF3E7000006
:1074200070B504460E460CB12F2E00D270BD2078E8
:10743000542802D160782C2800D0F7E70225615D3E
:10744000681C205C41EA002020490880AD1C615D79
:10745000681C205C41EA00201C494880AD1C0020CB
:1074600013E0625D691C615C42EA01221749091D53
:1074700021F82020A91C625C1449091D01EB800140
:107480008A70E91C8DB2411CC8B20C28E9D3615D39
:10749000681C205C41EA00200C498886A81C85B243
:1074A000615D681C205C41EA00200849C8860846E6
:1074B00000F084FA0120064908700648006818B1F7
:1074C000024804490968884700BFAFE7E80700247D
:1074D0002C0000243000002430B502460AB10C29EB
:1074E00002D39FED1D0A30BD5088938E834202DB8C
:1074F0001D1AACB204E048F6A0451D442D1AACB2EA
:107500009FED150AB0EE401A00EE104AB8EE400AA0
:10751000F2EE061A80EE212AB0EE421A00EE100AB0
:10752000F8EE401A00EE101AB8EE400AF0EE610ACA
:1075300041EE000A9FED090AF4EEC00AF1EE10FADE
:1075400005DB9FED060A30EEC00AF0EE400A9FED23
:10755000040A20EE800AC6E70000000000A00C47E5
:107560000AD7233C10B55A48006850B15848006803
:10757000D0F8800028B15748006810B156480088FC
:1075800000B910BD52480068D0F880000068534927
:1075900088427DD04E480068D0F8800000684F498E
:1075A000183188427ED04A480068D0F880000068D0
:1075B0004A493031884275D045480068D0F880008B
:1075C00000684649483188426CD041480068D0F88C
:1075D0008000006841496031884263D03C480068BF
:1075E000D0F8800000683D49783188425AD0384848
:1075F0000068D0F88000006838499031884251D046
:1076000033480068D0F8800000683449A8318842C7
:1076100048D02F480068D0F8800000683049884280
:1076200040D02B480068D0F8800000682C49183101
:10763000884237D026480068D0F880000068284982
:10764000303188422ED022480068D0F8800000688F
:1076500023494831884225D01D480068D0F8800071
:1076600000681F49603188421CD019480068D0F872
:10767000800000681A497831884213D014480068A5
:10768000D0F8800000681649903188420AD000E0A6
:1076900008E00F480068D0F8800000681049A83161
:1076A000884206D10A480068D0F880000068406827
:1076B00005E007480068D0F8800000684068064987
:1076C0000988081A84B2204600F00CF800BF58E779
:1076D00028000024380000243C0000241000024050
:1076E0001004024010B504461E48006810B11E4840
:1076F000008800B910BD1C480088844206DD1A4885
:10770000008894FBF0F100FB114084B21748008818
:10771000844200D1EEE71548008884420BDD134A0D
:107720001288A21A91B20F4A1268104B1B88D01807
:10773000FFF764FE12E00C4A12880C4B1B88D21A29
:1077400091B2084A1268094B1B88D018FFF756FE01
:1077500024B1214603480068FFF750FE0348048027
:1077600000BFC7E7380000243C0000243E0000248E
:1077700010B534210148F8F759FF10BDB4070024B3
:107780007CB505460C461648006800B10CB90020CF
:107790007CBD54208DF800008DF8015004208DF838
:1077A000020020788DF8030060788DF80400A0783E
:1077B0008DF80500E0788DF8060007216846FFF790
:1077C000FDFC8DF807003223082269460448006852
:1077D000FEF74DFF08B90120DAE70020D8E70000E6
:1077E0002800002410B56F48006828B16E48006872
:1077F00010B16E48008800B910BD6C4801886A4815
:107800000068F8F713FF002069490880674802887C
:107810006548016863480068FEF799F8044644B17A
:1078200062480288604801685E480068FEF7C0FE52
:10783000044604B1E0E75B480068D0F88000002807
:107840007ED058480068D0F88000006859498842C6
:1078500077D054480068D0F8800000685549183146
:1078600088427FD04F480068D0F8800000685149B6
:107870003031884276D04B480068D0F880000068EC
:107880004C49483188426DD046480068D0F88000A5
:10789000006848496031884264D042480068D0F8A6
:1078A000800000684349783188425BD03D480068D9
:1078B000D0F8800000683F499031884252D0394862
:1078C0000068D0F8800000683A49A831884249D061
:1078D00034480068D0F8800000683749884241D0B9
:1078E00030480068D0F88000006833491831884279
:1078F00038D02C480068D0F8800000682E4930311C
:1079000088422FD027480068D0F8800000682A49B4
:107910004831884226D023480068D0F880000068AB
:107920002549603188421DD01E480068D0F880008B
:10793000006821497831884214D01A48006801E073
:107940002DE00FE0D0F8800000681B49903188429C
:1079500008D014480068D0F8800000681649A831A3
:1079600088420ED10F480068D0F880000068006897
:1079700020F008000B490968D1F8801009680860F8
:107980000DE008480068D0F880000068006820F02A
:10799000040004490968D1F880100968086000BF34
:1079A0002AE7000028000024380000243C000024BE
:1079B0003E0000241000024010040240F0B50446CE
:1079C00004B9F0BD668815480088864202DA0120B5
:1079D00013490870A08E11490880002519E0294636
:1079E0002046FFF779FDF0EE402A9FED0E0AC2EE29
:1079F000800ABCEEE00A10EE100A87B2B7F5FA7FF3
:107A000005D2201D30F82500074921F81700681C11
:107A1000C5B20C2DE3D300BFD3E70000340000242F
:107A20002D000024EC51383F200800241FB5002011
:107A30000090019002900390FBF782F901208DF8ED
:107A4000000000208DF801004FF040500190102000
:107A50008DF8080000208DF8090001208DF80A003B
:107A600003208DF80B0000208DF80C0001208DF80C
:107A70000D0000208DF80E008DF80F006846FBF712
:107A800031F90420FBF772F91FBD000008B500BFF3
:107A90001E48006840F001001C4908600846006864
:107AA00000F00100009000BF00BF002205210B2064
:107AB000FBF7A8F90B20FBF791F9002205210C2018
:107AC000FBF7A0F90C20FBF789F9002205210D2016
:107AD000FBF798F90D20FBF781F9002205210E2014
:107AE000FBF790F90E20FBF779F9002205210F2012
:107AF000FBF788F90F20FBF771F900220521102010
:107B0000FBF780F91020FBF769F908BDD84402584B
:107B100010B50B4A00210B4802F018FA0A49086018
:107B20000A4A00210A4802F011FA0A4908600A4A82
:107B300000210A4802F00AFA0949086010BD000055
:107B400004C00008558400080000002428C0000874
:107B500061840008040000244CC000084984000827
:107B60000800002400B587B0142102A8F8F780FDB2
:107B700000BF2C48006840F004002A49086008460D
:107B8000006800F00400019000BF00BF00BF08467D
:107B9000006840F0800008600846006800F080003F
:107BA000019000BF00BF00BF0846006840F0010020
:107BB00008600846006800F00100019000BF00BFA7
:107BC00000BF0846006840F01000086008460068E2
:107BD00000F01000019000BF00BF00BF0846006821
:107BE00040F0020008600846006800F002000190C2
:107BF00000BF00BF00BF0846006840F008000860F2
:107C00000846006800F00800019000BF00BFC020D7
:107C1000029000200390049002A90348FAF7C4FEE2
:107C200007B000BDE0440258000C025800B599B0FE
:107C300000201590169017901890129013901490A1
:107C40001C210BA8F8F714FD2C216846F8F710FD4D
:107C50003A483B4908601720486000213848816055
:107C600040F2E731C1600021016141618161FDF7AE
:107C700057FA08B1F9F749F84FF48050159015A953
:107C80002F48FDF7F7FA08B1F9F73FF82C48FDF750
:107C900042FD08B1F9F739F80020129013901490C2
:107CA00012A92748FDF7D6F908B1F9F72EF8602098
:107CB0000B9000200C900D900E900F901090119052
:107CC00000220BA91E48FDF76EFC08B1F9F71DF85C
:107CD00004220BA91A48FDF766FC08B1F9F715F85C
:107CE00008220BA91648FDF75EFC08B1F9F70DF85C
:107CF0000C220BA91248FDF756FC08B1F9F705F85C
:107D00000020009001900290039004904FF40050E6
:107D100005900020069007904FF00070089000201A
:107D200009900A9069460648FDF73AF908B1F8F754
:107D3000ECFF0348FDF706FC19B000BD0000014050
:107D4000D400002410B51848184908604FF4E130F9
:107D50004860002115488160C16001610C214161CA
:107D600000218161C1610162416200200F49886286
:107D70000846FEF77AF908B1F8F7C7FF00210B486B
:107D8000FDF752FE08B1F8F7C0FF00210748FDF7E4
:107D90001CFE08B1F8F7B9FF0448FDF7B1FD08B1C2
:107DA000F8F7B3FF10BD0000004C00402001002494
:107DB00010B51848184908604FF4E13048600021B8
:107DC00015488160C16001610C2141610021816120
:107DD000C1610162416200200F4988620846FEF7D6
:107DE00044F908B1F8F791FF00210B48FDF71CFE9C
:107DF00008B1F8F78AFF00210748FDF7E6FD08B152
:107E0000F8F783FF0448FDF77BFD08B1F8F77DFF25
:107E100010BD000000500040B401002410B5184807
:107E2000184908604FF4E13048600021154881602E
:107E3000C16001610C21416100218161C161016268
:107E4000416200200F4988620846FEF70EF908B12A
:107E5000F8F75BFF00210B48FDF7E6FD08B1F8F7E6
:107E600054FF00210748FDF7B0FD08B1F8F74DFFBA
:107E70000448FDF745FD08B1F8F747FF10BD0000C5
:107E8000007800404802002410B5184818490860DE
:107E90004FF4E1304860002115488160C160016104
:107EA0000C21416100218161C161016241620020B8
:107EB0000F4988620846FEF7D8F808B1F8F725FFA1
:107EC00000210B48FDF7B0FD08B1F8F71EFF0021B7
:107ED0000748FDF77AFD08B1F8F717FF0448FDF7EA
:107EE0000FFD08B1F8F711FF10BD0000007C004045
:107EF000DC02002410B51848184908604FF4E1303E
:107F00004860002115488160C16001610C21416118
:107F100000218161C1610162416200200F498862D4
:107F20000846FEF7A2F808B1F8F7EFFE00210B486B
:107F3000FDF77AFD08B1F8F7E8FE00210748FDF7E4
:107F400044FD08B1F8F7E1FE0448FDF7D9FC08B19B
:107F5000F8F7DBFE10BD00000010014070030024A4
:107F600010B51848184908604FF461304860002186
:107F700015488160C16001610C214161002181616E
:107F8000C1610162416200200F4988620846FEF724
:107F90006CF808B1F8F7B9FE00210B48FDF744FD75
:107FA00008B1F8F7B2FE00210748FDF70EFD08B151
:107FB000F8F7ABFE0448FDF7A3FC08B1F8F7A5FEFF
:107FC00010BD0000004400400404002400BFFEE790
:107FD00010B500210848FDF7D7FB04210648FDF73E
:107FE000D3FB08210448FDF7CFFB0C210248FDF725
:107FF000CBFB00F09DF810BDD400002470B5054601
:108000000C46B4F5617F02DB4FF4617403E014F5B4
:10801000617F00DC424C012D40D1002C17DD41482E
:108020000068002809DA00203F49096848633E4992
:1080300009688863642001F027FF3B4800684463B7
:1080400000203949096888633648046067E0002CDD
:1080500018DA34480068002809DD00203249096830
:108060004863314909688863642001F00DFF0020EE
:108070002D490968486360422B490968886329488B
:1080800004604CE0002C4AD100202749096848636D
:108090002549096888632349086040E0022D3ED1E4
:1080A000002C17DD21480068002809DA00201E494D
:1080B0000968C8631C4909680864642001F0E4FE8B
:1080C00019480068C4630020174909680864174804
:1080D000046024E0002C18DA14480068002809DD48
:1080E000002011490968C8630F49096808646420C1
:1080F00001F0CAFE00200C490968C86360420A49C1
:10810000096808640948046009E044B90020064988
:108110000968C8630449096808640449086070BDB7
:108120007CFCFFFF20000024D40000242400002455
:1081300010B500210120FFF761FF00210220FFF7A9
:108140005DFF10BD00BFFEE72DE9F04104460E467D
:1081500000275548006800F00300032802D10120E1
:10816000BDE8F08150482838006820F080604E4912
:1081700028390860FAF724FD054606E0FAF720FDE5
:10818000401B022801D90320EAE747482838006845
:10819000C0F3C0600028F1D100BF4348006820F45C
:1081A0007C30216840EA01303F490860A088401EC9
:1081B000C0F30800A168491E4FF47E4202EA412143
:1081C0000843A189491ED20102EA01410843217CEA
:1081D000491E120202EA0161084333491031086066
:1081E00000BF3148001D006820F0C00061690843ED
:1081F0002D49091D08600846006820F02000A1698B
:1082000008432949091D08600846006820F010004D
:1082100008602548143000684FF6F8718843E1691A
:1082200040EAC1002049143108601F48001D006861
:1082300040F010001C49091D08602EB9084600686E
:1082400040F40020086012E0012E08D11648001DFD
:10825000006840F480101449091D086007E01248C6
:10826000001D006840F400100F49091D08600E4809
:108270002838006840F080600B4928390860FAF718
:108280009FFC054606E0FAF79BFC401B022801D93B
:10829000032065E7044828380068C0F3C060002860
:1082A000F1D038465CE70000284402582DE9F0413F
:1082B00004460E4600275548006800F003000328D6
:1082C00002D10120BDE8F08150482838006820F034
:1082D00080504E4928390860FAF772FC054606E0DE
:1082E000FAF76EFC401B022801D90320EAE7474851
:1082F00028380068C0F340700028F1D100BF43481F
:10830000006820F07C70218840EA01503F490860F5
:10831000A088401EC0F30800A168491E4FF47E42A9
:1083200002EA41210843A189491ED20102EA014122
:108330000843217C491E120202EA016108433349C5
:108340001831086000BF3148001D006820F440600B
:10835000616908432D49091D08600846006820F43A
:108360000070A16908432949091D08600846006892
:1083700020F48070086025481C3000684FF6F871C2
:108380008843E16940EAC10020491C3108601F4868
:10839000001D006840F480701C49091D08602EB95A
:1083A0000846006840F48000086012E0012E08D101
:1083B0001648001D006840F400001449091D0860BB
:1083C00007E01248001D006840F080700F49091D49
:1083D00008600E482838006840F080500B49283962
:1083E0000860FAF7EDFB054606E0FAF7E9FB401BEB
:1083F000022801D9032065E7044828380068C0F343
:1084000040700028F1D038465CE70000284402584C
:1084100010B50446002C00DD644221460120FFF720
:10842000EDFD21460220FFF7E9FD10BD10B5044621
:10843000002C00DA644221460120FFF7DFFD2146CF
:108440000220FFF7DBFD10BD10B50446204600F00A
:10845000DBFD10BD10B50446204600F015FE10BD32
:1084600010B50446204600F045FE10BD10B54FF093
:10847000E020006903F060FB012801D002F0A4FFB6
:1084800010BD000000B59DB04C210AA8F8F7F0F827
:10849000202102A8F8F7ECF80220FAF705FD00BF4A
:1084A000002001902948006840F4404027490860B6
:1084B0000846006800F4404001902548006840F0FC
:1084C0000100234908600846006800F0010001909F
:1084D00000BF00BF00BF1D48006800F40050B0F5A9
:1084E000005FF8D101200A9000040B900220139045
:1084F0000221149105211591C02116910221179195
:108500001891199108211A9100211B911C910AA818
:10851000FCF716F908B1F8F7F8FB3F2002900320AA
:1085200003900020049008200590402006900790BA
:108530000001089040200990042102A8FBF7DAFD11
:1085400008B1F8F7E2FB1DB000BD00001848025862
:108550002C0400583F48006840F470003D49086012
:108560003D48006800F00F00072806D23A4800682E
:1085700020F00F00C01D384908603848006840F0FE
:108580000100364908600020344910310860334842
:10859000006833490840314908602F48006800F0FE
:1085A0000F00072806D92C48006820F00F00C01DD6
:1085B000294908600020294918310860091D086010
:1085C000091D086027482549283108602648091DEB
:1085D00008602648091D08600020091D086023481E
:1085E000091D08600020091D08602048091D086059
:1085F0000020091D08601948006820F480201749F0
:1086000008600020154960310860194800686FF360
:108610000F00B0F1005F02D20120164908600F4838
:10862000D430006800F4805098B90C48D430006809
:1086300040F480500949D431086043F2D2000E4919
:1086400008600648D430006820F480500349D431D3
:108650000860704788ED00E0002000520044025896
:108660007FEDF6EA000202020000FF018002010134
:108670000010005C088100510040005210B5024813
:10868000FCF793FE10BD00006807002410B50268D7
:108690002B4B98420ED0B0F1804F0BD0294B984213
:1086A00008D0294B984205D0284B984202D0284B3D
:1086B000984203D122F070024B681A43204B984233
:1086C00017D0B0F1804F14D01E4B984211D01E4BE2
:1086D00098420ED01D4B98420BD01D4B984208D0AB
:1086E0001C4B984205D01C4B984202D01B4B984221
:1086F00003D122F44072CB681A4322F080034C6904
:1087000043EA04028B68C3620B6883620C4B984295
:108710000BD00F4B984208D00E4B984205D00E4B11
:10872000984202D00D4B984201D10B690363036854
:1087300043F00403036001234361026010BD0000A5
:10874000000001400004004000080040000C004010
:108750000004014000400140004401400048014045
:1087600030B501F01F05012404FA05F3046A9C43A7
:108770000462046A01F01F0502FA05F52C43046245
:1087800030BD30B50C46816821F47F4142EA0325B3
:1087900025432943816030BD0A468168034B194057
:1087A00042F0070319438160704700008FFFCFFF3D
:1087B00030B5026A056A25F00105056243688469DF
:1087C000204D2C4024F003040D682C4322F00202BB
:1087D0008D682A431C4DA84200D10FE01B4DA842D2
:1087E00000D10BE01A4DA84200D107E0194DA84274
:1087F00000D103E0184DA84206D100BF22F00802C4
:10880000CD682A4322F004020F4DA8420BD00F4D31
:10881000A84208D00E4DA84205D00E4DA84202D065
:108820000D4DA84207D123F4807323F400734D69E2
:108830002B438D692B43436084614D68456302621D
:1088400030BD00008FFFFEFF00000140000401402A
:1088500000400140004401400048014030B5026A38
:10886000056A25F01005056243688469224D2C4095
:1088700024F440740D6844EA052422F020028D6837
:1088800042EA05121D4DA84200D10FE01C4DA8423E
:1088900000D10BE01B4DA84200D100BF1A4DA842E9
:1088A00000D100BF194DA84207D106E022F0800296
:1088B000CD6842EA051222F04002104DA8420BD0CA
:1088C0000F4DA84208D00F4DA84205D00E4DA8422A
:1088D00002D00E4DA84209D123F4806323F4006333
:1088E0004D6943EA85038D6943EA850343608461EA
:1088F0004D688563026230BDFF8FFFFE00000140BE
:108900000004014000400140004401400048014093
:1089100030B5026A056A25F4807505624368C4694A
:10892000224D2C4024F003040D682C4322F40072E5
:108930008D6842EA05221E4DA84200D10FE01D4D70
:10894000A84200D10BE01C4DA84200D100BF1B4D36
:10895000A84200D100BF1A4DA84207D106E022F478
:108960000062CD6842EA052222F48062104DA842DE
:108970000BD0104DA84208D00F4DA84205D00F4D86
:10898000A84202D00E4DA84209D123F4805323F40B
:1089900000534D6943EA05138D6943EA05134360AB
:1089A000C4614D68C563026230BD00008FFFFEFFE9
:1089B000000001400004014000400140004401402B
:1089C0000048014030B5036A056A25F48055056208
:1089D0004468C269124D2A4022F440720D6842EA8E
:1089E000052223F400538D6843EA05330D4DA84258
:1089F0000BD00D4DA84208D00C4DA84205D00C4D0F
:108A0000A84202D00B4DA84204D124F480444D6901
:108A100044EA85144460C2614D680564036230BD58
:108A2000FF8FFFFE000001400004014000400140B4
:108A3000004401400048014030B5026A056A25F44F
:108A4000803505624368446D114D2C400D682C4300
:108A500022F400320D8942EA05420E4DA8420BD0A5
:108A60000D4DA84208D00D4DA84205D00C4DA8428E
:108A700002D00C4DA84204D123F480334D6943EA5F
:108A80000523436044654D688565026230BD000082
:108A90008FFFFEFF00000140000401400040014044
:108AA000004401400048014030B5026A056A25F4DF
:108AB000801505624368446D114D2C400D6844EAF1
:108AC000052422F400120D8942EA05520D4DA842F8
:108AD0000BD00D4DA84208D00C4DA84205D00C4D2E
:108AE000A84202D00B4DA84204D123F480234D6943
:108AF00043EA8523436044654D68C565026230BD25
:108B0000FF8FFFFE000001400004014000400140D3
:108B1000004401400048014030B50B461446026A4B
:108B2000056A25F001050562816921F0F00141EA3D
:108B3000041122F00A021A438161026230BD30B58D
:108B40000B461446026A056A25F010050562816924
:108B500021F4704141EA043122F0A00242EA0312FA
:108B60008161026230BD00000020054908709FED60
:108B7000050A084680ED010A0020088188727047C6
:108B8000440D00240000000070B52DED028B054659
:108B9000284600F01BF80446002C04DB00EE104AC7
:108BA000B8EEC00A07E000EE104AB8EEC00ADFEDEA
:108BB000060A30EE200AB0EE408AB0EE480AFEF710
:108BC00021FBBDEC028B70BD0000B44302E0A0F5B8
:108BD000B47108B2B428FADC02E000F5B47108B24E
:108BE00010F1B40FF9DB704710B500F04FF91248DF
:108BF000007818B9032000F031F910BD0E4890ED4F
:108C0000010AF3EE040AB4EEE00AF1EE10FA08DC11
:108C100090ED010AFBEE040AB4EEE00AF1EE10FA60
:108C200003D2042000F01AF9E7E74FF4FA70FFF7D7
:108C3000FDFB00BFE1E70000440D002410B52A4809
:108C40000078012804D002282ED0032842D115E054
:108C50002648FFF7DDFBC82001F016F94FF4B47188
:108C6000484200F069FAA52001F00EF900201E49E3
:108C700008701F49487800F0F1F833E01B48FFF70F
:108C8000C7FBC82001F000F94FF4B471484200F06E
:108C900053FAA52001F0F8F8002013490870144990
:108CA000487800F0DBF81DE01048FFF7B1FBC82062
:108CB00001F0EAF84FF4B471484200F03DFAA52003
:108CC00001F0E2F80020084908700949487800F0EE
:108CD000C5F807E00020044908700549487800F00D
:108CE000BDF800BF00BF10BD50000024A2FEFFFF72
:108CF000380D002470B50320FEF746F80446012025
:108D0000FEF742F80546002C0FDD1E2C0DDA002080
:108D1000104908701048FFF77BFB4FF4967001F084
:108D2000B3F8032000F09AF812E0002D0FDD1E2D9D
:108D30000DDA0120074908700748FFF769FB4FF477
:108D4000967001F0A1F8032000F088F800E070BDF3
:108D500000BFFCE7400000240CFEFFFF704700004E
:108D600010B500F093F80648007818B1042000F020
:108D700075F810BD4FF49670FFF758FB00BFF8E789
:108D8000440D00247047000010B515488068401C51
:108D9000134988600846007807281AD2DFE800F0F7
:108DA00004070A0D10131600FFF7A4FF15E0FFF7E4
:108DB000D5FF12E0FFF7E6FF0FE0FFF7D1FF0CE071
:108DC00000F010F809E0FFF70FFF06E0FFF736FFAD
:108DD00003E0002000F042F800BF00BF10BD00001B
:108DE000380D002410B500F051F81B48007818B970
:108DF000032000F033F810BD174890ED010AF2EEA1
:108E0000080AB4EEE00AF1EE10FA05DD78214FF41D
:108E10008C7000F09DF9EEE70F4890ED010AFAEE34
:108E2000080AB4EEE00AF1EE10FA05D24FF48C71A4
:108E3000782000F081F9DEE70748008940F226211A
:108E4000884203D8052000F009F8D4E74FF48C706D
:108E5000FFF7ECFA00BFCEE7440D002410B504463E
:108E600009480078A04200D110BD074800780649A3
:108E700048700846047001F016F803494860002065
:108E8000886000BFF0E70000380D00242DE9F04FA6
:108E90002DED048B81B04FF00009CA46002008EE8A
:108EA000100A08EE900A002700254FF6FF789FED84
:108EB000540AB0EE409A0090FEF79AFA20B901B039
:108EC000BDEC048BBDE8F08FFEF78EF9FFF74CFE8A
:108ED0006FF059066BE03046FFF756FE0446782CDB
:108EE00005D340F6C410844201D8012000E00020E0
:108EF0008346BBF1000F19D1BAF1000F15D0032D35
:108F000011D3502D0FD847450DDAB846B8EEC80A30
:108F1000F8EEE80A30EE200AF6EE000A20EE200A0B
:108F2000B0EE409A00954FF0000A3EE0BAF1000F13
:108F30000BD14FF0010A08EE106A08EE106AF0EE4D
:108F4000488A27460125A1462FE04C4502DDA4EBC7
:108F5000090001E0A9EB0400B4281DD9032D11D3A9
:108F6000502D0FD847450DDAB846B8EEC80AF8EECE
:108F7000E80A30EE200AF6EE000A20EE200AB0EEF3
:108F8000409A009508EE106A08EE106AF0EE488AE2
:108F900027460125A14608E008EE906A681CC5B284
:108FA000BC4200DA2746A14600BF701C06B25A2E0A
:108FB00091DDBAF1000F13D0032D11D3502D0FD82E
:108FC00047450DDAB846B8EEC80AF8EEE80A30EEC2
:108FD000200AF6EE000A20EE200AB0EE409A009534
:108FE0004FF6FF70804509D00120064908700846F9
:108FF00080ED019AA0F808800098887200BF5EE7B3
:1090000000000000440D002400BF80211A48F9F739
:10901000C9FD1A49086040211748F9F7C3FD1849EE
:1090200008601648006848B90846006830B1012059
:10903000144908700620FFF711FF18E01048006877
:1090400048B90E48006830B102200E490870062069
:10905000FFF704FF0BE00A48006840B907480068C2
:1090600028B90320074908700620FFF7F7FE012002
:1090700000F00AFFC9E70000000C02584800002475
:109080004C0000245000002400200B490870487058
:1090900000F009FF0849486000208860FFF764FD80
:1090A00040F2DC5000F0F0FE00BFFFF76DFE012043
:1090B00000F0EAFEF9E70000380D002408B50020B2
:1090C00000900A48006800B908BD69460748006872
:1090D00001F068FF009838B14FF0805004490860F3
:1090E000BFF34F8FBFF36F8F00BFEDE74400002445
:1090F00004ED00E002F01AFD0C4908600C48FEF790
:109100003FF9FEF76FFBFEF775F8FDF7CBFE094858
:10911000FDF70AFC00BF0521012001F041FDFEF72B
:1091200021FAFDF715FFFDF7E1FCF4E74400002408
:10913000040400247003002470B504460D46214643
:109140000120FEF75BFF29460220FEF757FF70BDA6
:1091500070B504460D4621460120FEF74FFF294613
:109160000220FEF74BFF70BD70B5456E2DB901258D
:10917000A0F86A50A0F868501CE01023102405687D
:10918000AD68C5F342610568AD686A0F0A4DAD5C14
:1091900015FB04F5094EB65C95FBF6F5A0F86A5090
:1091A000054D6D5C15FB03F5044E765C95FBF6F5FD
:1091B000A0F8685070BD000090C0000898C000087A
:1091C00090F8281001F00801082907D101684968C2
:1091D00021F40041826B11430268516090F828101D
:1091E00001F0010139B10168496821F40031C26A16
:1091F00011430268516090F8281001F00201022921
:1092000007D10168496821F48031026B114302687B
:10921000516090F8281001F00401042907D1016879
:10922000496821F48021426B11430268516090F833
:10923000281001F01001102907D10168896821F474
:109240008051C26B11430268916090F8281001F0C0
:109250002001202907D10168896821F40051026C9E
:1092600011430268916090F8281001F040014029F4
:1092700013D10168496821F48011426C11430268DE
:109280005160416CB1F5801F07D10168496821F434
:10929000C001826C11430268516090F8281001F0FF
:1092A0008001802907D10168496821F40021C26C3E
:1092B000114302685160704738B504460020C4F875
:1092C0009000F9F77DFC05462068006800F0080072
:1092D000082821D16FF07E402B4600224FF4001168
:1092E0000090204600F098FCB0B100BF00BF21689C
:1092F00051E8001F21F08000226842E800010029A7
:10930000F5D100BF2020C4F8880000BF002084F8F9
:10931000840000BF032038BD2068006800F004000E
:10932000042830D16FF07E402B4600224FF480019C
:109330000090204600F070FC28B300BF00BF2168F9
:1093400051E8001F21F49070226842E800010029D2
:10935000F5D100BF00BF00BF2168083151E8001FF0
:1093600021F001002168083141E80002002AF3D110
:1093700000BF2020C4F88C0000BF002084F88400C7
:1093800000BF0320C7E72020C4F88800C4F88C0081
:109390000020E066206700BF84F8840000BF00BFA3
:1093A000B9E770B50446A56B0020A5F85E00284615
:1093B000FCF7CAFB70BD2DE9F0410546AC6BD4F853
:1093C0008860D4F88C702068806800F08000802865
:1093D00007D1212E05D10020A4F85600204600F028
:1093E000D1F82068806800F04000402807D1222F83
:1093F00005D10020A4F85E00204600F075F8D4F8EE
:10940000900040F01000C4F890002046FCF79CFB50
:10941000BDE8F08170B50546AC6BE869B0F5807FBA
:1094200040D00020A4F85E0000BF00BF216851E8D2
:10943000001F21F48070226842E800010029F5D164
:1094400000BF00BF00BF2168083151E8001F21F0B4
:1094500001002168083141E80002002AF3D100BF71
:1094600000BF00BF2168083151E8001F21F0400013
:109470002168083141E80002002AF3D100BF202012
:10948000C4F88C00E06E01280CD100BF00BF216839
:1094900051E8001F21F01000226842E80001002975
:1094A000F5D100BF00202067E06E012805D1B4F897
:1094B0005C102046FCF77CFA02E02046FDF7A6F897
:1094C00070BD70B50546AC6B01202067E06E0128C9
:1094D00006D1B4F85C0041082046FCF769FA02E0C6
:1094E0002046FDF7C3F870BD00BF00BF026852E818
:1094F000002F22F49071036843E80012002AF5D18E
:1095000000BF00BF00BF0268083252E8002F104BB6
:1095100002EA03010268083242E80013002BF2D18C
:1095200000BFC16E01290CD100BF00BF026852E824
:10953000002F22F01001036843E80012002AF5D141
:1095400000BF2021C0F88C100021C1664167704720
:10955000FEFFFFEF10B5044600BF00BF216851E8D1
:10956000001F21F04000226842E800010029F5D1E7
:1095700000BF2020C4F888000020A0672046FDF727
:10958000D7F810BD00BF00BF026852E8002F22F0DC
:10959000C001036843E80012002AF5D100BF00BFF4
:1095A00000BF0268083252E8002F22F4000102686E
:1095B000083242E80013002BF3D100BF2021C0F88D
:1095C000881070472DE9F04F89B0054600200890BB
:1095D000F8492868884200D100E000BF2969A868DE
:1095E000084369690843E96940EA01082868006896
:1095F000F149084040EA0800296808602868406886
:1096000020F44050E968084329684860D5F818807C
:10961000E8492868884202D0286A40EA0808286891
:109620008068E649084040EA0800296888602868A0
:10963000C06A20F00F00696A08432968C86200BF49
:10964000DF492868884220D1DE48006800F03800F1
:10965000182811D005DC48B1082809D0102811D1EC
:1096600008E020280AD028280CD109E001240BE0CA
:10967000042409E0082407E0102405E0202403E086
:10968000402401E0802400BFF8E0CF4928688842E8
:1096900019D1CC48006800F00700062810D2DFE896
:1096A00000F0030507090B0D00240BE0042409E07A
:1096B000082407E0102405E0202403E0402401E012
:1096C000802400BFDAE0C1492868884219D1BD482A
:1096D000006800F00700062810D2DFE800F003055C
:1096E00007090B0D00240BE0042409E0082407E01F
:1096F000102405E0202403E0402401E0802400BF82
:10970000BCE0B3492868884219D1AE48006800F02F
:109710000700062810D2DFE800F0030507090B0D4B
:1097200000240BE0042409E0082407E0102405E0ED
:10973000202403E0402401E0802400BF9EE0A549EE
:109740002868884219D19F48006800F00700062861
:1097500010D2DFE800F0030507090B0D00240BE031
:10976000042409E0082407E0102405E0202403E095
:10977000402401E0802400BF80E0974928688842A7
:1097800020D19048006800F03800182811D005DC7E
:1097900048B1082809D0102811D108E020280AD0A3
:1097A00028280CD109E001240BE0042409E0082456
:1097B00007E0102405E0202403E0402401E0802499
:1097C00000BF5BE085492868884219D17D48006860
:1097D00000F00700062810D2DFE800F003050709B3
:1097E0000B0D00240BE0042409E0082407E01024FA
:1097F00005E0202403E0402401E0802400BF3DE098
:1098000077492868884219D16E48006800F007003F
:10981000062810D2DFE800F0030507090B0D00242D
:109820000BE0042409E0082407E0102405E02024CC
:1098300003E0402401E0802400BF1FE05D49286868
:1098400088421AD15F48001D006800F00700062812
:1098500010D2DFE800F0030507090B0D02240BE02E
:10986000042409E0082407E0102405E0202403E094
:10987000402401E0802400BF00E0802400BF4D4967
:10988000286888427DD1102C1AD006DC022C09D021
:10989000042C0BD0082C29D10DE0202C21D0402CF9
:1098A00024D120E0F9F730FB064623E005A8F9F7BC
:1098B0003DFB069E1EE002A8F9F750FC039E19E04E
:1098C000404854380068C0F3401040B13D48543817
:1098D0000068C0F3C101434820FA01F600E0414EA0
:1098E00008E0414E06E04FF4004603E00026012068
:1098F000089000BF00BF002E10D03C49686A31F8C4
:109900001000B6FBF0F9686800EB4000484503D84A
:1099100068680003484502D20120089003E13349FA
:10992000686A31F810C06246002330461946F6F7DF
:1099300087FD4FF4807300228446ACFB030B01FBD0
:1099400003B10CFB021C69684908034659184CEB2B
:109950000200CDE90010D5F804C062460023084695
:109960000199F6F76DFD0746B7F5407F06D3B7F5C9
:10997000801F03D22868C760D5E002E0012008906C
:10998000D1E0E869B0F5004F7BD1082C39D005DC77
:109990005CB1012C2CD0042C4CD12DE0102C35D0F6
:1099A000202C42D0402C45D141E0FAF78FFD0646ED
:1099B00044E00000000C0058F369FFCFFFF4FF11F2
:1099C0000010014054440258004400400048004048
:1099D000004C00400050004000140140007800405E
:1099E000007C00400090D00300093D0078C00008D2
:1099F000FAF77EFD064621E005A8F9F797FA069EDC
:109A00001CE002A8F9F7AAFB039E17E04C48006887
:109A1000C0F3401038B14A480068C0F3C10149485A
:109A200020FA01F600E0474E08E0474E06E04FF40A
:109A3000004603E000260120089000BF00BFFEB1F1
:109A40004249686A31F81000B6FBF0F040006968DE
:109A500000EB5100B0FBF1F7102F0FD3B7F5803FAB
:109A60000CD24FF6F07007EA000AC7F342004AEA48
:109A7000000A2868C0F80CA055E002E00120089018
:109A800051E0082C1AD005DC5CB1012C0DD0042C5F
:109A90002DD10EE0102C16D0202C23D0402C26D116
:109AA00022E0FAF713FD064625E0FAF721FD064607
:109AB00021E005A8F9F73AFA069E1CE002A8F9F79A
:109AC0004DFB039E17E01E480068C0F3401038B1FC
:109AD0001B480068C0F3C1011A4820FA01F600E0F3
:109AE000184E08E0184E06E04FF4004603E000264A
:109AF0000120089000BF00BFAEB11449686A31F878
:109B00001000B6FBF0F0696800EB5100B0FBF1F714
:109B1000102F06D3B7F5803F03D2B8B22968C860CA
:109B200001E0012008900120A5F86A00A5F868006E
:109B300000206867A867089809B0BDE8F08F0000AA
:109B4000004402580090D00300093D0078C000088E
:109B500070B504460E46154644F8586FA58000209F
:109B6000A06322206063A06A583CF8B12748241DF6
:109B7000E16FC8632648E16F08642648E16FC86456
:109B80000020E16F086554F8043C03F12401626D84
:109B9000E06F241F2B46F8F717FD38B11020C4F8EA
:109BA00090002020C4F88C00012070BD206960B1B5
:109BB00000BF00BF216851E8001F41F48070226897
:109BC00042E800010029F5D100BF00BF00BF2168B5
:109BD000083151E8001F41F001002168083141E8D7
:109BE0000002002AF3D100BF00BF00BF2168083186
:109BF00051E8001F41F040002168083141E80002AF
:109C0000002AF3D100BF0020CFE700001594000820
:109C1000C3940008B79300082DE9F04104460D46AF
:109C200017469846069E41E0701C00283ED0F8F783
:109C3000C7FFA0EB0800B04200D816B90320BDE86A
:109C4000F0812068006800F0040070B3802D2DD0F2
:109C5000402D2BD02068C069C0F3C00078B1082027
:109C6000216808622046FFF73FFC0820C4F89000F6
:109C700000BF002084F8840000BF0120DFE72068D7
:109C8000C069C0F3C02080B14FF400602168086251
:109C90002046FFF729FC2020C4F8900000BF0020D8
:109CA00084F8840000BF0320C9E7FFE72068C0698B
:109CB0002840A84201D1012000E00020B842B3D0E2
:109CC0000020BCE710B50248FBF774FF10BD000090
:109CD0000404002400BFFEE702480068C0F302202D
:109CE000704700000CED00E010B5002804DB0A0707
:109CF000130E054A135406E00A07140E034A00F037
:109D00000F031B1FD45410BD00E400E018ED00E069
:109D1000EFF3058070470000FDF788FE00BF58484C
:109D2000006800F4003000B139E000BF00BF00BFA0
:109D3000BFF34F8F00BF00BF00BF00BF00BF00BF19
:109D4000BFF36F8F00BF00BF00BF00204D49086008
:109D500000BF00BF00BFBFF34F8F00BF00BF00BFF9
:109D600000BF00BF00BFBFF36F8F00BF00BF00BFC9
:109D70004348006840F400304149086000BF00BF1C
:109D800000BFBFF34F8F00BF00BF00BF00BF00BFC9
:109D900000BFBFF36F8F00BF00BF00BF00BF00BF99
:109DA000374B1B6803F4803303B148E00023344C85
:109DB0007034236000BF00BF00BFBFF34F8F00BFF0
:109DC00000BF00BF231F1868C0F34E3100BFC0F3AF
:109DD000C90200BF43F6E07303EA41134FF0404469
:109DE00004EA82742343274C1034236000BF00BF71
:109DF000131EA2F10102EDD10B1EA1F10101E6D16A
:109E000000BF00BF00BFBFF34F8F00BF00BF00BF48
:109E10001B4B1B6843F48033194C236000BF00BF09
:109E200000BFBFF34F8F00BF00BF00BF00BF00BF28
:109E300000BFBFF36F8F00BF00BF00BF00BFF8F7C8
:109E4000D1FEFEF71FFBFDF78DFEFDF71FFEFDF7B0
:109E5000EDFEFEF785F8FDF775FFFDF7A9FFFDF7AD
:109E6000DDFFFEF711F8FEF745F8FEF7B1F800F058
:109E700027F8FDF74DFE00F039F800BFFEE70000BF
:109E800014ED00E050EF00E070B50546FFF740FF2D
:109E900010B16FF0050404E0002415B1284601F06C
:109EA00041F8204670BD10B5FFF732FF18B101F040
:109EB00059FE044602E001F04FFE0446204610BD64
:109EC00010B5FFF725FF10B16FF0050409E0064853
:109ED000006820B9012004490860002401E04FF027
:109EE000FF34204610BD0000A400002470B5FFF729
:109EF0000FFF10B16FF005041FE011480068012842
:109F000019D100BF801F0021002804DB0A07130EAF
:109F10000C4A135406E00A07150E0B4A00F00F0313
:109F20001B1FD55400BF00BF02200549086001F087
:109F3000EBF8002401E04FF0FF34204670BD000034
:109F4000A400002400E400E018ED00E02DE9FF4744
:109F500080468946144600200390FFF7D9FE00286A
:109F60004ED1B8F1000F4BD0802618258246471EEF
:109F700044B3206808B1D4F800A0A06900B1A56975
:109F80002DB1382D03D8207900F0010018B1002040
:109F900004B0BDE8F087606908B160698608A06810
:109FA00040B1E0685C2805D3206918B1606908B148
:109FB000012708E0A06830B9E06820B9206910B92D
:109FC000002700E00027012F0CD12169A0684B4633
:109FD0003246CDE9005102905146404601F048FD1D
:109FE00003900DE067B903A8B2B24B465146CDE9E4
:109FF0000050404601F00AFD012801D000200390E6
:10A000000398C5E72DE9F04105460E461648076856
:10A0100016480068001D00F0FDFD681C38B936B117
:10A0200012480168091D124800F04AFE1AE07C1926
:10A030000E4800684460BC4207D20C480168091D04
:10A040000C48006800F022FE0CE008480168091D79
:10A050000948006800F01AFE08480068844201D2EE
:10A0600006480460BDE8F081680000245400002424
:10A07000AC1200245C00002458000024840000245A
:10A0800010B5044600F028FE24480068401C23490F
:10A0900008602348006840B9214804600846006809
:10A0A00001280DD100F0FCF90AE01E48006838B91B
:10A0B0001B480068C06AE16A884201D818480460F9
:10A0C00019480068401C1849086008460068606428
:10A0D0001649E06A0968884202D91449E06A0860B2
:10A0E000E16A01EB8101124A02EB8100211D00F0BF
:10A0F000E7FD00F01BFE0B48006868B108480068E7
:10A10000C06AE16A884207D24FF08050094908606E
:10A11000BFF34F8FBFF36F8F10BD000064000024AA
:10A120005400002470000024800000246C000024EF
:10A13000FC0D002404ED00E008B500F0CDFD124850
:10A140000068E8B9114800F091FD114800F08EFD5B
:10A150000E48104908600E480F49086000200F4B58
:10A160000F4A102100900A2001F048F906490860C2
:10A170000846006820B10BA10348006800F096FE75
:10A1800000F0D4FD08BD000098000024C012002497
:10A19000D41200249000002494000024E81200242B
:10A1A00038130024546D72510000000010B516E001
:10A1B00000F092FD0C48C068C468201D00F02AFD24
:10A1C0000A480068401E0949086009480068401EA6
:10A1D0000749086000F0AAFD204600F05FF8044837
:10A1E00000680028E4D110BD981200246400002407
:10A1F0006000002470B504460D46206C70B1216CDF
:10A20000E0680144E160D4E90210884201D321688A
:10A21000E1602846226CE168F6F789F970BD2DE906
:10A22000F04104460F4615464FF00008A66B206C1F
:10A2300048B9206800282CD1A06801F03FFD804675
:10A240000020A06025E07DB93946226C6068F6F7F1
:10A250006EF9216C606808446060D4E901018842AD
:10A2600017D32068606014E03946226CE068F6F786
:10A270005EF9216CE068411AE1602168E06888427B
:10A2800003D2216CA068411AE160022D01D106B110
:10A29000761E701CA0634046BDE8F08110B50446F0
:10A2A00094F8590030B9206B00F05EFD204600F0B4
:10A2B0005BFD1AE094F85900012803D1204600F014
:10A2C00053FD12E094F85900022801D1012000E06A
:10A2D000002050B900BF502080F31188BFF34F8F8A
:10A2E000BFF36F8F00BF00BFFEE710BD0146084AF5
:10A2F000126812680AB9012200E000220A600A68A6
:10A3000022B9034A1268D268106800E00020704742
:10A310009000002430B54FF47053174800F0070444
:10A320002CB1C01D20F00700134C041B1B1B024660
:10A33000124C22600024114D6C60D018083820F0B7
:10A3400007000F4C206000240D4D2D686C600C4DF3
:10A350002D682C601146441A4C60094C24680C602E
:10A36000084D4C682C60084D4C682C604FF0004440
:10A37000064D2C6030BD0000901A0024A800002477
:10A38000B0000024B8000024B4000024C40000245D
:10A3900000BFFFF70BFF064800680128F9D94FF00E
:10A3A000805004490860BFF34F8FBFF36F8FF0E711
:10A3B000FC0D002404ED00E02DE9F04106460D46B9
:10A3C00017469846069C0DB9246000E02760E663B6
:10A3D00025640121204601F081F884F84C80BDE815
:10A3E000F0812DE9F05F82460E4690469B460A9F1B
:10A3F0000C9C4FEA8801A522206BF6F70FF9A8F113
:10A400000100216B01EB800929F0070909F0070021
:10A4100008B9012000E0002050B900BF502080F3AF
:10A420001188BFF34F8FBFF36F8F00BF00BFFEE7F0
:10A4300086B1002507E0715D04F134004155705D7F
:10A4400000B902E06D1C102DF5D300BF00214320A0
:10A45000015502E0002084F83400382F00D337275C
:10A46000E762E76400202065201D00F00CFC04F189
:10A47000180000F008FC2461C7F13800A061646294
:10A480000020606584F858005A465146484600F05E
:10A4900071FB20600B9808B10B980460BDE8F09F39
:10A4A00010B5002407E004EB84010F4A02EB8100A1
:10A4B00000F0DCFB641C382CF5D30C4800F0D6FB14
:10A4C0000B4800F0D3FB0B4800F0D0FB0A4800F02B
:10A4D000CDFB0A4800F0CAFB04480949086004485B
:10A4E0000849086010BD0000FC0D00245C12002427
:10A4F000701200248412002498120024AC1200244C
:10A50000580000245C00002410B50146164800E005
:10A51000006803688B42FBD30246436813448B42B6
:10A5200004D143684C682344436001460A464B68A3
:10A5300013440468A34211D10C4C03682468A3425D
:10A5400008D04B680468646823444B6003681B6848
:10A550000B6005E0054B1B680B6001E003680B60B6
:10A56000884200D0016010BDA8000024B000002483
:10A570002DE9F04104460D4616461F464FF00008EF
:10A5800065602461B5420CD8F01BA169884202D3F2
:10A590004FF0010811E0211D0948006800F076FB2A
:10A5A0000BE0BE4204D2BD4202D34FF0010804E0EA
:10A5B000211D0448006800F069FB4046BDE8F081B9
:10A5C000940000249000002470B5054600F084FB40
:10A5D000A86B08B9012400E0002400F0A7FB204686
:10A5E00070BD70B5054600F077FBA86BE96B88423B
:10A5F00001D1012400E0002400F098FB204670BD4A
:10A60000F8B505460F461A480068C068C468201DA2
:10A6100000F000FB94F8280000F00400E8B1A06905
:10A6200041192B463A462046FFF7A2FFD8B1002039
:10A6300003462A4601460090204601F09BFC064650
:10A6400056B900BF502080F31188BFF34F8FBFF37E
:10A650006F8F00BF00BFFEE705E094F8280020F0F0
:10A66000010084F828002046216A8847F8BD0000D0
:10A6700090000024F0B587B0A0E00398002811DA1C
:10A6800004AE56B900BF502080F31188BFF34F8F3E
:10A69000BFF36F8F00BF00BFFEE7D6E90020B168AF
:10A6A000904700BF03980028E6DB059C606908B965
:10A6B000012000E0002010B9201D00F0ABFA02A834
:10A6C00000F0DEF8054603980A2875D2DFE800F0AE
:10A6D00009050739416306083A4200BF00BF00BFC1
:10A6E00000BF94F8280040F0010084F82800049886
:10A6F000A269811803462A462046FFF739FFF8B1C0
:10A700002046216A884794F8280000F00400B8B178
:10A71000002000900498A1694218002319462046A1
:10A7200001F028FC074657B900BF502080F311887C
:10A73000BFF34F8FBFF36F8F00BF00BFFEE700BFB7
:10A740003BE000BF94F8280020F0010084F82800C6
:10A7500033E000BF94F8280040F0010084F828009E
:10A760000498A061A06908B1012000E0002050B960
:10A7700000BF502080F31188BFF34F8FBFF36F8F5E
:10A7800000BF00BFFEE7A06941192B462A462046BC
:10A79000FFF7EEFE11E094F8280000F0020018B96F
:10A7A000204600F0E1FA05E094F8280020F00100CE
:10A7B00084F8280001E0FFE700BF00BF002203A9E2
:10A7C0000448006801F028F800287FF456AF07B06D
:10A7D000F0BD000098000024F8B505460C4600F0D6
:10A7E000EFFC684600F04CF80646009820BB44B9E0
:10A7F000B54206D801F000FB31462846FFF700FFBE
:10A800001CE03CB10E480068006808B9012000E077
:10A8100000200446A91B22460A48006800F05CFBA1
:10A8200001F0EAFA50B94FF0805007490860BFF3D1
:10A830004F8FBFF36F8F01E001F0DEFAF8BD00002B
:10A84000940000249800002404ED00E00A490968FF
:10A85000096809B9012100E0002121B14FF0FF3161
:10A86000064A116006E004490968C968C868034AD5
:10A8700041681160704700005800002484000024E3
:10A8800070B5044601F068F905460748006885423E
:10A8900004D200F00BF80120206001E000202060CD
:10A8A00001480560284670BDA00000242DE9F8434A
:10A8B00034E025480068C068056823480068C0681F
:10A8C000C468201D00F0A6F92046216A884794F844
:10A8D000280000F0040008B3A0694619AE4207D969
:10A8E00066602461211D1848006800F0CFF915E06A
:10A8F000002003462A4601460090204601F03AFB1C
:10A90000074657B900BF502080F31188BFF34F8F1F
:10A91000BFF36F8F00BF00BFFEE700BF0A480068AB
:10A92000006808B9012000E000200028C1D00648D6
:10A93000D0F8008005480068034908600348C0F863
:10A940000080BDE8F88300009000002494000024FB
:10A950000E480068401C08B9012000E0002050B9F2
:10A9600000BF502080F31188BFF34F8FBFF36F8F6C
:10A9700000BF00BFFEE700BF502080F31188BFF387
:10A980004F8FBFF36F8F00BF00BFFEE7C8000024EA
:10A9900008B500BF6846FFF7A9FC044620460099A9
:10A9A000FFF71AFFFFF766FEF4E770B5044600F004
:10A9B00093F994F9455010E0606A08B9012000E06D
:10A9C000002038B904F1240001F0CAF918B100F0F0
:10A9D000E3FA00E003E0681E45B2002DECDC00BFA6
:10A9E000FF2084F8450000F0A1F900F075F994F912
:10A9F000445010E0206908B9012000E0002048B967
:10AA000004F1100001F0ACF908B100F0C5FA681EBD
:10AA100045B200E001E0002DECDC00BFFF2084F82F
:10AA2000440000F083F970BD2DE9F04104464FF079
:10AA3000000800F0C5FB4948006808B9FFF76AFC48
:10AA4000474800682040002870D1D4B1083404F091
:10AA50000700B0B104F00700C0F10800044404F09E
:10AA6000070008B9012000E0002050B900BF5020C5
:10AA700080F31188BFF34F8FBFF36F8F00BF00BF0C
:10AA8000FEE7002C52D03748006884424ED8364E3C
:10AA90003046056801E02E462D686868A04202D263
:10AAA00028680028F7D12D48006885423ED03068DC
:10AAB00000F10808286830606868001B102819D960
:10AAC0002F1907F0070008B9012000E0002050B955
:10AAD00000BF502080F31188BFF34F8FBFF36F8FFB
:10AAE00000BF00BFFEE76868001B78606C603846F6
:10AAF000FFF70AFD1B4968680968081A19490860C8
:10AB00000846006819490968884203D21548006858
:10AB1000164908601249686809680843686000209F
:10AB2000286013480068401C1149086001F064F96E
:10AB300008F0070008B9012000E0002050B900BF6C
:10AB4000502080F31188BFF34F8FBFF36F8F00BF8A
:10AB500000BFFEE74046BDE8F0810000B0000024E1
:10AB6000C4000024B4000024A8000024B80000247D
:10AB7000BC000024001F4FF080730360001F21F011
:10AB800001030360001F054B036014380260001FBF
:10AB90006FF00203036020387047000051A90008DD
:10ABA00070B506460D4600F097F818480068406DED
:10ABB00088B901201549096881F858005DB1012163
:10ABC0002846FFF71FFA4FF0805011490860BFF385
:10ABD0004F8FBFF36F8F00F0A9F800F07DF80B489E
:10ABE0000068446D4CB126B10020084909684865E9
:10ABF00003E0601E054909684865002003490968AB
:10AC000081F8580000F092F8204670BD54000024EE
:10AC100004ED00E001460A69D1E901309860D1E90C
:10AC2000010358605068884201D188685060002054
:10AC300008611068401E106010687047034B036085
:10AC4000034B0B608023136070470000D81300246F
:10AC500034140024034B0360034B0B604FF48073E8
:10AC600013607047341600249016002400F1080188
:10AC700041604FF0FF31816000F10801C160016166
:10AC800000210160704700210161704710B5024644
:10AC90000B685C1C0CB9106907E002F1080000E0C9
:10ACA0004068446824689C42FAD944684C604C6807
:10ACB000A160886041600A611468641C146010BD62
:10ACC00042684A6093688B6093685960916008613C
:10ACD00003685B1C0360704700BF502080F311883D
:10ACE000BFF34F8FBFF36F8F00BF0E480068401C4B
:10ACF0000C49086008460068012812D10A4800681B
:10AD0000C0B208B9012000E0002050B900BF5020B7
:10AD100080F31188BFF34F8FBFF36F8F00BF00BF69
:10AD2000FEE77047C800002404ED00E00D4800680D
:10AD300050B900BF502080F31188BFF34F8FBFF38D
:10AD40006F8F00BF00BFFEE706480068401E054940
:10AD500008600846006820B9002080F3118800BF11
:10AD600000BF7047C800002470B506463546002E67
:10AD700044D0083D2C46224960680968084008B163
:10AD8000012000E0002050B900BF502080F311885E
:10AD9000BFF34F8FBFF36F8F00BF00BFFEE7206888
:10ADA00008B9012000E0002050B900BF502080F316
:10ADB0001188BFF34F8FBFF36F8F00BF00BFFEE757
:10ADC0000F49606809680840C0B12068B0B90C49F3
:10ADD000606809688843606000F0F2F909496068BA
:10ADE00009680844074908602046FFF78DFB0648BC
:10ADF0000068401C0449086000F0FEFF70BD0000C0
:10AE0000C4000024B4000024C000002400204FF03F
:10AE1000E02108618861064800684FF47A71B0FB50
:10AE2000F1F0401E4FF0E0214861072008617047B3
:10AE30001800002470B5F5F7DBFA0446102C16D381
:10AE400004F1E02090F8F05315480078854201DBCA
:10AE5000012000E0002050B900BF502080F311888D
:10AE6000BFF34F8FBFF36F8F00BF00BFFEE70D48EA
:10AE7000006800F4E0600C490968884201D80120AC
:10AE800000E0002050B900BF502080F31188BFF3CC
:10AE90004F8FBFF36F8F00BF00BFFEE770BD000094
:10AEA000CC0000240CED00E0D0000024024600207D
:10AEB0000BE0084B53F8303033B9064B43F83010F1
:10AEC00003EBC0035A6002E0401C0828F1D300BF26
:10AED00070470000BC0D00242DE9F04105460E46E8
:10AEE00017462C46FFF7F8FE94F94400401C10B9B1
:10AEF000002084F8440094F94500401C10B900205B
:10AF000084F84500FFF712FFA06B28B93A46314696
:10AF100004F1240000F0D8F82046FFF746FDBDE814
:10AF2000F081000070B504460025D4B112480068D5
:10AF300008B9012000E0002050B900BF502080F384
:10AF40001188BFF34F8FBFF36F8F00BF00BFFEE7C5
:10AF500000F036F900212046FFF754F800F04CFFCE
:10AF600005463DB94FF0805004490860BFF34F8F4C
:10AF7000BFF36F8F70BD00008C00002404ED00E073
:10AF8000034909680160034909684160704700008E
:10AF90007C000024680000240120014908607047FB
:10AFA000780000242DE9F04105460F4655B900BF51
:10AFB000502080F31188BFF34F8FBFF36F8F00BF16
:10AFC00000BFFEE7FFF736FF2C4600BF5021EFF32E
:10AFD000118081F31188BFF34F8FBFF36F8F00BFD4
:10AFE000064694F85880022084F85800606D401C92
:10AFF0006065B8F1010F39D1A06A08B9012000E0FD
:10B00000002050B900BF502080F31188BFF34F8F4C
:10B01000BFF36F8F00BF00BFFEE717480068A0B9FD
:10B02000201DFFF7F7FD1549E06A0968884202D93B
:10B030001249E06A0860E16A01EB8101104A02EB03
:10B040008100211DFFF73CFE04E004F118010D48CA
:10B05000FFF736FE0C49E06A0968C96A884205D9DB
:10B060000FB10120386001200849086000BF86F355
:10B07000118800BFBDE8F0818C0000246C00002422
:10B08000FC0D0024841200245400002478000024C5
:10B0900070B504460D4654B900BF502080F31188A6
:10B0A000BFF34F8FBFF36F8F00BF00BFFEE70548B0
:10B0B000016818312046FFF7E9FD01212846FEF717
:10B0C000A1FF70BD5400002470B505460E4614461D
:10B0D00055B900BF502080F31188BFF34F8FBFF3E5
:10B0E0006F8F00BF00BFFEE7064801681831284691
:10B0F000FFF7E6FD0CB14FF0FF3621463046FEF774
:10B1000081FF70BD5400002410B586B0002005906A
:10B11000049003AA04A905A8FFF790FD0022DDE929
:10B1200004101346CDE9002102901EA11F48039A86
:10B1300000F09EFC1E4908600846006808B1012422
:10B1400000E00024012C02D100F0D8FE0446012CBE
:10B1500015D100BF502080F31188BFF34F8FBFF38C
:10B160006F8F00BF4FF0FF30124908600120124975
:10B17000086000201149086000F072F810E0601CBF
:10B1800008B1012000E0002050B900BF502080F33A
:10B190001188BFF34F8FBFF36F8F00BF00BFFEE773
:10B1A00006B010BD49444C450000000091A30008C2
:10B1B000880000248400002470000024680000241B
:10B1C00002480068401C0149086070478C00002458
:10B1D0001E48006818B101201D49086034E00020B5
:10B1E0001B4908601B4801680CE051B900BF5020A2
:10B1F00080F31188BFF34F8FBFF36F8F00BF00BF85
:10B20000FEE7491E01EB8100134A52F8200008B9FD
:10B21000012000E000200028E7D101EB81020E4B65
:10B2200003EB820042685268426000F10802436802
:10B23000934202D14268526842604268D268074B2A
:10B240001A600448016000BF704700008C000024B1
:10B25000780000246C000024FC0D0024540000241D
:10B260001CB5524800685249884201D0012000E0D4
:10B27000002050B900BF502080F31188BFF34F8FDA
:10B28000BFF36F8F00BF00BFFEE748480068484922
:10B29000491E884201D0012000E0002050B900BFC3
:10B2A000502080F31188BFF34F8FBFF36F8F00BF23
:10B2B00000BFFEE73F49084600780190FF200A469C
:10B2C00010700846007800909DF8000000F0F00033
:10B2D0009DF80020904201D1012000E0002050B9EB
:10B2E00000BF502080F31188BFF34F8FBFF36F8FE3
:10B2F00000BF00BFFEE79DF8000000F050002E4A9E
:10B30000107007202D4A106009E02C480068401E8C
:10B310002A4A10609DF800004006000E00909DF83B
:10B32000000000F080008028EFD024480068C0F1C1
:10B330000700042801D1012000E0002050B900BF1F
:10B34000502080F31188BFF34F8FBFF36F8F00BF82
:10B3500000BFFEE7194800680002184A1060104656
:10B36000008800F4E0601060124A019810700F48E5
:10B370002030006840F470000C4920310860084615
:10B38000006840F070400860FFF740FD00200C4965
:10B390000860F4F7F5FF0B48006840F040400949A9
:10B3A0000860F4F7D9FF00201CBD000000ED00E0AC
:10B3B00071C20F4100E400E0CC000024D000002462
:10B3C000C800002434EF00E010B500BF502080F327
:10B3D0001188BFF34F8FBFF36F8F00BF00F0CCFB1E
:10B3E00018B14FF080500449086000BF002080F37E
:10B3F000118800BF10BD000004ED00E02DE9F84306
:10B4000080460E4617461D46DDF82090B8F1000F25
:10B4100001D0012000E0002050B900BF502080F38F
:10B420001188BFF34F8FBFF36F8F00BF00BFFEE7E0
:10B430000DB1012000E0002050B900BF502080F382
:10B440001188BFF34F8FBFF36F8F00BF00BFFEE7C0
:10B4500007B10EB1012000E0002050B900BF50201C
:10B4600080F31188BFF34F8FBFF36F8F00BF00BF12
:10B47000FEE707B90EB9012000E0002050B900BF77
:10B48000502080F31188BFF34F8FBFF36F8F00BF41
:10B4900000BFFEE7502000900098502801D1012005
:10B4A00000E0002050B900BF502080F31188BFF3A6
:10B4B0004F8FBFF36F8F00BF00BFFEE700BF2C466A
:10B4C0004CB1012084F846004B463A46314640468E
:10B4D0000094FEF771FF2046BDE8F88370B505467D
:10B4E0000E462C4654B900BF502080F31188BFF39C
:10B4F0004F8FBFF36F8F00BF00BFFEE7FFF7ECFB7E
:10B50000D4E90F12206801FB0200A0600020A063B4
:10B5100020686060E06B401E226C216800FB021115
:10B52000E160FF2084F8440084F845009EB920695A
:10B5300008B9012000E00020A8B904F1100000F0D3
:10B540000FFC80B14FF0805009490860BFF34F8F66
:10B55000BFF36F8F07E004F11000FFF787FB04F1E2
:10B560002400FFF783FBFFF7E1FB012070BD000023
:10B5700004ED00E02DE9FF4383B0064688461D46F2
:10B580004FF00009344654B900BF502080F31188B1
:10B59000BFF34F8FBFF36F8F00BF00BFFEE7B8F15F
:10B5A000000F01D1206C08B9012000E0002050B943
:10B5B00000BF502080F31188BFF34F8FBFF36F8F10
:10B5C00000BF00BFFEE7022D02D1E06B012801D1D0
:10B5D000012000E0002050B900BF502080F3118806
:10B5E000BFF34F8FBFF36F8F00BF00BFFEE700F0C8
:10B5F000A3FA08B9059808B9012000E0002050B965
:10B6000000BF502080F31188BFF34F8FBFF36F8FBF
:10B6100000BF00BFFEE700BFFFF75EFBA06BE16B62
:10B62000884201D3022D28D12A4641462046FEF702
:10B63000F6FD0746606A08B9012000E0002068B9FD
:10B6400004F1240000F08CFB88B14FF080503249A7
:10B650000860BFF34F8FBFF36F8F08E03FB14FF02B
:10B6600080502D490860BFF34F8FBFF36F8FFFF7F6
:10B670005DFB012007B0BDE8F083059818B9FFF71E
:10B6800055FB0020F6E7B9F1000F04D101A8FFF740
:10B6900077FC4FF00109FFF749FBFFF791FDFFF73A
:10B6A0001BFB94F94400401C10B9002084F84400AE
:10B6B00094F94500401C10B9002084F84500FFF7BC
:10B6C00035FB05A901A800F05BF9F0B92046FEF7AB
:10B6D00088FFA0B104F110000599FFF7D9FC2046BE
:10B6E000FFF763F900F088FB002895D14FF08050F8
:10B6F00009490860BFF34F8FBFF36F8F8CE7204677
:10B70000FFF753F900F078FB86E72046FFF74DF985
:10B7100000F072FB0020ADE704ED00E02DE9F84FEA
:10B7200007468A4690461E463C4654B900BF502004
:10B7300080F31188BFF34F8FBFF36F8F00BF00BF3F
:10B74000FEE7BAF1000F01D1206C08B9012000E03A
:10B75000002050B900BF502080F31188BFF34F8FF5
:10B76000BFF36F8F00BF00BFFEE7022E02D1E06B78
:10B77000012801D1012000E0002050B900BF502075
:10B7800080F31188BFF34F8FBFF36F8F00BF00BFEF
:10B79000FEE7FFF74FFB00BF5021EFF3118081F36D
:10B7A0001188BFF34F8FBFF36F8F00BF0546A06BAB
:10B7B000E16B884201D3022E25D194F945B0A06BEC
:10B7C0000090324651462046FEF729FD0BF101005C
:10B7D00088B9606A08B9012000E0002050B904F17E
:10B7E000240000F0BDFA28B1B8F1000F02D001200A
:10B7F000C8F8000004E00BF1010040B284F84500F5
:10B800004FF0010901E04FF0000900BF85F31188F6
:10B8100000BF4846BDE8F88F2DE9F74183B00546E3
:10B820000E464FF000082C4654B900BF502080F35C
:10B830001188BFF34F8FBFF36F8F00BF00BFFEE7CC
:10B840000EB9206C08B9012000E0002050B900BFFB
:10B85000502080F31188BFF34F8FBFF36F8F00BF6D
:10B8600000BFFEE700F068F908B9059808B90120A3
:10B8700000E0002050B900BF502080F31188BFF3D2
:10B880004F8FBFF36F8F00BF00BFFEE700BFFFF712
:10B8900023FAA76BF7B131462046FEF7ABFC781EC2
:10B8A000A063206908B9012000E0002060B904F11C
:10B8B000100000F055FA38B14FF080502F49086061
:10B8C000BFF34F8FBFF36F8FFFF730FA012006B041
:10B8D000BDE8F081059818B9FFF728FA0020F6E7CF
:10B8E000B8F1000F04D101A8FFF74AFB4FF001089F
:10B8F000FFF71CFAFFF764FCFFF7EEF994F9440038
:10B90000401C10B9002084F8440094F94500401C04
:10B9100010B9002084F84500FFF708FA05A901A82E
:10B9200000F02EF8F0B92046FEF74EFEA0B104F16B
:10B9300024000599FFF7ACFB2046FFF736F800F02E
:10B940005BFA0028A3D14FF080500C490860BFF388
:10B950004F8FBFF36F8F9AE72046FFF726F800F06E
:10B960004BFA94E72046FFF720F800F045FA20460E
:10B97000FEF72AFE00288AD00020A8E704ED00E0A8
:10B9800070B505460C4655B900BF502080F31188AC
:10B99000BFF34F8FBFF36F8F00BF00BFFEE754B9F7
:10B9A00000BF502080F31188BFF34F8FBFF36F8F1C
:10B9B00000BF00BFFEE7FFF78FF912480268686812
:10B9C000131A2068401C08B9002617E00E492868A1
:10B9D0000968884204D06868904201D801260DE0C9
:10B9E0002068984207D92068C01A20602846FFF7CF
:10B9F000C7FA002602E0002020600126FFF796F932
:10BA0000304670BD680000247C0000242DE9FF4F03
:10BA100085B0804689461746DDE912ABB800FFF7CE
:10BA200003F8064656B15C20FEF7FEFF04460CB153
:10BA3000266304E03046FFF797F900E000248CB15C
:10BA4000002084F85900CDE900ABCDE902403A4628
:10BA500049464046089BFEF7C4FC2046FEF710FB13
:10BA6000012501E04FF0FF35284609B0BDE8F08F11
:10BA70002DE9F04F85B00746884691469A46DDE9A4
:10BA80000EB6109C0EB1012000E0002050B900BF9E
:10BA9000502080F31188BFF34F8FBFF36F8F00BF2B
:10BAA00000BFFEE70CB1012000E0002050B900BF4C
:10BAB000502080F31188BFF34F8FBFF36F8F00BF0B
:10BAC00000BFFEE75C20039003985C2801D10120B1
:10BAD00000E0002050B900BF502080F31188BFF370
:10BAE0004F8FBFF36F8F00BF00BFFEE700BFB4B141
:10BAF000AEB125462C462E63022085F85900002061
:10BB000004A953464A46CDE900B1CDE90250414669
:10BB10003846FEF766FC2846FEF7B2FA01E0002040
:10BB20000490049805B0BDE8F08F00000149086852
:10BB300070470000540000240549096809B9012034
:10BB400005E00449096809B9022000E000207047B7
:10BB5000700000248C000024014908687047000030
:10BB60006800002470B5FFF765F9002501480468F6
:10BB7000204670BD680000242DE9F0414FF0000818
:10BB80004348006800287BD142480068451C414872
:10BB9000056015BB40480068006808B9012000E056
:10BBA000002050B900BF502080F31188BFF34F8FA1
:10BBB000BFF36F8F00BF00BFFEE737480768374805
:10BBC0000068354908603548076035480068401C02
:10BBD00033490860FEF73AFE00BF324800688542EC
:10BBE0003BD300BF2C480068006808B9012000E082
:10BBF000002020B14FF0FF302A4908602CE0264891
:10BC00000068C068C4686668B54202D2254806600C
:10BC100022E0201DFEF7FEFFA06A18B104F1180013
:10BC2000FEF7F8FF2049E06A0968884202D91E49F8
:10BC3000E06A0860E16A01EB81011C4A02EB8100C5
:10BC4000211DFFF73DF81A49E06A0968C96A884270
:10BC5000C8D34FF00108C5E700BF15480068C06AA7
:10BC600000EB8000114951F82000012801D94FF064
:10BC700001081048006808B14FF0010805E0FFE72F
:10BC80000D480068401C0C4908604046BDE8F08142
:10BC90008C00002468000024580000245C0000246C
:10BCA0007C000024840000246C000024FC0D00248F
:10BCB00054000024780000247400002470B5054668
:10BCC0002C460026002D43D022480068844201D132
:10BCD000012000E0002050B900BF502080F31188FF
:10BCE000BFF34F8FBFF36F8F00BF00BFFEE7206D24
:10BCF00050B900BF502080F31188BFF34F8FBFF3BE
:10BD00006F8F00BF00BFFEE7206D401E2065E16C15
:10BD1000E06A88421CD0206DD0B9201DFEF77AFF62
:10BD2000E06CE062E06AC0F13800A0610A49E06AB4
:10BD30000968884202D90849E06A0860E16A01EBB3
:10BD40008101064A02EB8100211DFEF7B9FF0126A1
:10BD5000304670BD540000246C000024FC0D00240B
:10BD600070B50646F068C46854B900BF502080F32F
:10BD70001188BFF34F8FBFF36F8F00BF00BFFEE787
:10BD800004F11800FEF746FF15480068A0B9201D11
:10BD9000FEF740FF1349E06A0968884202D9114959
:10BDA000E06A0860E16A01EB81010F4A02EB810061
:10BDB000211DFEF785FF04E004F118010B48FEF792
:10BDC0007FFF0B49E06A0968C96A884204D90125E6
:10BDD00001200849086000E00025284670BD0000E9
:10BDE0008C0000246C000024FC0D0024841200242C
:10BDF000540000247800002470B500240026364842
:10BE0000006850B900BF502080F31188BFF34F8FF6
:10BE1000BFF36F8F00BF00BFFEE7FEF75DFF2E4848
:10BE20000068401E2C4908600846006800284ED172
:10BE30002A48006800284AD023E02948C068C4681E
:10BE400004F11800FEF7E6FE201DFEF7E3FE25498B
:10BE5000E06A0968884202D92249E06A0860E16A1A
:10BE600001EB8101204A02EB8100211DFEF728FF32
:10BE70001E49E06A0968C96A884202D301201C4948
:10BE800008601748006808B9012000E00020002879
:10BE9000D3D00CB1FEF7DAFC1648056865B100BFD7
:10BEA000FFF76AFE10B10120114908606D1E002DD8
:10BEB000F6D100200F4908600D48006838B101260E
:10BEC00030070D490860BFF34F8FBFF36F8FFEF748
:10BED0002DFF304670BD00008C000024640000245B
:10BEE000841200246C000024FC0D00245400002463
:10BEF000780000247400002404ED00E010B586B042
:10BF00000024FEF719F916480068D0B1002005900A
:10BF1000049003AA04A905A8FEF79CFE0222DDE90D
:10BF200004100023CDE9002102900EA10F48039ACE
:10BF3000FFF79EFD0E4908600846006800B1012425
:10BF400000BF54B900BF502080F31188BFF34F8F5A
:10BF5000BFF36F8F00BF00BFFEE7204606B010BDE5
:10BF600098000024546D72205376630091A9000854
:10BF70009C0000242DE9FF4704460D4616461F4647
:10BF8000DDF830804FF0000954B900BF502080F335
:10BF90001188BFF34F8FBFF36F8F00BF00BFFEE765
:10BFA0001448006810B3009501960294062D15DA26
:10BFB000FFF7C2FD022808D10023424669460D481A
:10BFC0000068FFF7D7FA814610E000231A46694659
:10BFD00008480068FFF7CEFA814607E000233A469A
:10BFE000694604480068FFF799FB8146484604B05B
:10BFF000BDE8F087980000244FF04070E1EE100A91
:10C0000070470000BCC100080000000000000000F4
:10C010000000000000000000000200001800000006
:10C020000000000000000000D4C100080000000073
:10C0300000000000000000000000000000020000FE
:10C04000180000000000000000000000C8C1000847
:10C0500000000000000000000000000000000000E0
:10C0600000020000280000000000000000000000A6
:10C07000000610160006101601000200040006005B
:10C0800008000A000C0010002000400080000001A1
:10C090000101010307010000080402040801010175
:10C0A000000000000102030401020304060708095E
:10C0B000004D9AD77934E3AEF2BF68258BC6115C88
:10C0C000A9E4337ED09D4A075B16C18C226FB8F578
:10C0D0001F5285C8662BFCB1EDA0773A94D90E4368
:10C0E000B6FB2C61CF8255184409DE933D70A7EA58
:10C0F0003E73A4E9470ADD90CC81561BB5F82F6248
:10C1000097DA0D40EEA374396528FFB21C5186CB37
:10C11000216CBBF65815C28FD39E4904AAE7307D27
:10C1200088C5125FF1BC6B267A37E0AD034E99D417
:10C130007C31E6AB05489FD28EC31459F7BA6D2007
:10C14000D5984F02ACE1367B276ABDF05E13C489F7
:10C15000632EF9B41A5780CD91DC0B46E8A5723FE7
:10C16000CA87501DB3FE29643875A2EF410CDB96D7
:10C17000420FD8953B76A1ECB0FD2A67C984531EC7
:10C18000EBA6713C92DF0845195483CE602DFAB7B7
:10C190005D10C78A2469BEF3AFE23578D69B4C01A7
:10C1A000F4B96E238DC0175A064B9CD17F32E5A897
:10C1B000A503200100000000000000004D61696E31
:10C1C0005461736B0000000044616E6765725461D6
:10C1D000736B000053656E736F725461736B000074
:10C1E00000C2000800000024D4000000D4020008AF
:10C1F000D4C20008D40000241C5C0000F002000837
:10C20000000000000000000000000000000000002E
:10C2100010000000010000000090D0030090D00347
:10C22000000000000000000000000000000000000E
:10C2300000000000000000000000003000010000CD
:10C2400000000000000000000100000001000000EC
:10C2500000000000000000000000000000000000DE
:10C2600000000000000000000000000000000000CE
:10C2700000000000000000000000000000000000BE
:10C2800000000000000000000000000000000000AE
:10C29000000000000000000000000000000000009E
:10C2A000000000000000000000000000000000008E
:10C2B000000000000000000000000000000000007E
:10C2C0000000000000000000AAAAAAAA00000000C6
:04C2D000000000006A
:040000050800029954
:00000001FF
