ISO-10303-21;
HEADER;
FILE_DESCRIPTION (( 'STEP AP214' ),
    '1' );
FILE_NAME ('激光测距传感器前下固定.STEP',
    '2026-03-23T06:32:25',
    ( '' ),
    ( '' ),
    'SwSTEP 2.0',
    'SolidWorks 2024',
    '' );
FILE_SCHEMA (( 'AUTOMOTIVE_DESIGN' ));
ENDSEC;

DATA;
#1 = FACE_BOUND ( 'NONE', #1009, .T. ) ;
#2 = VERTEX_POINT ( 'NONE', #405 ) ;
#3 = FACE_BOUND ( 'NONE', #1239, .T. ) ;
#4 = LINE ( 'NONE', #997, #528 ) ;
#5 = CARTESIAN_POINT ( 'NONE',  ( 21.50000000000000000, -12.49999999999999289, 23.00000000000000000 ) ) ;
#6 = DIRECTION ( 'NONE',  ( -1.476360405086644309E-16, 1.000000000000000000, 0.000000000000000000 ) ) ;
#7 = AXIS2_PLACEMENT_3D ( 'NONE', #680, #1114, #137 ) ;
#8 = AXIS2_PLACEMENT_3D ( 'NONE', #586, #904, #1208 ) ;
#9 = DIRECTION ( 'NONE',  ( 0.000000000000000000, 0.000000000000000000, 1.000000000000000000 ) ) ;
#10 = VECTOR ( 'NONE', #588, 1000.000000000000000 ) ;
#11 = CARTESIAN_POINT ( 'NONE',  ( 10.55000000000000426, -6.000000000000000000, 5.000000000000000000 ) ) ;
#12 = ORIENTED_EDGE ( 'NONE', *, *, #1180, .T. ) ;
#13 = FACE_BOUND ( 'NONE', #813, .T. ) ;
#14 = VECTOR ( 'NONE', #1400, 1000.000000000000000 ) ;
#15 = CARTESIAN_POINT ( 'NONE',  ( 13.49999999999999467, 9.500000000000005329, 5.000000000000000888 ) ) ;
#16 = CARTESIAN_POINT ( 'NONE',  ( -10.54999999999999716, -7.550000000000002487, 5.000000000000000000 ) ) ;
#17 = EDGE_CURVE ( 'NONE', #702, #188, #857, .T. ) ;
#18 = FACE_BOUND ( 'NONE', #1384, .T. ) ;
#19 = DIRECTION ( 'NONE',  ( 1.000000000000000000, 1.476360405086644309E-16, 0.000000000000000000 ) ) ;
#20 = ORIENTED_EDGE ( 'NONE', *, *, #333, .F. ) ;
#21 = DIRECTION ( 'NONE',  ( 1.000000000000000000, 0.000000000000000000, -0.000000000000000000 ) ) ;
#22 = FACE_OUTER_BOUND ( 'NONE', #370, .T. ) ;
#23 = LINE ( 'NONE', #926, #161 ) ;
#24 = CARTESIAN_POINT ( 'NONE',  ( -23.50000000000000000, -15.50000000000000000, 2.000000000000000000 ) ) ;
#25 = SURFACE_STYLE_FILL_AREA ( #1008 ) ;
#26 = ORIENTED_EDGE ( 'NONE', *, *, #951, .T. ) ;
#27 = DIRECTION ( 'NONE',  ( -0.000000000000000000, -0.000000000000000000, 1.000000000000000000 ) ) ;
#28 = CARTESIAN_POINT ( 'NONE',  ( 14.02020410288672458, -13.29999999999999716, -25.01066477104430774 ) ) ;
#29 = EDGE_LOOP ( 'NONE', ( #1163, #375, #761, #304 ) ) ;
#30 = DIRECTION ( 'NONE',  ( 1.000000000000000000, 1.949127501097539651E-16, 0.000000000000000000 ) ) ;
#31 = DIRECTION ( 'NONE',  ( -1.000000000000000000, 0.000000000000000000, 0.000000000000000000 ) ) ;
#32 = DIRECTION ( 'NONE',  ( 1.476360405086644309E-16, -1.000000000000000000, -0.000000000000000000 ) ) ;
#33 = CARTESIAN_POINT ( 'NONE',  ( -10.49999999999999822, 9.500000000000005329, 0.000000000000000000 ) ) ;
#34 = ORIENTED_EDGE ( 'NONE', *, *, #78, .T. ) ;
#35 = EDGE_CURVE ( 'NONE', #190, #471, #1267, .T. ) ;
#36 = DIRECTION ( 'NONE',  ( 1.000000000000000000, 1.156482317317871478E-16, 0.000000000000000000 ) ) ;
#37 = ORIENTED_EDGE ( 'NONE', *, *, #52, .F. ) ;
#38 = AXIS2_PLACEMENT_3D ( 'NONE', #913, #579, #1233 ) ;
#40 = EDGE_CURVE ( 'NONE', #251, #646, #328, .T. ) ;
#39 = VERTEX_POINT ( 'NONE', #204 ) ;
#41 = DIRECTION ( 'NONE',  ( -1.000000000000000000, 0.000000000000000000, 0.000000000000000000 ) ) ;
#42 = CIRCLE ( 'NONE', #1350, 1.500000000000001332 ) ;
#43 = VECTOR ( 'NONE', #140, 1000.000000000000000 ) ;
#44 = DIRECTION ( 'NONE',  ( -0.000000000000000000, -1.000000000000000000, -0.000000000000000000 ) ) ;
#45 = DIRECTION ( 'NONE',  ( -1.476360405086644556E-16, 1.000000000000000000, -0.000000000000000000 ) ) ;
#46 = AXIS2_PLACEMENT_3D ( 'NONE', #1189, #643, #213 ) ;
#47 = LINE ( 'NONE', #1229, #867 ) ;
#48 = ORIENTED_EDGE ( 'NONE', *, *, #1260, .F. ) ;
#49 = FACE_OUTER_BOUND ( 'NONE', #560, .T. ) ;
#50 = ORIENTED_EDGE ( 'NONE', *, *, #682, .T. ) ;
#51 = EDGE_CURVE ( 'NONE', #113, #964, #1325, .T. ) ;
#52 = EDGE_CURVE ( 'NONE', #822, #265, #117, .T. ) ;
#53 = VERTEX_POINT ( 'NONE', #11 ) ;
#54 = DIRECTION ( 'NONE',  ( -1.000000000000000000, 0.000000000000000000, 0.000000000000000000 ) ) ;
#55 = LINE ( 'NONE', #947, #314 ) ;
#56 = LINE ( 'NONE', #285, #1124 ) ;
#57 = VERTEX_POINT ( 'NONE', #779 ) ;
#58 = VERTEX_POINT ( 'NONE', #681 ) ;
#59 = ORIENTED_EDGE ( 'NONE', *, *, #87, .F. ) ;
#60 = DIRECTION ( 'NONE',  ( -1.000000000000000000, 0.000000000000000000, 0.000000000000000000 ) ) ;
#61 = PLANE ( 'NONE',  #1237 ) ;
#62 = ORIENTED_EDGE ( 'NONE', *, *, #848, .F. ) ;
#63 = CYLINDRICAL_SURFACE ( 'NONE', #1242, 1.500000000000001332 ) ;
#64 = VECTOR ( 'NONE', #443, 1000.000000000000000 ) ;
#65 = ORIENTED_EDGE ( 'NONE', *, *, #1322, .F. ) ;
#66 = VECTOR ( 'NONE', #880, 1000.000000000000000 ) ;
#67 = LINE ( 'NONE', #940, #756 ) ;
#68 = VECTOR ( 'NONE', #669, 1000.000000000000000 ) ;
#69 = ADVANCED_FACE ( 'NONE', ( #565, #981, #1318 ), #766, .T. ) ;
#70 = AXIS2_PLACEMENT_3D ( 'NONE', #928, #1038, #935 ) ;
#71 = ORIENTED_EDGE ( 'NONE', *, *, #848, .T. ) ;
#72 = CYLINDRICAL_SURFACE ( 'NONE', #689, 1.500000000000001332 ) ;
#73 = EDGE_LOOP ( 'NONE', ( #647, #1296, #501, #26, #1126, #1207, #1052, #160 ) ) ;
#74 = ORIENTED_EDGE ( 'NONE', *, *, #156, .F. ) ;
#75 = CARTESIAN_POINT ( 'NONE',  ( 19.00000000000000355, -15.50000000000000000, 18.50000000000000000 ) ) ;
#76 = CARTESIAN_POINT ( 'NONE',  ( 10.55000000000000426, -7.549999999999999822, 2.000000000000000000 ) ) ;
#77 = EDGE_CURVE ( 'NONE', #865, #494, #342, .T. ) ;
#78 = EDGE_CURVE ( 'NONE', #740, #267, #1206, .T. ) ;
#79 = ORIENTED_EDGE ( 'NONE', *, *, #1157, .F. ) ;
#80 = ORIENTED_EDGE ( 'NONE', *, *, #557, .F. ) ;
#81 = CARTESIAN_POINT ( 'NONE',  ( -15.00000000000000355, -12.49999999999999645, 5.000000000000000888 ) ) ;
#82 = AXIS2_PLACEMENT_3D ( 'NONE', #1373, #1033, #499 ) ;
#83 = DIRECTION ( 'NONE',  ( 1.000000000000000000, 0.000000000000000000, 0.000000000000000000 ) ) ;
#84 = CIRCLE ( 'NONE', #8, 1.500000000000001332 ) ;
#85 = VECTOR ( 'NONE', #30, 1000.000000000000000 ) ;
#86 = CARTESIAN_POINT ( 'NONE',  ( -18.99999999999999645, -15.50000000000000711, 18.50000000000000000 ) ) ;
#87 = EDGE_CURVE ( 'NONE', #53, #646, #128, .T. ) ;
#88 = ORIENTED_EDGE ( 'NONE', *, *, #1387, .T. ) ;
#89 = ORIENTED_EDGE ( 'NONE', *, *, #1056, .F. ) ;
#90 = CARTESIAN_POINT ( 'NONE',  ( 21.50000000000000000, -12.49999999999999289, 2.000000000000000000 ) ) ;
#91 = LINE ( 'NONE', #855, #778 ) ;
#92 = SHAPE_DEFINITION_REPRESENTATION ( #502, #164 ) ;
#93 = CYLINDRICAL_SURFACE ( 'NONE', #252, 1.500000000000001332 ) ;
#94 = EDGE_LOOP ( 'NONE', ( #836, #347, #1187, #1261 ) ) ;
#95 = ORIENTED_EDGE ( 'NONE', *, *, #262, .F. ) ;
#96 = DIRECTION ( 'NONE',  ( -1.476360405086644309E-16, 1.000000000000000000, 0.000000000000000000 ) ) ;
#97 = EDGE_CURVE ( 'NONE', #191, #1136, #992, .T. ) ;
#98 = FACE_OUTER_BOUND ( 'NONE', #99, .T. ) ;
#99 = EDGE_LOOP ( 'NONE', ( #79, #726, #298, #80 ) ) ;
#100 = ORIENTED_EDGE ( 'NONE', *, *, #1080, .T. ) ;
#101 = CARTESIAN_POINT ( 'NONE',  ( 11.99999999999999467, 9.500000000000005329, -8.000000000000000000 ) ) ;
#102 = CYLINDRICAL_SURFACE ( 'NONE', #663, 1.500000000000001332 ) ;
#103 = VECTOR ( 'NONE', #115, 1000.000000000000000 ) ;
#104 = PRODUCT_DEFINITION ( '鏈', '', #597, #1365 ) ;
#105 = EDGE_CURVE ( 'NONE', #1196, #822, #1030, .T. ) ;
#106 = AXIS2_PLACEMENT_3D ( 'NONE', #192, #1342, #1428 ) ;
#107 = VECTOR ( 'NONE', #1315, 1000.000000000000000 ) ;
#108 = DIRECTION ( 'NONE',  ( 0.000000000000000000, 1.000000000000000000, 0.000000000000000000 ) ) ;
#109 = ORIENTED_EDGE ( 'NONE', *, *, #806, .T. ) ;
#110 = DIRECTION ( 'NONE',  ( 1.000000000000000000, 0.000000000000000000, 0.000000000000000000 ) ) ;
#111 = LINE ( 'NONE', #555, #103 ) ;
#112 = DIRECTION ( 'NONE',  ( 1.000000000000000000, 0.000000000000000000, 0.000000000000000000 ) ) ;
#113 = VERTEX_POINT ( 'NONE', #224 ) ;
#114 = LINE ( 'NONE', #132, #844 ) ;
#115 = DIRECTION ( 'NONE',  ( -0.000000000000000000, -0.000000000000000000, 1.000000000000000000 ) ) ;
#116 = PLANE ( 'NONE',  #795 ) ;
#117 = LINE ( 'NONE', #657, #293 ) ;
#118 = EDGE_CURVE ( 'NONE', #190, #1272, #891, .T. ) ;
#119 = EDGE_CURVE ( 'NONE', #801, #1162, #1340, .T. ) ;
#120 = VERTEX_POINT ( 'NONE', #322 ) ;
#121 = LINE ( 'NONE', #351, #1190 ) ;
#122 = DIRECTION ( 'NONE',  ( -1.476360405086644556E-16, 1.000000000000000000, -0.000000000000000000 ) ) ;
#123 = LINE ( 'NONE', #134, #10 ) ;
#124 = CIRCLE ( 'NONE', #353, 2.000000000000001776 ) ;
#125 = AXIS2_PLACEMENT_3D ( 'NONE', #349, #1002, #785 ) ;
#126 = DIRECTION ( 'NONE',  ( -1.000000000000000000, -1.476360405086644309E-16, 0.000000000000000000 ) ) ;
#127 = CIRCLE ( 'NONE', #603, 1.000000000000000888 ) ;
#128 = LINE ( 'NONE', #790, #184 ) ;
#129 = VERTEX_POINT ( 'NONE', #1426 ) ;
#130 = CIRCLE ( 'NONE', #70, 2.999999999999999112 ) ;
#131 = EDGE_CURVE ( 'NONE', #494, #251, #942, .T. ) ;
#132 = CARTESIAN_POINT ( 'NONE',  ( -15.00000000000000355, -13.29999999999999716, 23.00000000000000000 ) ) ;
#133 = DIRECTION ( 'NONE',  ( -1.000000000000000000, -1.156482317317871478E-16, 0.000000000000000000 ) ) ;
#134 = CARTESIAN_POINT ( 'NONE',  ( -12.00000000000000355, 12.50000000000000355, 5.000000000000000000 ) ) ;
#135 = CARTESIAN_POINT ( 'NONE',  ( 19.00000000000000355, -15.50000000000000000, 18.50000000000000000 ) ) ;
#136 = ORIENTED_EDGE ( 'NONE', *, *, #1258, .T. ) ;
#137 = DIRECTION ( 'NONE',  ( -1.156482317317871478E-16, 1.000000000000000000, 0.000000000000000000 ) ) ;
#138 = DIRECTION ( 'NONE',  ( -0.000000000000000000, 0.000000000000000000, -1.000000000000000000 ) ) ;
#139 = ORIENTED_EDGE ( 'NONE', *, *, #1211, .F. ) ;
#140 = DIRECTION ( 'NONE',  ( -0.000000000000000000, -0.000000000000000000, 1.000000000000000000 ) ) ;
#141 = CARTESIAN_POINT ( 'NONE',  ( -10.49999999999999822, 9.500000000000005329, 5.000000000000000888 ) ) ;
#142 = CARTESIAN_POINT ( 'NONE',  ( 19.00000000000000355, -15.50000000000000000, 3.500000000000000000 ) ) ;
#143 = CARTESIAN_POINT ( 'NONE',  ( -18.99999999999999645, -12.49999999999999822, 3.500000000000000000 ) ) ;
#144 = EDGE_CURVE ( 'NONE', #318, #652, #1236, .T. ) ;
#145 = EDGE_CURVE ( 'NONE', #1022, #318, #250, .T. ) ;
#146 = EDGE_CURVE ( 'NONE', #401, #292, #688, .T. ) ;
#147 = DIRECTION ( 'NONE',  ( -1.476360405086644309E-16, 1.000000000000000000, 0.000000000000000000 ) ) ;
#148 = ORIENTED_EDGE ( 'NONE', *, *, #1098, .F. ) ;
#149 = LINE ( 'NONE', #170, #687 ) ;
#150 = ORIENTED_EDGE ( 'NONE', *, *, #1170, .T. ) ;
#151 = ORIENTED_EDGE ( 'NONE', *, *, #212, .F. ) ;
#152 = DIRECTION ( 'NONE',  ( -1.476360405086644556E-16, 1.000000000000000000, -0.000000000000000000 ) ) ;
#153 = DIRECTION ( 'NONE',  ( -1.476360405086644556E-16, 1.000000000000000000, -0.000000000000000000 ) ) ;
#154 = LINE ( 'NONE', #449, #1173 ) ;
#155 = CARTESIAN_POINT ( 'NONE',  ( 21.50000000000000000, -15.49999999999999289, 20.99999999999999645 ) ) ;
#156 = EDGE_CURVE ( 'NONE', #2, #736, #638, .T. ) ;
#157 = EDGE_CURVE ( 'NONE', #318, #591, #916, .T. ) ;
#158 = VERTEX_POINT ( 'NONE', #987 ) ;
#159 = CARTESIAN_POINT ( 'NONE',  ( 2.192395201553665857E-15, -15.49999999999999645, 0.000000000000000000 ) ) ;
#160 = ORIENTED_EDGE ( 'NONE', *, *, #1314, .T. ) ;
#161 = VECTOR ( 'NONE', #895, 1000.000000000000000 ) ;
#162 = ORIENTED_EDGE ( 'NONE', *, *, #262, .T. ) ;
#163 = AXIS2_PLACEMENT_3D ( 'NONE', #1011, #1103, #559 ) ;
#164 = ADVANCED_BREP_SHAPE_REPRESENTATION ( '\X2\6fc051496d4b8ddd4f20611f5668524d4e0b56fa5b9a\X0\', ( #1300, #245 ), #1213 ) ;
#165 = DIRECTION ( 'NONE',  ( -1.000000000000000000, 0.000000000000000000, 0.000000000000000000 ) ) ;
#166 = FACE_OUTER_BOUND ( 'NONE', #308, .T. ) ;
#167 = FACE_OUTER_BOUND ( 'NONE', #1078, .T. ) ;
#168 = ADVANCED_FACE ( 'NONE', ( #1, #444, #1425, #327 ), #414, .F. ) ;
#169 = EDGE_LOOP ( 'NONE', ( #1407, #723, #1200, #282 ) ) ;
#170 = CARTESIAN_POINT ( 'NONE',  ( 14.99999999999999645, -12.49999999999999289, 5.000000000000000000 ) ) ;
#171 = ORIENTED_EDGE ( 'NONE', *, *, #97, .F. ) ;
#172 = EDGE_LOOP ( 'NONE', ( #62, #1297 ) ) ;
#173 = CARTESIAN_POINT ( 'NONE',  ( 20.50000000000000355, -15.50000000000000000, 3.500000000000000000 ) ) ;
#174 = EDGE_LOOP ( 'NONE', ( #162, #500, #276, #1327, #339, #532, #1160, #283 ) ) ;
#175 = DIRECTION ( 'NONE',  ( 0.000000000000000000, 0.000000000000000000, -1.000000000000000000 ) ) ;
#176 = EDGE_CURVE ( 'NONE', #1022, #129, #641, .T. ) ;
#177 = CARTESIAN_POINT ( 'NONE',  ( -15.00000000000000355, -13.29999999999999716, 5.000000000000000888 ) ) ;
#178 = DIRECTION ( 'NONE',  ( 0.000000000000000000, -0.000000000000000000, 1.000000000000000000 ) ) ;
#179 = ORIENTED_EDGE ( 'NONE', *, *, #959, .F. ) ;
#180 = DIRECTION ( 'NONE',  ( -1.156482317317871478E-16, 1.000000000000000000, 0.000000000000000000 ) ) ;
#181 = CIRCLE ( 'NONE', #511, 1.500000000000001332 ) ;
#182 = ORIENTED_EDGE ( 'NONE', *, *, #732, .T. ) ;
#183 = COLOUR_RGB ( '',0.7921568627450980005, 0.8196078431372548767, 0.9333333333333333481 ) ;
#184 = VECTOR ( 'NONE', #575, 1000.000000000000000 ) ;
#185 = CIRCLE ( 'NONE', #244, 1.499999999999999556 ) ;
#186 = VERTEX_POINT ( 'NONE', #81 ) ;
#187 = DIRECTION ( 'NONE',  ( 1.000000000000000000, 1.476360405086644309E-16, 0.000000000000000000 ) ) ;
#188 = VERTEX_POINT ( 'NONE', #527 ) ;
#189 = EDGE_CURVE ( 'NONE', #471, #190, #1413, .T. ) ;
#190 = VERTEX_POINT ( 'NONE', #320 ) ;
#191 = VERTEX_POINT ( 'NONE', #1059 ) ;
#192 = CARTESIAN_POINT ( 'NONE',  ( 10.55000000000000426, -7.549999999999999822, 2.000000000000000000 ) ) ;
#193 = LINE ( 'NONE', #76, #829 ) ;
#194 = ADVANCED_FACE ( 'NONE', ( #1292 ), #1397, .F. ) ;
#195 = DIRECTION ( 'NONE',  ( -0.000000000000000000, -0.000000000000000000, 1.000000000000000000 ) ) ;
#196 = ORIENTED_EDGE ( 'NONE', *, *, #316, .F. ) ;
#197 = ORIENTED_EDGE ( 'NONE', *, *, #469, .F. ) ;
#198 = DIRECTION ( 'NONE',  ( -1.476360405086644309E-16, 1.000000000000000000, 0.000000000000000000 ) ) ;
#199 = VECTOR ( 'NONE', #45, 1000.000000000000000 ) ;
#200 = CARTESIAN_POINT ( 'NONE',  ( 14.99999999999999645, -12.49999999999999289, 5.000000000000000000 ) ) ;
#201 = VECTOR ( 'NONE', #152, 1000.000000000000000 ) ;
#202 = VECTOR ( 'NONE', #819, 1000.000000000000000 ) ;
#203 = PRODUCT_CONTEXT ( 'NONE', #1175, 'mechanical' ) ;
#204 = CARTESIAN_POINT ( 'NONE',  ( 17.50000000000000000, -12.49999999999999289, 3.500000000000000000 ) ) ;
#205 = EDGE_LOOP ( 'NONE', ( #136, #1277, #537, #424, #629, #1420, #257, #1039, #966, #274 ) ) ;
#206 = CARTESIAN_POINT ( 'NONE',  ( 10.55000000000000426, 7.549999999999999822, 2.000000000000000000 ) ) ;
#207 = DIRECTION ( 'NONE',  ( 0.000000000000000000, 0.000000000000000000, -1.000000000000000000 ) ) ;
#208 = LINE ( 'NONE', #413, #408 ) ;
#209 = ORIENTED_EDGE ( 'NONE', *, *, #438, .T. ) ;
#210 = ORIENTED_EDGE ( 'NONE', *, *, #176, .T. ) ;
#211 = DIRECTION ( 'NONE',  ( 1.000000000000000000, 1.644287654954319303E-16, 0.000000000000000000 ) ) ;
#212 = EDGE_CURVE ( 'NONE', #952, #841, #312, .T. ) ;
#213 = DIRECTION ( 'NONE',  ( 1.000000000000000000, 0.000000000000000000, 0.000000000000000000 ) ) ;
#214 = DIRECTION ( 'NONE',  ( 1.000000000000000000, 0.000000000000000000, 0.000000000000000000 ) ) ;
#215 = DIRECTION ( 'NONE',  ( 0.000000000000000000, 1.000000000000000000, 0.000000000000000000 ) ) ;
#216 = ORIENTED_EDGE ( 'NONE', *, *, #1314, .F. ) ;
#217 = CARTESIAN_POINT ( 'NONE',  ( 14.02020410288672458, -12.29999999999999893, -25.01066477104430774 ) ) ;
#218 = FACE_OUTER_BOUND ( 'NONE', #29, .T. ) ;
#219 = CIRCLE ( 'NONE', #1027, 1.000000000000000888 ) ;
#220 = AXIS2_PLACEMENT_3D ( 'NONE', #374, #1014, #31 ) ;
#221 = AXIS2_PLACEMENT_3D ( 'NONE', #75, #198, #1074 ) ;
#222 = DIRECTION ( 'NONE',  ( -1.000000000000000000, 0.000000000000000000, 0.000000000000000000 ) ) ;
#223 = VECTOR ( 'NONE', #421, 1000.000000000000000 ) ;
#224 = CARTESIAN_POINT ( 'NONE',  ( -13.49999999999999822, 9.500000000000005329, 0.000000000000000000 ) ) ;
#225 = ORIENTED_EDGE ( 'NONE', *, *, #17, .F. ) ;
#226 = PLANE ( 'NONE',  #1303 ) ;
#227 = DIRECTION ( 'NONE',  ( -1.476360405086644309E-16, 1.000000000000000000, 0.000000000000000000 ) ) ;
#228 = DIRECTION ( 'NONE',  ( 0.000000000000000000, -0.000000000000000000, 1.000000000000000000 ) ) ;
#229 = EDGE_CURVE ( 'NONE', #1341, #1168, #481, .T. ) ;
#230 = ADVANCED_FACE ( 'NONE', ( #762 ), #1184, .F. ) ;
#231 = DIRECTION ( 'NONE',  ( -0.000000000000000000, -0.000000000000000000, 1.000000000000000000 ) ) ;
#232 = ORIENTED_EDGE ( 'NONE', *, *, #854, .T. ) ;
#233 = DIRECTION ( 'NONE',  ( -0.000000000000000000, -0.000000000000000000, 1.000000000000000000 ) ) ;
#234 = DIRECTION ( 'NONE',  ( -1.476360405086644309E-16, 1.000000000000000000, 0.000000000000000000 ) ) ;
#235 = CARTESIAN_POINT ( 'NONE',  ( 19.00000000000000355, -15.50000000000000000, 18.50000000000000000 ) ) ;
#236 = EDGE_CURVE ( 'NONE', #1073, #630, #957, .T. ) ;
#237 = ORIENTED_EDGE ( 'NONE', *, *, #1414, .F. ) ;
#238 = CARTESIAN_POINT ( 'NONE',  ( 10.55000000000000426, 7.549999999999999822, 2.000000000000000000 ) ) ;
#239 = CARTESIAN_POINT ( 'NONE',  ( -14.02020410288673169, -13.29999999999999716, -25.01066477104430774 ) ) ;
#240 = VERTEX_POINT ( 'NONE', #634 ) ;
#241 = CARTESIAN_POINT ( 'NONE',  ( -21.50000000000000000, -12.49999999999999822, 0.000000000000000000 ) ) ;
#242 = DIRECTION ( 'NONE',  ( -1.000000000000000000, 0.000000000000000000, 0.000000000000000000 ) ) ;
#243 = CARTESIAN_POINT ( 'NONE',  ( 20.50000000000000355, -15.50000000000000000, 18.50000000000000000 ) ) ;
#244 = AXIS2_PLACEMENT_3D ( 'NONE', #678, #228, #897 ) ;
#245 = AXIS2_PLACEMENT_3D ( 'NONE', #850, #1204, #214 ) ;
#246 = VECTOR ( 'NONE', #1326, 1000.000000000000000 ) ;
#247 = VERTEX_POINT ( 'NONE', #420 ) ;
#248 = LINE ( 'NONE', #1137, #956 ) ;
#249 = AXIS2_PLACEMENT_3D ( 'NONE', #927, #1257, #1150 ) ;
#250 = LINE ( 'NONE', #693, #776 ) ;
#251 = VERTEX_POINT ( 'NONE', #1298 ) ;
#252 = AXIS2_PLACEMENT_3D ( 'NONE', #551, #1102, #1317 ) ;
#253 = FACE_OUTER_BOUND ( 'NONE', #1427, .T. ) ;
#254 = EDGE_CURVE ( 'NONE', #251, #240, #310, .T. ) ;
#255 = FACE_OUTER_BOUND ( 'NONE', #541, .T. ) ;
#256 = EDGE_CURVE ( 'NONE', #877, #814, #1283, .T. ) ;
#257 = ORIENTED_EDGE ( 'NONE', *, *, #156, .T. ) ;
#258 = DIRECTION ( 'NONE',  ( 0.000000000000000000, 0.000000000000000000, -1.000000000000000000 ) ) ;
#259 = EDGE_LOOP ( 'NONE', ( #1405, #88 ) ) ;
#260 = ORIENTED_EDGE ( 'NONE', *, *, #146, .T. ) ;
#261 = DIRECTION ( 'NONE',  ( -1.476360405086644309E-16, 1.000000000000000000, 0.000000000000000000 ) ) ;
#262 = EDGE_CURVE ( 'NONE', #780, #524, #1409, .T. ) ;
#263 = ADVANCED_FACE ( 'NONE', ( #1390 ), #1085, .F. ) ;
#264 = DIRECTION ( 'NONE',  ( 1.156482317317871478E-16, -1.000000000000000000, 0.000000000000000000 ) ) ;
#265 = VERTEX_POINT ( 'NONE', #409 ) ;
#266 = DIRECTION ( 'NONE',  ( -0.000000000000000000, -0.000000000000000000, -1.000000000000000000 ) ) ;
#267 = VERTEX_POINT ( 'NONE', #847 ) ;
#268 = ORIENTED_EDGE ( 'NONE', *, *, #1179, .F. ) ;
#269 = CARTESIAN_POINT ( 'NONE',  ( -20.49999999999999645, -15.50000000000000711, 3.500000000000000000 ) ) ;
#270 = CARTESIAN_POINT ( 'NONE',  ( 10.55000000000000426, 7.549999999999999822, 2.000000000000000000 ) ) ;
#271 = DIRECTION ( 'NONE',  ( -0.000000000000000000, -0.000000000000000000, 1.000000000000000000 ) ) ;
#272 = ORIENTED_EDGE ( 'NONE', *, *, #118, .F. ) ;
#273 = LINE ( 'NONE', #1158, #480 ) ;
#274 = ORIENTED_EDGE ( 'NONE', *, *, #119, .F. ) ;
#275 = VECTOR ( 'NONE', #27, 1000.000000000000000 ) ;
#276 = ORIENTED_EDGE ( 'NONE', *, *, #744, .T. ) ;
#277 = VECTOR ( 'NONE', #1202, 1000.000000000000000 ) ;
#278 = LINE ( 'NONE', #1276, #572 ) ;
#279 = AXIS2_PLACEMENT_3D ( 'NONE', #635, #1410, #207 ) ;
#280 = DIRECTION ( 'NONE',  ( 1.000000000000000000, 0.000000000000000000, 0.000000000000000000 ) ) ;
#281 = ADVANCED_FACE ( 'NONE', ( #1288 ), #299, .F. ) ;
#282 = ORIENTED_EDGE ( 'NONE', *, *, #716, .F. ) ;
#283 = ORIENTED_EDGE ( 'NONE', *, *, #549, .T. ) ;
#284 = LINE ( 'NONE', #728, #958 ) ;
#285 = CARTESIAN_POINT ( 'NONE',  ( -23.50000000000000000, -15.50000000000000000, 23.00000000000000000 ) ) ;
#286 = EDGE_CURVE ( 'NONE', #471, #1332, #1328, .T. ) ;
#287 = ORIENTED_EDGE ( 'NONE', *, *, #1238, .F. ) ;
#288 = CYLINDRICAL_SURFACE ( 'NONE', #721, 2.000000000000001776 ) ;
#289 = ORIENTED_EDGE ( 'NONE', *, *, #286, .T. ) ;
#290 = AXIS2_PLACEMENT_3D ( 'NONE', #1343, #227, #697 ) ;
#291 = VERTEX_POINT ( 'NONE', #475 ) ;
#292 = VERTEX_POINT ( 'NONE', #684 ) ;
#293 = VECTOR ( 'NONE', #552, 1000.000000000000000 ) ;
#294 = DIRECTION ( 'NONE',  ( 1.000000000000000000, 0.000000000000000000, 0.000000000000000000 ) ) ;
#295 = EDGE_CURVE ( 'NONE', #267, #865, #114, .T. ) ;
#296 = VECTOR ( 'NONE', #764, 1000.000000000000000 ) ;
#297 = ORIENTED_EDGE ( 'NONE', *, *, #941, .T. ) ;
#298 = ORIENTED_EDGE ( 'NONE', *, *, #404, .T. ) ;
#299 = PLANE ( 'NONE',  #106 ) ;
#300 = LINE ( 'NONE', #1197, #14 ) ;
#301 = ADVANCED_FACE ( 'NONE', ( #253 ), #884, .F. ) ;
#302 = EDGE_CURVE ( 'NONE', #291, #658, #84, .T. ) ;
#303 = CARTESIAN_POINT ( 'NONE',  ( 0.000000000000000000, 0.000000000000000000, 0.000000000000000000 ) ) ;
#304 = ORIENTED_EDGE ( 'NONE', *, *, #1180, .F. ) ;
#305 = CARTESIAN_POINT ( 'NONE',  ( -12.84999999999999609, -0.5500000000000027089, 0.000000000000000000 ) ) ;
#306 = LINE ( 'NONE', #529, #917 ) ;
#307 = VERTEX_POINT ( 'NONE', #324 ) ;
#308 = EDGE_LOOP ( 'NONE', ( #993, #907, #1177, #34 ) ) ;
#309 = VECTOR ( 'NONE', #1245, 1000.000000000000000 ) ;
#310 = LINE ( 'NONE', #426, #507 ) ;
#311 = PRESENTATION_LAYER_ASSIGNMENT (  '', '', ( #975 ) ) ;
#312 = CIRCLE ( 'NONE', #221, 1.500000000000001332 ) ;
#313 = CARTESIAN_POINT ( 'NONE',  ( -15.00000000000000355, -12.49999999999999645, 0.000000000000000000 ) ) ;
#314 = VECTOR ( 'NONE', #1383, 1000.000000000000000 ) ;
#315 = CIRCLE ( 'NONE', #944, 2.000000000000001776 ) ;
#316 = EDGE_CURVE ( 'NONE', #524, #823, #1013, .T. ) ;
#317 = LINE ( 'NONE', #758, #431 ) ;
#318 = VERTEX_POINT ( 'NONE', #241 ) ;
#319 = EDGE_LOOP ( 'NONE', ( #830, #1271, #433, #701 ) ) ;
#320 = CARTESIAN_POINT ( 'NONE',  ( -11.34999999999999609, -0.5500000000000027089, 0.000000000000000000 ) ) ;
#321 = CARTESIAN_POINT ( 'NONE',  ( -12.00000000000000355, 9.500000000000005329, 5.000000000000000000 ) ) ;
#322 = CARTESIAN_POINT ( 'NONE',  ( 21.50000000000000000, -15.49999999999999289, 23.00000000000000000 ) ) ;
#323 = ORIENTED_EDGE ( 'NONE', *, *, #664, .T. ) ;
#324 = CARTESIAN_POINT ( 'NONE',  ( 10.55000000000000426, -6.000000000000000000, 2.000000000000000000 ) ) ;
#325 = LINE ( 'NONE', #980, #223 ) ;
#326 = DIRECTION ( 'NONE',  ( 1.156482317317871478E-16, -1.000000000000000000, -0.000000000000000000 ) ) ;
#327 = FACE_OUTER_BOUND ( 'NONE', #205, .T. ) ;
#328 = LINE ( 'NONE', #338, #863 ) ;
#329 = ORIENTED_EDGE ( 'NONE', *, *, #1056, .T. ) ;
#330 = EDGE_CURVE ( 'NONE', #524, #1129, #1334, .T. ) ;
#331 = DIRECTION ( 'NONE',  ( 0.000000000000000000, -0.000000000000000000, 1.000000000000000000 ) ) ;
#332 = DIRECTION ( 'NONE',  ( 1.156482317317871478E-16, -1.000000000000000000, -0.000000000000000000 ) ) ;
#333 = EDGE_CURVE ( 'NONE', #553, #823, #1094, .T. ) ;
#334 = CYLINDRICAL_SURFACE ( 'NONE', #659, 1.500000000000001332 ) ;
#335 = VECTOR ( 'NONE', #828, 1000.000000000000000 ) ;
#336 = CLOSED_SHELL ( 'NONE', ( #869, #601, #768, #1193, #558, #745, #1133, #69, #763, #637, #1279, #1199, #598, #168, #422, #230, #281, #194, #835, #655, #406, #1320, #441, #949, #808, #263, #1399, #1220, #1044, #1172, #1221, #496, #447, #760, #994, #382, #514, #1018, #522, #567, #301, #972 ) ) ;
#337 = CIRCLE ( 'NONE', #508, 1.499999999999999556 ) ;
#338 = CARTESIAN_POINT ( 'NONE',  ( 14.99999999999999645, -12.49999999999999289, 5.000000000000000000 ) ) ;
#339 = ORIENTED_EDGE ( 'NONE', *, *, #627, .F. ) ;
#340 = CARTESIAN_POINT ( 'NONE',  ( -10.54999999999999716, -7.550000000000002487, 5.000000000000000000 ) ) ;
#341 = PLANE ( 'NONE',  #38 ) ;
#342 = LINE ( 'NONE', #28, #752 ) ;
#343 = ORIENTED_EDGE ( 'NONE', *, *, #189, .F. ) ;
#344 = DIRECTION ( 'NONE',  ( 1.000000000000000000, 1.949127501097539651E-16, 0.000000000000000000 ) ) ;
#345 = DIRECTION ( 'NONE',  ( -1.000000000000000000, 0.000000000000000000, 0.000000000000000000 ) ) ;
#346 = DIRECTION ( 'NONE',  ( 0.000000000000000000, 0.000000000000000000, 1.000000000000000000 ) ) ;
#347 = ORIENTED_EDGE ( 'NONE', *, *, #1338, .F. ) ;
#348 = CARTESIAN_POINT ( 'NONE',  ( -18.99999999999999645, -15.50000000000000711, 3.500000000000000000 ) ) ;
#349 = CARTESIAN_POINT ( 'NONE',  ( 14.02020410288672458, -12.29999999999999893, 5.000000000000000888 ) ) ;
#350 = ORIENTED_EDGE ( 'NONE', *, *, #783, .F. ) ;
#351 = CARTESIAN_POINT ( 'NONE',  ( 14.99999999999999645, 6.000000000000000888, -10.79853507242137312 ) ) ;
#352 = CARTESIAN_POINT ( 'NONE',  ( -21.50000000000000000, -15.50000000000000000, 2.000000000000000000 ) ) ;
#353 = AXIS2_PLACEMENT_3D ( 'NONE', #352, #32, #788 ) ;
#354 = AXIS2_PLACEMENT_3D ( 'NONE', #676, #1149, #704 ) ;
#355 = VECTOR ( 'NONE', #187, 1000.000000000000000 ) ;
#356 = ORIENTED_EDGE ( 'NONE', *, *, #254, .T. ) ;
#357 = CYLINDRICAL_SURFACE ( 'NONE', #570, 1.500000000000001332 ) ;
#358 = CIRCLE ( 'NONE', #430, 1.500000000000001332 ) ;
#359 = ORIENTED_EDGE ( 'NONE', *, *, #1210, .F. ) ;
#360 = EDGE_CURVE ( 'NONE', #841, #1138, #1224, .T. ) ;
#361 = EDGE_CURVE ( 'NONE', #699, #292, #561, .T. ) ;
#362 = EDGE_LOOP ( 'NONE', ( #982, #237 ) ) ;
#363 = VECTOR ( 'NONE', #332, 1000.000000000000000 ) ;
#364 = DIRECTION ( 'NONE',  ( -1.156482317317871478E-16, 1.000000000000000000, 0.000000000000000000 ) ) ;
#365 = DIRECTION ( 'NONE',  ( -1.156482317317871478E-16, 1.000000000000000000, 0.000000000000000000 ) ) ;
#366 = DIRECTION ( 'NONE',  ( -1.000000000000000000, 0.000000000000000000, 0.000000000000000000 ) ) ;
#367 = CYLINDRICAL_SURFACE ( 'NONE', #979, 1.500000000000001332 ) ;
#368 = ORIENTED_EDGE ( 'NONE', *, *, #627, .T. ) ;
#369 = DIRECTION ( 'NONE',  ( 0.000000000000000000, 1.000000000000000000, 0.000000000000000000 ) ) ;
#370 = EDGE_LOOP ( 'NONE', ( #1104, #196, #95, #1198 ) ) ;
#371 = ORIENTED_EDGE ( 'NONE', *, *, #534, .F. ) ;
#372 = LINE ( 'NONE', #269, #201 ) ;
#373 = DIRECTION ( 'NONE',  ( -1.000000000000000000, 0.000000000000000000, 0.000000000000000000 ) ) ;
#374 = CARTESIAN_POINT ( 'NONE',  ( 19.00000000000000355, -15.50000000000000000, 3.500000000000000000 ) ) ;
#375 = ORIENTED_EDGE ( 'NONE', *, *, #1101, .T. ) ;
#376 = DIRECTION ( 'NONE',  ( -1.000000000000000000, 0.000000000000000000, 0.000000000000000000 ) ) ;
#377 = VERTEX_POINT ( 'NONE', #675 ) ;
#378 = ORIENTED_EDGE ( 'NONE', *, *, #515, .F. ) ;
#379 = CARTESIAN_POINT ( 'NONE',  ( -14.34999999999999787, -0.5500000000000024869, 0.000000000000000000 ) ) ;
#380 = CARTESIAN_POINT ( 'NONE',  ( 13.49999999999999467, 9.500000000000005329, 0.000000000000000000 ) ) ;
#381 = FACE_OUTER_BOUND ( 'NONE', #1253, .T. ) ;
#382 = ADVANCED_FACE ( 'NONE', ( #660 ), #554, .T. ) ;
#383 = EDGE_CURVE ( 'NONE', #58, #191, #121, .T. ) ;
#384 = DIRECTION ( 'NONE',  ( -1.476360405086644556E-16, 1.000000000000000000, -0.000000000000000000 ) ) ;
#385 = ORIENTED_EDGE ( 'NONE', *, *, #951, .F. ) ;
#386 =( GEOMETRIC_REPRESENTATION_CONTEXT ( 3 ) GLOBAL_UNCERTAINTY_ASSIGNED_CONTEXT ( ( #1007 ) ) GLOBAL_UNIT_ASSIGNED_CONTEXT ( ( #453, #1225, #578 ) ) REPRESENTATION_CONTEXT ( 'NONE', 'WORKASPACE' ) );
#387 = AXIS2_PLACEMENT_3D ( 'NONE', #1079, #96, #539 ) ;
#388 = ORIENTED_EDGE ( 'NONE', *, *, #254, .F. ) ;
#389 = AXIS2_PLACEMENT_3D ( 'NONE', #946, #390, #60 ) ;
#390 = DIRECTION ( 'NONE',  ( -1.476360405086644309E-16, 1.000000000000000000, 0.000000000000000000 ) ) ;
#391 = AXIS2_PLACEMENT_3D ( 'NONE', #468, #782, #905 ) ;
#392 = DIRECTION ( 'NONE',  ( 1.156482317317871478E-16, -1.000000000000000000, -0.000000000000000000 ) ) ;
#393 = VERTEX_POINT ( 'NONE', #1105 ) ;
#394 = FACE_OUTER_BOUND ( 'NONE', #733, .T. ) ;
#395 = ORIENTED_EDGE ( 'NONE', *, *, #400, .T. ) ;
#396 = DIRECTION ( 'NONE',  ( -0.000000000000000000, -0.000000000000000000, 1.000000000000000000 ) ) ;
#397 = ORIENTED_EDGE ( 'NONE', *, *, #707, .F. ) ;
#398 = DIRECTION ( 'NONE',  ( 1.476360405086644309E-16, -1.000000000000000000, -0.000000000000000000 ) ) ;
#399 = EDGE_CURVE ( 'NONE', #910, #553, #4, .T. ) ;
#400 = EDGE_CURVE ( 'NONE', #639, #58, #695, .T. ) ;
#401 = VERTEX_POINT ( 'NONE', #15 ) ;
#402 = ORIENTED_EDGE ( 'NONE', *, *, #1055, .F. ) ;
#403 = APPLICATION_PROTOCOL_DEFINITION ( 'draft international standard', 'automotive_design', 1998, #1310 ) ;
#404 = EDGE_CURVE ( 'NONE', #1136, #910, #440, .T. ) ;
#405 = CARTESIAN_POINT ( 'NONE',  ( -15.00000000000000355, 9.500000000000005329, 0.000000000000000000 ) ) ;
#406 = ADVANCED_FACE ( 'NONE', ( #787 ), #878, .F. ) ;
#407 = ORIENTED_EDGE ( 'NONE', *, *, #446, .T. ) ;
#408 = VECTOR ( 'NONE', #195, 1000.000000000000000 ) ;
#409 = CARTESIAN_POINT ( 'NONE',  ( 11.99999999999999645, 12.50000000000000711, 0.000000000000000000 ) ) ;
#410 = VECTOR ( 'NONE', #649, 1000.000000000000000 ) ;
#411 = DIRECTION ( 'NONE',  ( 0.000000000000000000, 1.000000000000000000, 0.000000000000000000 ) ) ;
#412 = ORIENTED_EDGE ( 'NONE', *, *, #236, .F. ) ;
#413 = CARTESIAN_POINT ( 'NONE',  ( 10.55000000000000426, -6.000000000000000000, -10.79853507242137312 ) ) ;
#414 = PLANE ( 'NONE',  #622 ) ;
#415 = ORIENTED_EDGE ( 'NONE', *, *, #817, .F. ) ;
#416 = ORIENTED_EDGE ( 'NONE', *, *, #1260, .T. ) ;
#417 = FACE_OUTER_BOUND ( 'NONE', #1032, .T. ) ;
#418 = ORIENTED_EDGE ( 'NONE', *, *, #383, .T. ) ;
#419 = VERTEX_POINT ( 'NONE', #577 ) ;
#420 = CARTESIAN_POINT ( 'NONE',  ( 23.50000000000000000, -15.49999999999999289, 20.99999999999999645 ) ) ;
#421 = DIRECTION ( 'NONE',  ( -0.000000000000000000, -0.000000000000000000, -1.000000000000000000 ) ) ;
#422 = ADVANCED_FACE ( 'NONE', ( #22 ), #226, .F. ) ;
#423 = ORIENTED_EDGE ( 'NONE', *, *, #1416, .F. ) ;
#424 = ORIENTED_EDGE ( 'NONE', *, *, #145, .T. ) ;
#425 = VECTOR ( 'NONE', #392, 1000.000000000000000 ) ;
#426 = CARTESIAN_POINT ( 'NONE',  ( 14.99999999999999645, -12.49999999999999645, -25.01066477104430774 ) ) ;
#427 = CIRCLE ( 'NONE', #220, 1.500000000000001332 ) ;
#428 = VECTOR ( 'NONE', #19, 1000.000000000000000 ) ;
#429 = PLANE ( 'NONE',  #279 ) ;
#430 = AXIS2_PLACEMENT_3D ( 'NONE', #495, #261, #1361 ) ;
#431 = VECTOR ( 'NONE', #651, 1000.000000000000000 ) ;
#432 = VERTEX_POINT ( 'NONE', #173 ) ;
#433 = ORIENTED_EDGE ( 'NONE', *, *, #157, .F. ) ;
#434 = DIRECTION ( 'NONE',  ( -0.000000000000000000, -0.000000000000000000, 1.000000000000000000 ) ) ;
#435 = DIRECTION ( 'NONE',  ( 1.000000000000000000, 0.000000000000000000, 0.000000000000000000 ) ) ;
#436 = CARTESIAN_POINT ( 'NONE',  ( 11.99999999999999467, 9.500000000000005329, 0.000000000000000000 ) ) ;
#437 = DIRECTION ( 'NONE',  ( -1.156482317317871478E-16, 1.000000000000000000, 0.000000000000000000 ) ) ;
#438 = EDGE_CURVE ( 'NONE', #964, #1341, #1265, .T. ) ;
#439 = ORIENTED_EDGE ( 'NONE', *, *, #87, .T. ) ;
#440 = LINE ( 'NONE', #459, #68 ) ;
#441 = ADVANCED_FACE ( 'NONE', ( #1036 ), #912, .T. ) ;
#442 = CYLINDRICAL_SURFACE ( 'NONE', #827, 1.500000000000001332 ) ;
#443 = DIRECTION ( 'NONE',  ( -1.156482317317871478E-16, 1.000000000000000000, 0.000000000000000000 ) ) ;
#444 = FACE_BOUND ( 'NONE', #727, .T. ) ;
#445 = ORIENTED_EDGE ( 'NONE', *, *, #97, .T. ) ;
#446 = EDGE_CURVE ( 'NONE', #831, #39, #358, .T. ) ;
#447 = ADVANCED_FACE ( 'NONE', ( #1382 ), #72, .F. ) ;
#448 = DIRECTION ( 'NONE',  ( -1.476360405086644556E-16, 1.000000000000000000, -0.000000000000000000 ) ) ;
#449 = CARTESIAN_POINT ( 'NONE',  ( 14.99999999999999645, 12.50000000000000711, 0.000000000000000000 ) ) ;
#450 = CARTESIAN_POINT ( 'NONE',  ( -12.84999999999999609, -0.5500000000000027089, 5.000000000000000888 ) ) ;
#451 = DIRECTION ( 'NONE',  ( -0.000000000000000000, -0.000000000000000000, 1.000000000000000000 ) ) ;
#452 = VECTOR ( 'NONE', #448, 1000.000000000000000 ) ;
#453 =( LENGTH_UNIT ( ) NAMED_UNIT ( * ) SI_UNIT ( .MILLI., .METRE. ) );
#454 = VECTOR ( 'NONE', #815, 1000.000000000000000 ) ;
#455 = CARTESIAN_POINT ( 'NONE',  ( 10.55000000000000426, 6.000000000000000000, 5.000000000000000000 ) ) ;
#456 = CARTESIAN_POINT ( 'NONE',  ( 14.99999999999999645, 6.000000000000000888, 5.000000000000000000 ) ) ;
#457 = ORIENTED_EDGE ( 'NONE', *, *, #1363, .F. ) ;
#458 = PLANE ( 'NONE',  #1122 ) ;
#459 = CARTESIAN_POINT ( 'NONE',  ( 10.55000000000000426, -7.549999999999999822, 5.000000000000000000 ) ) ;
#460 = FACE_OUTER_BOUND ( 'NONE', #851, .T. ) ;
#461 = CARTESIAN_POINT ( 'NONE',  ( -21.50000000000000000, -15.50000000000000000, 20.99999999999999645 ) ) ;
#462 = ORIENTED_EDGE ( 'NONE', *, *, #229, .F. ) ;
#463 = LINE ( 'NONE', #1010, #1049 ) ;
#464 = CARTESIAN_POINT ( 'NONE',  ( 11.99999999999999467, 9.500000000000005329, 5.000000000000000888 ) ) ;
#465 = ORIENTED_EDGE ( 'NONE', *, *, #908, .F. ) ;
#466 = FACE_OUTER_BOUND ( 'NONE', #506, .T. ) ;
#467 = CARTESIAN_POINT ( 'NONE',  ( -10.54999999999999716, -7.550000000000002487, 2.000000000000000000 ) ) ;
#468 = CARTESIAN_POINT ( 'NONE',  ( -18.99999999999999645, -12.49999999999999822, 18.50000000000000000 ) ) ;
#469 = EDGE_CURVE ( 'NONE', #267, #542, #127, .T. ) ;
#470 = DIRECTION ( 'NONE',  ( 1.000000000000000000, 0.000000000000000000, 0.000000000000000000 ) ) ;
#471 = VERTEX_POINT ( 'NONE', #379 ) ;
#472 = PLANE ( 'NONE',  #1116 ) ;
#473 = DIRECTION ( 'NONE',  ( -1.476360405086644309E-16, 1.000000000000000000, 0.000000000000000000 ) ) ;
#474 = ORIENTED_EDGE ( 'NONE', *, *, #157, .T. ) ;
#475 = CARTESIAN_POINT ( 'NONE',  ( -20.49999999999999645, -15.50000000000000711, 3.500000000000000000 ) ) ;
#476 = CARTESIAN_POINT ( 'NONE',  ( 21.50000000000000000, -15.49999999999999467, 23.00000000000000000 ) ) ;
#477 = FACE_OUTER_BOUND ( 'NONE', #1159, .T. ) ;
#478 = LINE ( 'NONE', #1268, #425 ) ;
#479 = CIRCLE ( 'NONE', #290, 1.500000000000001332 ) ;
#480 = VECTOR ( 'NONE', #610, 1000.000000000000000 ) ;
#481 = CIRCLE ( 'NONE', #976, 1.499999999999999556 ) ;
#482 = ORIENTED_EDGE ( 'NONE', *, *, #717, .F. ) ;
#483 = CARTESIAN_POINT ( 'NONE',  ( -18.99999999999999645, -15.50000000000000711, 3.500000000000000000 ) ) ;
#484 = AXIS2_PLACEMENT_3D ( 'NONE', #1203, #1067, #521 ) ;
#485 = VERTEX_POINT ( 'NONE', #824 ) ;
#486 = EDGE_LOOP ( 'NONE', ( #711, #937 ) ) ;
#487 = LINE ( 'NONE', #1140, #454 ) ;
#488 = CARTESIAN_POINT ( 'NONE',  ( 21.50000000000000000, -15.49999999999999467, 20.99999999999999645 ) ) ;
#489 = CARTESIAN_POINT ( 'NONE',  ( -17.49999999999999645, -15.50000000000000711, 3.500000000000000000 ) ) ;
#490 = CARTESIAN_POINT ( 'NONE',  ( 19.00000000000000355, -12.49999999999999289, 3.500000000000000000 ) ) ;
#491 = ORIENTED_EDGE ( 'NONE', *, *, #845, .T. ) ;
#492 = PLANE ( 'NONE',  #7 ) ;
#493 = ORIENTED_EDGE ( 'NONE', *, *, #189, .T. ) ;
#494 = VERTEX_POINT ( 'NONE', #925 ) ;
#495 = CARTESIAN_POINT ( 'NONE',  ( 19.00000000000000355, -12.49999999999999289, 3.500000000000000000 ) ) ;
#496 = ADVANCED_FACE ( 'NONE', ( #394 ), #63, .F. ) ;
#497 = EDGE_CURVE ( 'NONE', #419, #1138, #623, .T. ) ;
#498 = ORIENTED_EDGE ( 'NONE', *, *, #961, .T. ) ;
#499 = DIRECTION ( 'NONE',  ( 1.000000000000000000, 0.000000000000000000, 0.000000000000000000 ) ) ;
#500 = ORIENTED_EDGE ( 'NONE', *, *, #330, .T. ) ;
#501 = ORIENTED_EDGE ( 'NONE', *, *, #580, .T. ) ;
#502 = PRODUCT_DEFINITION_SHAPE ( 'NONE', 'NONE',  #104 ) ;
#503 = FACE_OUTER_BOUND ( 'NONE', #1178, .T. ) ;
#504 = LINE ( 'NONE', #1378, #750 ) ;
#505 = AXIS2_PLACEMENT_3D ( 'NONE', #142, #1218, #366 ) ;
#506 = EDGE_LOOP ( 'NONE', ( #465, #1381, #1035, #773 ) ) ;
#507 = VECTOR ( 'NONE', #648, 1000.000000000000000 ) ;
#508 = AXIS2_PLACEMENT_3D ( 'NONE', #1023, #1060, #83 ) ;
#509 = CARTESIAN_POINT ( 'NONE',  ( -18.99999999999999645, -15.50000000000000711, 3.500000000000000000 ) ) ;
#510 = ORIENTED_EDGE ( 'NONE', *, *, #144, .F. ) ;
#511 = AXIS2_PLACEMENT_3D ( 'NONE', #143, #596, #589 ) ;
#512 = CYLINDRICAL_SURFACE ( 'NONE', #1411, 1.000000000000000888 ) ;
#513 = EDGE_CURVE ( 'NONE', #393, #1073, #278, .T. ) ;
#514 = ADVANCED_FACE ( 'NONE', ( #503 ), #288, .T. ) ;
#515 = EDGE_CURVE ( 'NONE', #1186, #432, #1379, .T. ) ;
#516 = CARTESIAN_POINT ( 'NONE',  ( 10.55000000000000426, 7.549999999999999822, 2.000000000000000000 ) ) ;
#517 = EDGE_CURVE ( 'NONE', #1186, #39, #724, .T. ) ;
#518 = EDGE_CURVE ( 'NONE', #2, #652, #284, .T. ) ;
#519 = ORIENTED_EDGE ( 'NONE', *, *, #51, .T. ) ;
#520 = DIRECTION ( 'NONE',  ( -1.000000000000000000, -1.233215741215739601E-16, 0.000000000000000000 ) ) ;
#521 = DIRECTION ( 'NONE',  ( -1.000000000000000000, -1.949127501097539651E-16, 0.000000000000000000 ) ) ;
#522 = ADVANCED_FACE ( 'NONE', ( #731 ), #1169, .T. ) ;
#523 = VECTOR ( 'NONE', #1063, 1000.000000000000000 ) ;
#524 = VERTEX_POINT ( 'NONE', #624 ) ;
#525 = VERTEX_POINT ( 'NONE', #1053 ) ;
#526 = AXIS2_PLACEMENT_3D ( 'NONE', #1108, #473, #876 ) ;
#527 = CARTESIAN_POINT ( 'NONE',  ( -23.50000000000000000, -15.50000000000000000, 2.000000000000000000 ) ) ;
#528 = VECTOR ( 'NONE', #1232, 1000.000000000000000 ) ;
#529 = CARTESIAN_POINT ( 'NONE',  ( -20.49999999999999645, -15.50000000000000711, 18.50000000000000000 ) ) ;
#530 = DIRECTION ( 'NONE',  ( -1.000000000000000000, 0.000000000000000000, 0.000000000000000000 ) ) ;
#531 = ORIENTED_EDGE ( 'NONE', *, *, #399, .F. ) ;
#532 = ORIENTED_EDGE ( 'NONE', *, *, #400, .F. ) ;
#533 = DIRECTION ( 'NONE',  ( -1.476360405086644309E-16, 1.000000000000000000, 0.000000000000000000 ) ) ;
#534 = EDGE_CURVE ( 'NONE', #432, #831, #1351, .T. ) ;
#535 = LINE ( 'NONE', #540, #107 ) ;
#536 =( NAMED_UNIT ( * ) SI_UNIT ( $, .STERADIAN. ) SOLID_ANGLE_UNIT ( ) );
#537 = ORIENTED_EDGE ( 'NONE', *, *, #176, .F. ) ;
#538 = ORIENTED_EDGE ( 'NONE', *, *, #399, .T. ) ;
#539 = DIRECTION ( 'NONE',  ( -1.000000000000000000, 0.000000000000000000, 0.000000000000000000 ) ) ;
#540 = CARTESIAN_POINT ( 'NONE',  ( -23.50000000000000000, -12.49999999999999822, 23.00000000000000000 ) ) ;
#541 = EDGE_LOOP ( 'NONE', ( #640, #902, #232, #920 ) ) ;
#542 = VERTEX_POINT ( 'NONE', #594 ) ;
#543 = CIRCLE ( 'NONE', #1282, 1.499999999999999556 ) ;
#544 = AXIS2_PLACEMENT_3D ( 'NONE', #1285, #636, #1402 ) ;
#545 = AXIS2_PLACEMENT_3D ( 'NONE', #90, #533, #953 ) ;
#546 = CARTESIAN_POINT ( 'NONE',  ( 10.55000000000000426, -7.549999999999999822, 2.000000000000000000 ) ) ;
#547 = VECTOR ( 'NONE', #804, 1000.000000000000000 ) ;
#548 = CIRCLE ( 'NONE', #1088, 1.500000000000001332 ) ;
#549 = EDGE_CURVE ( 'NONE', #1109, #780, #1024, .T. ) ;
#550 = EDGE_CURVE ( 'NONE', #494, #740, #1054, .T. ) ;
#551 = CARTESIAN_POINT ( 'NONE',  ( -12.84999999999999609, -0.5500000000000027089, -8.000000000000000000 ) ) ;
#552 = DIRECTION ( 'NONE',  ( 0.000000000000000000, 0.000000000000000000, -1.000000000000000000 ) ) ;
#553 = VERTEX_POINT ( 'NONE', #713 ) ;
#554 = CYLINDRICAL_SURFACE ( 'NONE', #571, 2.000000000000001776 ) ;
#555 = CARTESIAN_POINT ( 'NONE',  ( 14.99999999999999645, -5.999999999999999112, -10.79853507242137312 ) ) ;
#556 = SURFACE_STYLE_USAGE ( .BOTH. , #906 ) ;
#557 = EDGE_CURVE ( 'NONE', #1109, #910, #1026, .T. ) ;
#558 = ADVANCED_FACE ( 'NONE', ( #833 ), #705, .F. ) ;
#559 = DIRECTION ( 'NONE',  ( -1.000000000000000000, 0.000000000000000000, 0.000000000000000000 ) ) ;
#560 = EDGE_LOOP ( 'NONE', ( #287, #1246, #1223, #1404 ) ) ;
#561 = LINE ( 'NONE', #792, #1269 ) ;
#562 = CARTESIAN_POINT ( 'NONE',  ( -17.49999999999999645, -12.49999999999999822, 18.50000000000000000 ) ) ;
#563 = CARTESIAN_POINT ( 'NONE',  ( -12.84999999999999609, -0.5500000000000027089, -8.000000000000000000 ) ) ;
#564 = PRESENTATION_STYLE_ASSIGNMENT (( #556 ) ) ;
#565 = FACE_OUTER_BOUND ( 'NONE', #1072, .T. ) ;
#566 = EDGE_LOOP ( 'NONE', ( #395, #418, #445, #268 ) ) ;
#567 = ADVANCED_FACE ( 'NONE', ( #166 ), #607, .F. ) ;
#568 = CARTESIAN_POINT ( 'NONE',  ( -10.54999999999999716, -7.550000000000002487, 2.000000000000000000 ) ) ;
#569 = CARTESIAN_POINT ( 'NONE',  ( 23.50000000000000000, -12.49999999999999289, 20.99999999999999645 ) ) ;
#570 = AXIS2_PLACEMENT_3D ( 'NONE', #483, #384, #930 ) ;
#571 = AXIS2_PLACEMENT_3D ( 'NONE', #1120, #983, #1110 ) ;
#572 = VECTOR ( 'NONE', #837, 1000.000000000000000 ) ;
#573 = ORIENTED_EDGE ( 'NONE', *, *, #1311, .T. ) ;
#574 = CARTESIAN_POINT ( 'NONE',  ( 23.50000000000000000, -12.49999999999999289, 0.000000000000000000 ) ) ;
#575 = DIRECTION ( 'NONE',  ( 1.000000000000000000, 1.949127501097539404E-16, -0.000000000000000000 ) ) ;
#576 = ORIENTED_EDGE ( 'NONE', *, *, #887, .F. ) ;
#577 = CARTESIAN_POINT ( 'NONE',  ( 17.50000000000000000, -12.49999999999999289, 18.50000000000000000 ) ) ;
#578 =( NAMED_UNIT ( * ) SI_UNIT ( $, .STERADIAN. ) SOLID_ANGLE_UNIT ( ) );
#579 = DIRECTION ( 'NONE',  ( 0.000000000000000000, -0.000000000000000000, 1.000000000000000000 ) ) ;
#580 = EDGE_CURVE ( 'NONE', #542, #525, #55, .T. ) ;
#581 = FILL_AREA_STYLE_COLOUR ( '', #183 ) ;
#582 = VERTEX_POINT ( 'NONE', #934 ) ;
#583 = LINE ( 'NONE', #574, #309 ) ;
#584 = DIRECTION ( 'NONE',  ( 1.000000000000000000, 0.000000000000000000, 0.000000000000000000 ) ) ;
#585 = VERTEX_POINT ( 'NONE', #380 ) ;
#586 = CARTESIAN_POINT ( 'NONE',  ( -18.99999999999999645, -15.50000000000000711, 3.500000000000000000 ) ) ;
#587 = CARTESIAN_POINT ( 'NONE',  ( 10.55000000000000426, -7.549999999999999822, 5.000000000000000000 ) ) ;
#588 = DIRECTION ( 'NONE',  ( -0.000000000000000000, -0.000000000000000000, 1.000000000000000000 ) ) ;
#589 = DIRECTION ( 'NONE',  ( -1.000000000000000000, 0.000000000000000000, 0.000000000000000000 ) ) ;
#590 = FACE_OUTER_BOUND ( 'NONE', #1358, .T. ) ;
#591 = VERTEX_POINT ( 'NONE', #1266 ) ;
#592 = ORIENTED_EDGE ( 'NONE', *, *, #383, .F. ) ;
#593 = CARTESIAN_POINT ( 'NONE',  ( 21.50000000000000000, -12.49999999999999289, 0.000000000000000000 ) ) ;
#594 = CARTESIAN_POINT ( 'NONE',  ( -15.00000000000000355, -12.49999999999999645, 23.00000000000000000 ) ) ;
#595 = LINE ( 'NONE', #1335, #199 ) ;
#596 = DIRECTION ( 'NONE',  ( -1.476360405086644309E-16, 1.000000000000000000, 0.000000000000000000 ) ) ;
#597 = PRODUCT_DEFINITION_FORMATION_WITH_SPECIFIED_SOURCE ( '浠', '', #803, .NOT_KNOWN. ) ;
#598 = ADVANCED_FACE ( 'NONE', ( #3, #1333, #13, #882 ), #458, .T. ) ;
#599 = AXIS2_PLACEMENT_3D ( 'NONE', #217, #331, #110 ) ;
#600 = ORIENTED_EDGE ( 'NONE', *, *, #236, .T. ) ;
#601 = ADVANCED_FACE ( 'NONE', ( #466 ), #1360, .F. ) ;
#602 = DIRECTION ( 'NONE',  ( -1.476360405086644309E-16, 1.000000000000000000, 0.000000000000000000 ) ) ;
#603 = AXIS2_PLACEMENT_3D ( 'NONE', #606, #1376, #1370 ) ;
#604 = ORIENTED_EDGE ( 'NONE', *, *, #1338, .T. ) ;
#605 = EDGE_LOOP ( 'NONE', ( #457, #1339, #747, #71 ) ) ;
#606 = CARTESIAN_POINT ( 'NONE',  ( -14.02020410288673169, -12.29999999999999893, 23.00000000000000000 ) ) ;
#607 = PLANE ( 'NONE',  #889 ) ;
#608 = DIRECTION ( 'NONE',  ( -1.156482317317871478E-16, 1.000000000000000000, 0.000000000000000000 ) ) ;
#609 = EDGE_LOOP ( 'NONE', ( #538, #791, #691, #881 ) ) ;
#610 = DIRECTION ( 'NONE',  ( -0.000000000000000000, -0.000000000000000000, 1.000000000000000000 ) ) ;
#611 = EDGE_LOOP ( 'NONE', ( #1046, #1231, #407, #989 ) ) ;
#612 = ORIENTED_EDGE ( 'NONE', *, *, #1134, .F. ) ;
#613 = CARTESIAN_POINT ( 'NONE',  ( -12.00000000000000355, 9.500000000000005329, 5.000000000000000000 ) ) ;
#614 = CARTESIAN_POINT ( 'NONE',  ( -14.02020410288673169, -12.29999999999999893, -25.01066477104430774 ) ) ;
#615 = ORIENTED_EDGE ( 'NONE', *, *, #645, .F. ) ;
#616 = CARTESIAN_POINT ( 'NONE',  ( 19.00000000000000355, -15.50000000000000000, 18.50000000000000000 ) ) ;
#617 = ORIENTED_EDGE ( 'NONE', *, *, #921, .T. ) ;
#618 = DIRECTION ( 'NONE',  ( 0.000000000000000000, -1.000000000000000000, 0.000000000000000000 ) ) ;
#619 = DIRECTION ( 'NONE',  ( -1.476360405086644556E-16, 1.000000000000000000, -0.000000000000000000 ) ) ;
#620 = CIRCLE ( 'NONE', #391, 1.500000000000001332 ) ;
#621 = ORIENTED_EDGE ( 'NONE', *, *, #105, .F. ) ;
#622 = AXIS2_PLACEMENT_3D ( 'NONE', #303, #1403, #644 ) ;
#623 = CIRCLE ( 'NONE', #389, 1.500000000000001332 ) ;
#624 = CARTESIAN_POINT ( 'NONE',  ( -10.54999999999999716, -7.550000000000002487, 2.000000000000000000 ) ) ;
#625 = VECTOR ( 'NONE', #1418, 1000.000000000000000 ) ;
#626 = ORIENTED_EDGE ( 'NONE', *, *, #628, .T. ) ;
#627 = EDGE_CURVE ( 'NONE', #58, #582, #487, .T. ) ;
#628 = EDGE_CURVE ( 'NONE', #291, #377, #372, .T. ) ;
#629 = ORIENTED_EDGE ( 'NONE', *, *, #144, .T. ) ;
#630 = VERTEX_POINT ( 'NONE', #593 ) ;
#631 = CARTESIAN_POINT ( 'NONE',  ( -23.50000000000000000, -15.50000000000000000, 0.000000000000000000 ) ) ;
#632 = EDGE_CURVE ( 'NONE', #585, #699, #337, .T. ) ;
#633 = DIRECTION ( 'NONE',  ( 0.000000000000000000, -0.000000000000000000, 1.000000000000000000 ) ) ;
#634 = CARTESIAN_POINT ( 'NONE',  ( 14.99999999999999645, -12.49999999999999645, 23.00000000000000000 ) ) ;
#635 = CARTESIAN_POINT ( 'NONE',  ( -15.00000000000000355, -12.49999999999999645, 5.000000000000000000 ) ) ;
#636 = DIRECTION ( 'NONE',  ( -1.476360405086644309E-16, 1.000000000000000000, 0.000000000000000000 ) ) ;
#637 = ADVANCED_FACE ( 'NONE', ( #218 ), #429, .F. ) ;
#638 = CIRCLE ( 'NONE', #996, 2.999999999999999112 ) ;
#639 = VERTEX_POINT ( 'NONE', #1075 ) ;
#640 = ORIENTED_EDGE ( 'NONE', *, *, #1311, .F. ) ;
#641 = LINE ( 'NONE', #631, #355 ) ;
#642 = CIRCLE ( 'NONE', #1394, 2.999999999999999112 ) ;
#643 = DIRECTION ( 'NONE',  ( -0.000000000000000000, -0.000000000000000000, 1.000000000000000000 ) ) ;
#644 = DIRECTION ( 'NONE',  ( 1.000000000000000000, 0.000000000000000000, -0.000000000000000000 ) ) ;
#645 = EDGE_CURVE ( 'NONE', #1349, #240, #535, .T. ) ;
#646 = VERTEX_POINT ( 'NONE', #1406 ) ;
#647 = ORIENTED_EDGE ( 'NONE', *, *, #295, .F. ) ;
#648 = DIRECTION ( 'NONE',  ( -0.000000000000000000, -0.000000000000000000, 1.000000000000000000 ) ) ;
#649 = DIRECTION ( 'NONE',  ( -0.000000000000000000, -0.000000000000000000, -1.000000000000000000 ) ) ;
#650 = ORIENTED_EDGE ( 'NONE', *, *, #988, .T. ) ;
#651 = DIRECTION ( 'NONE',  ( 0.000000000000000000, 1.000000000000000000, 0.000000000000000000 ) ) ;
#652 = VERTEX_POINT ( 'NONE', #313 ) ;
#653 = ORIENTED_EDGE ( 'NONE', *, *, #1295, .T. ) ;
#654 = LINE ( 'NONE', #963, #1284 ) ;
#655 = ADVANCED_FACE ( 'NONE', ( #868 ), #1289, .F. ) ;
#656 = CARTESIAN_POINT ( 'NONE',  ( -18.99999999999999645, -12.49999999999999822, 3.500000000000000000 ) ) ;
#657 = CARTESIAN_POINT ( 'NONE',  ( 11.99999999999999645, 12.50000000000000711, 5.000000000000000000 ) ) ;
#658 = VERTEX_POINT ( 'NONE', #954 ) ;
#659 = AXIS2_PLACEMENT_3D ( 'NONE', #563, #451, #1316 ) ;
#660 = FACE_OUTER_BOUND ( 'NONE', #1034, .T. ) ;
#661 = AXIS2_PLACEMENT_3D ( 'NONE', #101, #434, #294 ) ;
#662 = FACE_OUTER_BOUND ( 'NONE', #174, .T. ) ;
#663 = AXIS2_PLACEMENT_3D ( 'NONE', #860, #1299, #1081 ) ;
#664 = EDGE_CURVE ( 'NONE', #582, #307, #654, .T. ) ;
#665 = EDGE_CURVE ( 'NONE', #113, #1168, #91, .T. ) ;
#666 = CARTESIAN_POINT ( 'NONE',  ( -11.99999999999999822, 9.500000000000005329, 0.000000000000000000 ) ) ;
#667 = DIRECTION ( 'NONE',  ( 0.000000000000000000, -0.000000000000000000, 1.000000000000000000 ) ) ;
#668 = ORIENTED_EDGE ( 'NONE', *, *, #632, .T. ) ;
#669 = DIRECTION ( 'NONE',  ( 0.000000000000000000, 1.000000000000000000, 0.000000000000000000 ) ) ;
#670 = CARTESIAN_POINT ( 'NONE',  ( -15.00000000000000355, 9.500000000000005329, 5.000000000000000000 ) ) ;
#671 = EDGE_CURVE ( 'NONE', #1408, #814, #306, .T. ) ;
#672 = FACE_OUTER_BOUND ( 'NONE', #929, .T. ) ;
#673 = DIRECTION ( 'NONE',  ( 0.000000000000000000, -0.000000000000000000, 1.000000000000000000 ) ) ;
#674 = ORIENTED_EDGE ( 'NONE', *, *, #1134, .T. ) ;
#675 = CARTESIAN_POINT ( 'NONE',  ( -20.49999999999999645, -12.49999999999999822, 3.500000000000000000 ) ) ;
#676 = CARTESIAN_POINT ( 'NONE',  ( 14.02020410288672458, -12.29999999999999893, 23.00000000000000000 ) ) ;
#677 = DIRECTION ( 'NONE',  ( -1.000000000000000000, 0.000000000000000000, 0.000000000000000000 ) ) ;
#678 = CARTESIAN_POINT ( 'NONE',  ( 11.99999999999999467, 9.500000000000005329, 5.000000000000000888 ) ) ;
#679 = EDGE_LOOP ( 'NONE', ( #1264, #683, #1312, #59, #1291, #359, #20, #531, #1359, #171, #864, #932, #100, #1372, #962, #498 ) ) ;
#680 = CARTESIAN_POINT ( 'NONE',  ( -23.50000000000000000, -15.50000000000000000, 0.000000000000000000 ) ) ;
#681 = CARTESIAN_POINT ( 'NONE',  ( 14.99999999999999645, 6.000000000000000888, 2.000000000000000000 ) ) ;
#682 = EDGE_CURVE ( 'NONE', #57, #591, #325, .T. ) ;
#683 = ORIENTED_EDGE ( 'NONE', *, *, #131, .T. ) ;
#684 = CARTESIAN_POINT ( 'NONE',  ( 10.49999999999999467, 9.500000000000005329, 5.000000000000000888 ) ) ;
#685 = DIRECTION ( 'NONE',  ( 1.000000000000000000, 0.000000000000000000, 0.000000000000000000 ) ) ;
#686 = CIRCLE ( 'NONE', #861, 1.500000000000001332 ) ;
#687 = VECTOR ( 'NONE', #369, 1000.000000000000000 ) ;
#688 = CIRCLE ( 'NONE', #1240, 1.499999999999999556 ) ;
#689 = AXIS2_PLACEMENT_3D ( 'NONE', #616, #1047, #1043 ) ;
#690 = CIRCLE ( 'NONE', #798, 2.000000000000001776 ) ;
#691 = ORIENTED_EDGE ( 'NONE', *, *, #549, .F. ) ;
#692 = CARTESIAN_POINT ( 'NONE',  ( 14.99999999999999645, 9.500000000000008882, 0.000000000000000000 ) ) ;
#693 = CARTESIAN_POINT ( 'NONE',  ( -21.50000000000000000, -2.486436982233423765E-15, 0.000000000000000000 ) ) ;
#694 = ORIENTED_EDGE ( 'NONE', *, *, #682, .F. ) ;
#695 = LINE ( 'NONE', #1130, #85 ) ;
#696 = DIRECTION ( 'NONE',  ( 0.000000000000000000, 0.000000000000000000, -1.000000000000000000 ) ) ;
#697 = DIRECTION ( 'NONE',  ( -1.000000000000000000, 0.000000000000000000, 0.000000000000000000 ) ) ;
#698 = LINE ( 'NONE', #809, #794 ) ;
#699 = VERTEX_POINT ( 'NONE', #1209 ) ;
#700 = DIRECTION ( 'NONE',  ( 1.156482317317871478E-16, -1.000000000000000000, 0.000000000000000000 ) ) ;
#701 = ORIENTED_EDGE ( 'NONE', *, *, #145, .F. ) ;
#702 = VERTEX_POINT ( 'NONE', #757 ) ;
#703 = CARTESIAN_POINT ( 'NONE',  ( 19.00000000000000355, -15.50000000000000000, 3.500000000000000000 ) ) ;
#704 = DIRECTION ( 'NONE',  ( -1.000000000000000000, 0.000000000000000000, 0.000000000000000000 ) ) ;
#705 = CYLINDRICAL_SURFACE ( 'NONE', #249, 1.499999999999999556 ) ;
#706 = DIRECTION ( 'NONE',  ( 0.000000000000000000, 0.000000000000000000, -1.000000000000000000 ) ) ;
#707 = EDGE_CURVE ( 'NONE', #960, #872, #642, .T. ) ;
#708 = ORIENTED_EDGE ( 'NONE', *, *, #1294, .F. ) ;
#709 = FACE_BOUND ( 'NONE', #899, .T. ) ;
#710 = ORIENTED_EDGE ( 'NONE', *, *, #212, .T. ) ;
#711 = ORIENTED_EDGE ( 'NONE', *, *, #497, .F. ) ;
#712 = DIRECTION ( 'NONE',  ( -1.000000000000000000, 0.000000000000000000, 0.000000000000000000 ) ) ;
#713 = CARTESIAN_POINT ( 'NONE',  ( -10.54999999999999716, 7.549999999999997158, 5.000000000000000000 ) ) ;
#714 = CARTESIAN_POINT ( 'NONE',  ( 23.50000000000000000, -15.49999999999999289, 0.000000000000000000 ) ) ;
#715 = CIRCLE ( 'NONE', #1068, 1.500000000000001332 ) ;
#716 = EDGE_CURVE ( 'NONE', #585, #401, #300, .T. ) ;
#717 = EDGE_CURVE ( 'NONE', #251, #801, #743, .T. ) ;
#718 = AXIS2_PLACEMENT_3D ( 'NONE', #1188, #748, #211 ) ;
#719 = ORIENTED_EDGE ( 'NONE', *, *, #806, .F. ) ;
#720 = CARTESIAN_POINT ( 'NONE',  ( -13.49999999999999822, 9.500000000000005329, 5.000000000000000888 ) ) ;
#721 = AXIS2_PLACEMENT_3D ( 'NONE', #488, #364, #165 ) ;
#722 = EDGE_LOOP ( 'NONE', ( #923, #969, #839, #260 ) ) ;
#723 = ORIENTED_EDGE ( 'NONE', *, *, #361, .T. ) ;
#724 = LINE ( 'NONE', #816, #755 ) ;
#725 = DIRECTION ( 'NONE',  ( -1.000000000000000000, 0.000000000000000000, 0.000000000000000000 ) ) ;
#726 = ORIENTED_EDGE ( 'NONE', *, *, #1179, .T. ) ;
#727 = EDGE_LOOP ( 'NONE', ( #653, #519 ) ) ;
#728 = CARTESIAN_POINT ( 'NONE',  ( -15.00000000000000355, -12.49999999999999645, 0.000000000000000000 ) ) ;
#729 = CARTESIAN_POINT ( 'NONE',  ( -17.49999999999999645, -15.50000000000000711, 18.50000000000000000 ) ) ;
#730 = ORIENTED_EDGE ( 'NONE', *, *, #146, .F. ) ;
#731 = FACE_OUTER_BOUND ( 'NONE', #1058, .T. ) ;
#732 = EDGE_CURVE ( 'NONE', #952, #419, #771, .T. ) ;
#733 = EDGE_LOOP ( 'NONE', ( #65, #820, #626, #1144 ) ) ;
#734 = CIRCLE ( 'NONE', #842, 2.000000000000001776 ) ;
#735 = VECTOR ( 'NONE', #1165, 1000.000000000000000 ) ;
#736 = VERTEX_POINT ( 'NONE', #1293 ) ;
#737 = ORIENTED_EDGE ( 'NONE', *, *, #770, .T. ) ;
#738 = DIRECTION ( 'NONE',  ( -1.476360405086644309E-16, 1.000000000000000000, 0.000000000000000000 ) ) ;
#739 = EDGE_LOOP ( 'NONE', ( #710, #573 ) ) ;
#740 = VERTEX_POINT ( 'NONE', #1185 ) ;
#741 = ORIENTED_EDGE ( 'NONE', *, *, #1170, .F. ) ;
#742 = DIRECTION ( 'NONE',  ( 0.000000000000000000, -0.000000000000000000, 1.000000000000000000 ) ) ;
#743 = LINE ( 'NONE', #200, #410 ) ;
#744 = EDGE_CURVE ( 'NONE', #1129, #307, #193, .T. ) ;
#745 = ADVANCED_FACE ( 'NONE', ( #417 ), #749, .F. ) ;
#746 = DIRECTION ( 'NONE',  ( -1.000000000000000000, 0.000000000000000000, 0.000000000000000000 ) ) ;
#747 = ORIENTED_EDGE ( 'NONE', *, *, #671, .T. ) ;
#748 = DIRECTION ( 'NONE',  ( 1.644287654954319303E-16, -1.000000000000000000, 0.000000000000000000 ) ) ;
#749 = CYLINDRICAL_SURFACE ( 'NONE', #46, 1.499999999999999556 ) ;
#750 = VECTOR ( 'NONE', #1371, 1000.000000000000000 ) ;
#751 = CIRCLE ( 'NONE', #1029, 1.500000000000001332 ) ;
#752 = VECTOR ( 'NONE', #1115, 1000.000000000000000 ) ;
#753 = ORIENTED_EDGE ( 'NONE', *, *, #1424, .T. ) ;
#754 = ORIENTED_EDGE ( 'NONE', *, *, #770, .F. ) ;
#755 = VECTOR ( 'NONE', #1273, 1000.000000000000000 ) ;
#756 = VECTOR ( 'NONE', #271, 1000.000000000000000 ) ;
#757 = CARTESIAN_POINT ( 'NONE',  ( -23.50000000000000000, -15.50000000000000000, 20.99999999999999645 ) ) ;
#758 = CARTESIAN_POINT ( 'NONE',  ( 10.55000000000000426, -7.549999999999999822, 5.000000000000000000 ) ) ;
#759 = ORIENTED_EDGE ( 'NONE', *, *, #1423, .F. ) ;
#760 = ADVANCED_FACE ( 'NONE', ( #967 ), #102, .F. ) ;
#761 = ORIENTED_EDGE ( 'NONE', *, *, #518, .T. ) ;
#762 = FACE_OUTER_BOUND ( 'NONE', #609, .T. ) ;
#763 = ADVANCED_FACE ( 'NONE', ( #98 ), #971, .F. ) ;
#764 = DIRECTION ( 'NONE',  ( -1.476360405086644556E-16, 1.000000000000000000, -0.000000000000000000 ) ) ;
#765 = LINE ( 'NONE', #1069, #523 ) ;
#766 = PLANE ( 'NONE',  #526 ) ;
#767 = ORIENTED_EDGE ( 'NONE', *, *, #360, .F. ) ;
#768 = ADVANCED_FACE ( 'NONE', ( #255 ), #442, .F. ) ;
#769 = DIRECTION ( 'NONE',  ( 1.000000000000000000, 1.644287654954319550E-16, -0.000000000000000000 ) ) ;
#770 = EDGE_CURVE ( 'NONE', #736, #960, #123, .T. ) ;
#771 = LINE ( 'NONE', #1086, #296 ) ;
#772 = DIRECTION ( 'NONE',  ( 1.000000000000000000, 0.000000000000000000, 0.000000000000000000 ) ) ;
#773 = ORIENTED_EDGE ( 'NONE', *, *, #671, .F. ) ;
#774 = MECHANICAL_DESIGN_GEOMETRIC_PRESENTATION_REPRESENTATION (  '', ( #975 ), #386 ) ;
#775 = CARTESIAN_POINT ( 'NONE',  ( 14.99999999999999645, -5.999999999999999112, -10.79853507242137312 ) ) ;
#776 = VECTOR ( 'NONE', #437, 1000.000000000000000 ) ;
#777 = CYLINDRICAL_SURFACE ( 'NONE', #505, 1.500000000000001332 ) ;
#778 = VECTOR ( 'NONE', #1392, 1000.000000000000000 ) ;
#779 = CARTESIAN_POINT ( 'NONE',  ( -23.50000000000000000, -12.49999999999999822, 20.99999999999999645 ) ) ;
#780 = VERTEX_POINT ( 'NONE', #1329 ) ;
#781 = CARTESIAN_POINT ( 'NONE',  ( -14.34999999999999787, -0.5500000000000024869, -8.000000000000000000 ) ) ;
#782 = DIRECTION ( 'NONE',  ( -1.476360405086644309E-16, 1.000000000000000000, 0.000000000000000000 ) ) ;
#783 = EDGE_CURVE ( 'NONE', #1272, #1332, #548, .T. ) ;
#784 = EDGE_LOOP ( 'NONE', ( #1369, #416, #139, #592, #368, #1368, #1286, #1388 ) ) ;
#785 = DIRECTION ( 'NONE',  ( 1.000000000000000000, 0.000000000000000000, 0.000000000000000000 ) ) ;
#786 = ORIENTED_EDGE ( 'NONE', *, *, #908, .T. ) ;
#787 = FACE_OUTER_BOUND ( 'NONE', #938, .T. ) ;
#788 = DIRECTION ( 'NONE',  ( -1.000000000000000000, 0.000000000000000000, 0.000000000000000000 ) ) ;
#789 = FACE_BOUND ( 'NONE', #739, .T. ) ;
#790 = CARTESIAN_POINT ( 'NONE',  ( 14.99999999999999645, -5.999999999999999112, 5.000000000000000000 ) ) ;
#791 = ORIENTED_EDGE ( 'NONE', *, *, #985, .F. ) ;
#792 = CARTESIAN_POINT ( 'NONE',  ( 10.49999999999999467, 9.500000000000005329, -8.000000000000000000 ) ) ;
#793 = DIRECTION ( 'NONE',  ( 0.000000000000000000, -0.000000000000000000, 1.000000000000000000 ) ) ;
#794 = VECTOR ( 'NONE', #1385, 1000.000000000000000 ) ;
#795 = AXIS2_PLACEMENT_3D ( 'NONE', #810, #1344, #346 ) ;
#796 = AXIS2_PLACEMENT_3D ( 'NONE', #305, #859, #1421 ) ;
#797 = AXIS2_PLACEMENT_3D ( 'NONE', #703, #832, #54 ) ;
#798 = AXIS2_PLACEMENT_3D ( 'NONE', #840, #738, #853 ) ;
#799 = EDGE_LOOP ( 'NONE', ( #210, #1275, #674, #802, #650, #109, #1401, #1356 ) ) ;
#800 = CARTESIAN_POINT ( 'NONE',  ( 14.99999999999999645, 9.500000000000008882, 5.000000000000000000 ) ) ;
#801 = VERTEX_POINT ( 'NONE', #1006 ) ;
#802 = ORIENTED_EDGE ( 'NONE', *, *, #1098, .T. ) ;
#803 = PRODUCT ( '\X2\6fc051496d4b8ddd4f20611f5668524d4e0b56fa5b9a\X0\', '\X2\6fc051496d4b8ddd4f20611f5668524d4e0b56fa5b9a\X0\', '', ( #203 ) ) ;
#804 = DIRECTION ( 'NONE',  ( -0.000000000000000000, -0.000000000000000000, 1.000000000000000000 ) ) ;
#805 = FACE_OUTER_BOUND ( 'NONE', #977, .T. ) ;
#806 = EDGE_CURVE ( 'NONE', #485, #702, #1301, .T. ) ;
#807 = DIRECTION ( 'NONE',  ( 1.476360405086644309E-16, -1.000000000000000000, -0.000000000000000000 ) ) ;
#808 = ADVANCED_FACE ( 'NONE', ( #477 ), #984, .F. ) ;
#809 = CARTESIAN_POINT ( 'NONE',  ( 14.99999999999999645, 12.50000000000000711, 5.000000000000000000 ) ) ;
#810 = CARTESIAN_POINT ( 'NONE',  ( 14.99999999999999645, -12.49999999999999289, 5.000000000000000000 ) ) ;
#811 = VERTEX_POINT ( 'NONE', #569 ) ;
#812 = LINE ( 'NONE', #821, #335 ) ;
#813 = EDGE_LOOP ( 'NONE', ( #350, #415 ) ) ;
#814 = VERTEX_POINT ( 'NONE', #1015 ) ;
#815 = DIRECTION ( 'NONE',  ( 0.000000000000000000, -1.000000000000000000, 0.000000000000000000 ) ) ;
#816 = CARTESIAN_POINT ( 'NONE',  ( 17.50000000000000000, -15.50000000000000000, 3.500000000000000000 ) ) ;
#817 = EDGE_CURVE ( 'NONE', #1332, #1272, #1355, .T. ) ;
#818 = EDGE_CURVE ( 'NONE', #188, #1022, #124, .T. ) ;
#819 = DIRECTION ( 'NONE',  ( -0.000000000000000000, -0.000000000000000000, 1.000000000000000000 ) ) ;
#820 = ORIENTED_EDGE ( 'NONE', *, *, #302, .F. ) ;
#821 = CARTESIAN_POINT ( 'NONE',  ( 10.55000000000000426, -7.549999999999999822, 5.000000000000000000 ) ) ;
#822 = VERTEX_POINT ( 'NONE', #1243 ) ;
#823 = VERTEX_POINT ( 'NONE', #16 ) ;
#824 = CARTESIAN_POINT ( 'NONE',  ( -21.50000000000000000, -15.50000000000000000, 23.00000000000000000 ) ) ;
#825 = CARTESIAN_POINT ( 'NONE',  ( -10.54999999999999716, 7.549999999999997158, 2.000000000000000000 ) ) ;
#826 = CIRCLE ( 'NONE', #354, 1.000000000000000888 ) ;
#827 = AXIS2_PLACEMENT_3D ( 'NONE', #235, #1353, #345 ) ;
#828 = DIRECTION ( 'NONE',  ( 1.000000000000000000, 1.644287654954319550E-16, -0.000000000000000000 ) ) ;
#829 = VECTOR ( 'NONE', #411, 1000.000000000000000 ) ;
#830 = ORIENTED_EDGE ( 'NONE', *, *, #818, .F. ) ;
#831 = VERTEX_POINT ( 'NONE', #896 ) ;
#832 = DIRECTION ( 'NONE',  ( -1.476360405086644309E-16, 1.000000000000000000, 0.000000000000000000 ) ) ;
#833 = FACE_OUTER_BOUND ( 'NONE', #169, .T. ) ;
#834 = CARTESIAN_POINT ( 'NONE',  ( 19.00000000000000355, -15.50000000000000000, 3.500000000000000000 ) ) ;
#835 = ADVANCED_FACE ( 'NONE', ( #662 ), #341, .T. ) ;
#836 = ORIENTED_EDGE ( 'NONE', *, *, #1210, .T. ) ;
#837 = DIRECTION ( 'NONE',  ( -1.156482317317871478E-16, 1.000000000000000000, 0.000000000000000000 ) ) ;
#838 = DIRECTION ( 'NONE',  ( -1.000000000000000000, 0.000000000000000000, 0.000000000000000000 ) ) ;
#839 = ORIENTED_EDGE ( 'NONE', *, *, #716, .T. ) ;
#840 = CARTESIAN_POINT ( 'NONE',  ( -21.50000000000000000, -12.49999999999999822, 20.99999999999999645 ) ) ;
#841 = VERTEX_POINT ( 'NONE', #243 ) ;
#842 = AXIS2_PLACEMENT_3D ( 'NONE', #1226, #807, #1095 ) ;
#843 = VECTOR ( 'NONE', #122, 1000.000000000000000 ) ;
#844 = VECTOR ( 'NONE', #1313, 1000.000000000000000 ) ;
#845 = EDGE_CURVE ( 'NONE', #591, #188, #1429, .T. ) ;
#846 = CARTESIAN_POINT ( 'NONE',  ( -23.50000000000000000, -15.50000000000000000, 0.000000000000000000 ) ) ;
#847 = CARTESIAN_POINT ( 'NONE',  ( -14.02020410288673169, -13.29999999999999716, 23.00000000000000000 ) ) ;
#848 = EDGE_CURVE ( 'NONE', #814, #877, #620, .T. ) ;
#849 = DIRECTION ( 'NONE',  ( -1.000000000000000000, -1.949127501097539651E-16, 0.000000000000000000 ) ) ;
#850 = CARTESIAN_POINT ( 'NONE',  ( 0.000000000000000000, 0.000000000000000000, 0.000000000000000000 ) ) ;
#851 = EDGE_LOOP ( 'NONE', ( #621, #48, #402, #37 ) ) ;
#852 = EDGE_LOOP ( 'NONE', ( #462, #1228 ) ) ;
#853 = DIRECTION ( 'NONE',  ( -1.000000000000000000, 0.000000000000000000, 0.000000000000000000 ) ) ;
#854 = EDGE_CURVE ( 'NONE', #1138, #419, #479, .T. ) ;
#855 = CARTESIAN_POINT ( 'NONE',  ( -13.49999999999999822, 9.500000000000005329, -8.000000000000000000 ) ) ;
#856 = DIRECTION ( 'NONE',  ( -1.476360405086644309E-16, 1.000000000000000000, 0.000000000000000000 ) ) ;
#857 = LINE ( 'NONE', #846, #1050 ) ;
#858 = ORIENTED_EDGE ( 'NONE', *, *, #51, .F. ) ;
#859 = DIRECTION ( 'NONE',  ( 0.000000000000000000, -0.000000000000000000, 1.000000000000000000 ) ) ;
#860 = CARTESIAN_POINT ( 'NONE',  ( -18.99999999999999645, -15.50000000000000711, 18.50000000000000000 ) ) ;
#861 = AXIS2_PLACEMENT_3D ( 'NONE', #991, #6, #1065 ) ;
#862 = LINE ( 'NONE', #1304, #1051 ) ;
#863 = VECTOR ( 'NONE', #215, 1000.000000000000000 ) ;
#864 = ORIENTED_EDGE ( 'NONE', *, *, #1211, .T. ) ;
#865 = VERTEX_POINT ( 'NONE', #1132 ) ;
#866 = CARTESIAN_POINT ( 'NONE',  ( -10.54999999999999716, -7.550000000000002487, 2.000000000000000000 ) ) ;
#867 = VECTOR ( 'NONE', #974, 1000.000000000000000 ) ;
#868 = FACE_OUTER_BOUND ( 'NONE', #566, .T. ) ;
#869 = ADVANCED_FACE ( 'NONE', ( #1323 ), #777, .F. ) ;
#870 = EDGE_CURVE ( 'NONE', #129, #393, #734, .T. ) ;
#871 = ORIENTED_EDGE ( 'NONE', *, *, #77, .F. ) ;
#872 = VERTEX_POINT ( 'NONE', #670 ) ;
#873 = DIRECTION ( 'NONE',  ( -1.233215741215739601E-16, 1.000000000000000000, 0.000000000000000000 ) ) ;
#874 = DIRECTION ( 'NONE',  ( 1.000000000000000000, -0.000000000000000000, 0.000000000000000000 ) ) ;
#875 = DIRECTION ( 'NONE',  ( 0.000000000000000000, -0.000000000000000000, 1.000000000000000000 ) ) ;
#876 = DIRECTION ( 'NONE',  ( -1.000000000000000000, -1.476360405086644309E-16, 0.000000000000000000 ) ) ;
#877 = VERTEX_POINT ( 'NONE', #562 ) ;
#878 = PLANE ( 'NONE',  #1093 ) ;
#879 = DIRECTION ( 'NONE',  ( -0.000000000000000000, -0.000000000000000000, 1.000000000000000000 ) ) ;
#880 = DIRECTION ( 'NONE',  ( -1.000000000000000000, -1.949127501097539404E-16, 0.000000000000000000 ) ) ;
#881 = ORIENTED_EDGE ( 'NONE', *, *, #557, .T. ) ;
#882 = FACE_OUTER_BOUND ( 'NONE', #679, .T. ) ;
#883 = AXIS2_PLACEMENT_3D ( 'NONE', #1121, #696, #1005 ) ;
#884 = CYLINDRICAL_SURFACE ( 'NONE', #599, 1.000000000000000888 ) ;
#885 = VECTOR ( 'NONE', #769, 1000.000000000000000 ) ;
#886 = CARTESIAN_POINT ( 'NONE',  ( -11.99999999999999822, 9.500000000000005329, -8.000000000000000000 ) ) ;
#887 = EDGE_CURVE ( 'NONE', #582, #646, #111, .T. ) ;
#888 = LINE ( 'NONE', #1330, #1171 ) ;
#889 = AXIS2_PLACEMENT_3D ( 'NONE', #1274, #618, #1037 ) ;
#890 = CARTESIAN_POINT ( 'NONE',  ( 20.50000000000000355, -12.49999999999999289, 18.50000000000000000 ) ) ;
#891 = LINE ( 'NONE', #901, #1153 ) ;
#892 = ORIENTED_EDGE ( 'NONE', *, *, #131, .F. ) ;
#893 = CARTESIAN_POINT ( 'NONE',  ( 0.000000000000000000, 0.000000000000000000, 5.000000000000000000 ) ) ;
#894 = CARTESIAN_POINT ( 'NONE',  ( 10.55000000000000426, -7.549999999999999822, 2.000000000000000000 ) ) ;
#895 = DIRECTION ( 'NONE',  ( -0.000000000000000000, -0.000000000000000000, 1.000000000000000000 ) ) ;
#896 = CARTESIAN_POINT ( 'NONE',  ( 20.50000000000000355, -12.49999999999999289, 3.500000000000000000 ) ) ;
#897 = DIRECTION ( 'NONE',  ( 1.000000000000000000, 0.000000000000000000, 0.000000000000000000 ) ) ;
#898 = FACE_OUTER_BOUND ( 'NONE', #784, .T. ) ;
#899 = EDGE_LOOP ( 'NONE', ( #753, #786 ) ) ;
#900 = CARTESIAN_POINT ( 'NONE',  ( 14.99999999999999645, 12.50000000000000711, 5.000000000000000000 ) ) ;
#901 = CARTESIAN_POINT ( 'NONE',  ( -11.34999999999999609, -0.5500000000000027089, -8.000000000000000000 ) ) ;
#902 = ORIENTED_EDGE ( 'NONE', *, *, #360, .T. ) ;
#903 = DIRECTION ( 'NONE',  ( 0.000000000000000000, -0.000000000000000000, 1.000000000000000000 ) ) ;
#904 = DIRECTION ( 'NONE',  ( -1.476360405086644309E-16, 1.000000000000000000, 0.000000000000000000 ) ) ;
#905 = DIRECTION ( 'NONE',  ( -1.000000000000000000, 0.000000000000000000, 0.000000000000000000 ) ) ;
#906 = SURFACE_SIDE_STYLE ('',( #25 ) ) ;
#907 = ORIENTED_EDGE ( 'NONE', *, *, #77, .T. ) ;
#908 = EDGE_CURVE ( 'NONE', #1019, #1408, #686, .T. ) ;
#909 = FACE_OUTER_BOUND ( 'NONE', #1146, .T. ) ;
#910 = VERTEX_POINT ( 'NONE', #1396 ) ;
#911 = EDGE_LOOP ( 'NONE', ( #955, #493 ) ) ;
#912 = CYLINDRICAL_SURFACE ( 'NONE', #1192, 2.999999999999999112 ) ;
#913 = CARTESIAN_POINT ( 'NONE',  ( 0.000000000000000000, 0.000000000000000000, 2.000000000000000000 ) ) ;
#914 = DIRECTION ( 'NONE',  ( -1.476360405086644309E-16, 1.000000000000000000, 0.000000000000000000 ) ) ;
#915 = AXIS2_PLACEMENT_3D ( 'NONE', #900, #700, #36 ) ;
#916 = CIRCLE ( 'NONE', #163, 1.999999999999998224 ) ;
#917 = VECTOR ( 'NONE', #1307, 1000.000000000000000 ) ;
#918 = ORIENTED_EDGE ( 'NONE', *, *, #1156, .T. ) ;
#919 = FACE_OUTER_BOUND ( 'NONE', #799, .T. ) ;
#920 = ORIENTED_EDGE ( 'NONE', *, *, #732, .F. ) ;
#921 = EDGE_CURVE ( 'NONE', #57, #525, #690, .T. ) ;
#922 = EDGE_CURVE ( 'NONE', #702, #57, #1281, .T. ) ;
#923 = ORIENTED_EDGE ( 'NONE', *, *, #361, .F. ) ;
#924 = CARTESIAN_POINT ( 'NONE',  ( -18.99999999999999645, -15.50000000000000711, 18.50000000000000000 ) ) ;
#925 = CARTESIAN_POINT ( 'NONE',  ( 14.02020410288672458, -13.29999999999999716, 5.000000000000000888 ) ) ;
#926 = CARTESIAN_POINT ( 'NONE',  ( 10.55000000000000426, -7.549999999999999822, 2.000000000000000000 ) ) ;
#927 = CARTESIAN_POINT ( 'NONE',  ( 11.99999999999999467, 9.500000000000005329, -8.000000000000000000 ) ) ;
#928 = CARTESIAN_POINT ( 'NONE',  ( 11.99999999999999645, 9.500000000000008882, 0.000000000000000000 ) ) ;
#929 = EDGE_LOOP ( 'NONE', ( #343, #289, #1345, #272 ) ) ;
#930 = DIRECTION ( 'NONE',  ( -1.000000000000000000, 0.000000000000000000, 0.000000000000000000 ) ) ;
#931 = ORIENTED_EDGE ( 'NONE', *, *, #921, .F. ) ;
#932 = ORIENTED_EDGE ( 'NONE', *, *, #105, .T. ) ;
#933 = DIRECTION ( 'NONE',  ( -1.476360405086644556E-16, 1.000000000000000000, -0.000000000000000000 ) ) ;
#934 = CARTESIAN_POINT ( 'NONE',  ( 14.99999999999999645, -5.999999999999999112, 2.000000000000000000 ) ) ;
#935 = DIRECTION ( 'NONE',  ( 1.000000000000000000, 0.000000000000000000, 0.000000000000000000 ) ) ;
#936 = ORIENTED_EDGE ( 'NONE', *, *, #580, .F. ) ;
#937 = ORIENTED_EDGE ( 'NONE', *, *, #854, .F. ) ;
#938 = EDGE_LOOP ( 'NONE', ( #323, #1155, #439, #576 ) ) ;
#939 = DIRECTION ( 'NONE',  ( -1.000000000000000000, 0.000000000000000000, 0.000000000000000000 ) ) ;
#940 = CARTESIAN_POINT ( 'NONE',  ( -15.00000000000000355, -12.49999999999999645, -25.01066477104430774 ) ) ;
#941 = EDGE_CURVE ( 'NONE', #699, #585, #543, .T. ) ;
#942 = CIRCLE ( 'NONE', #125, 1.000000000000000888 ) ;
#943 = VECTOR ( 'NONE', #153, 1000.000000000000000 ) ;
#944 = AXIS2_PLACEMENT_3D ( 'NONE', #155, #398, #1135 ) ;
#945 = ORIENTED_EDGE ( 'NONE', *, *, #870, .F. ) ;
#946 = CARTESIAN_POINT ( 'NONE',  ( 19.00000000000000355, -12.49999999999999289, 18.50000000000000000 ) ) ;
#947 = CARTESIAN_POINT ( 'NONE',  ( -23.50000000000000000, -12.49999999999999822, 23.00000000000000000 ) ) ;
#948 = CARTESIAN_POINT ( 'NONE',  ( 23.50000000000000000, -12.49999999999999289, 2.000000000000000000 ) ) ;
#949 = ADVANCED_FACE ( 'NONE', ( #1219 ), #334, .F. ) ;
#950 = ORIENTED_EDGE ( 'NONE', *, *, #446, .F. ) ;
#951 = EDGE_CURVE ( 'NONE', #525, #485, #888, .T. ) ;
#952 = VERTEX_POINT ( 'NONE', #1096 ) ;
#953 = DIRECTION ( 'NONE',  ( -1.000000000000000000, 0.000000000000000000, 0.000000000000000000 ) ) ;
#954 = CARTESIAN_POINT ( 'NONE',  ( -17.49999999999999645, -15.50000000000000711, 3.500000000000000000 ) ) ;
#955 = ORIENTED_EDGE ( 'NONE', *, *, #35, .T. ) ;
#956 = VECTOR ( 'NONE', #266, 1000.000000000000000 ) ;
#957 = CIRCLE ( 'NONE', #545, 2.000000000000001776 ) ;
#958 = VECTOR ( 'NONE', #44, 1000.000000000000000 ) ;
#959 = EDGE_CURVE ( 'NONE', #292, #401, #185, .T. ) ;
#960 = VERTEX_POINT ( 'NONE', #1337 ) ;
#961 = EDGE_CURVE ( 'NONE', #186, #740, #219, .T. ) ;
#962 = ORIENTED_EDGE ( 'NONE', *, *, #1061, .T. ) ;
#963 = CARTESIAN_POINT ( 'NONE',  ( 14.99999999999999645, -5.999999999999999112, 2.000000000000000000 ) ) ;
#964 = VERTEX_POINT ( 'NONE', #33 ) ;
#965 = ORIENTED_EDGE ( 'NONE', *, *, #302, .T. ) ;
#966 = ORIENTED_EDGE ( 'NONE', *, *, #1055, .T. ) ;
#967 = FACE_OUTER_BOUND ( 'NONE', #605, .T. ) ;
#968 = ORIENTED_EDGE ( 'NONE', *, *, #1294, .T. ) ;
#969 = ORIENTED_EDGE ( 'NONE', *, *, #632, .F. ) ;
#970 = DIRECTION ( 'NONE',  ( 1.000000000000000000, 0.000000000000000000, 0.000000000000000000 ) ) ;
#971 = PLANE ( 'NONE',  #1154 ) ;
#972 = ADVANCED_FACE ( 'NONE', ( #381 ), #512, .F. ) ;
#973 = AXIS2_PLACEMENT_3D ( 'NONE', #886, #879, #1250 ) ;
#974 = DIRECTION ( 'NONE',  ( 0.000000000000000000, 0.000000000000000000, -1.000000000000000000 ) ) ;
#975 = STYLED_ITEM ( 'NONE', ( #564 ), #1300 ) ;
#976 = AXIS2_PLACEMENT_3D ( 'NONE', #1066, #742, #970 ) ;
#977 = EDGE_LOOP ( 'NONE', ( #356, #615, #968, #741, #600, #1374, #482 ) ) ;
#978 = ORIENTED_EDGE ( 'NONE', *, *, #1398, .F. ) ;
#979 = AXIS2_PLACEMENT_3D ( 'NONE', #834, #619, #1166 ) ;
#980 = CARTESIAN_POINT ( 'NONE',  ( -23.50000000000000000, -12.49999999999999822, 0.000000000000000000 ) ) ;
#981 = FACE_BOUND ( 'NONE', #362, .T. ) ;
#982 = ORIENTED_EDGE ( 'NONE', *, *, #1099, .F. ) ;
#983 = DIRECTION ( 'NONE',  ( -1.156482317317871478E-16, 1.000000000000000000, 0.000000000000000000 ) ) ;
#984 = CYLINDRICAL_SURFACE ( 'NONE', #973, 1.499999999999999556 ) ;
#985 = EDGE_CURVE ( 'NONE', #780, #553, #1045, .T. ) ;
#986 = CARTESIAN_POINT ( 'NONE',  ( 10.55000000000000426, -7.549999999999999822, 2.000000000000000000 ) ) ;
#987 = CARTESIAN_POINT ( 'NONE',  ( -17.49999999999999645, -12.49999999999999822, 3.500000000000000000 ) ) ;
#988 = EDGE_CURVE ( 'NONE', #120, #485, #56, .T. ) ;
#989 = ORIENTED_EDGE ( 'NONE', *, *, #517, .F. ) ;
#990 = DIRECTION ( 'NONE',  ( -0.000000000000000000, -0.000000000000000000, 1.000000000000000000 ) ) ;
#991 = CARTESIAN_POINT ( 'NONE',  ( -18.99999999999999645, -15.50000000000000711, 18.50000000000000000 ) ) ;
#992 = LINE ( 'NONE', #456, #66 ) ;
#993 = ORIENTED_EDGE ( 'NONE', *, *, #295, .T. ) ;
#994 = ADVANCED_FACE ( 'NONE', ( #1251 ), #367, .F. ) ;
#995 = AXIS2_PLACEMENT_3D ( 'NONE', #1125, #147, #222 ) ;
#996 = AXIS2_PLACEMENT_3D ( 'NONE', #1128, #138, #584 ) ;
#997 = CARTESIAN_POINT ( 'NONE',  ( 10.55000000000000426, 7.549999999999999822, 5.000000000000000000 ) ) ;
#998 = AXIS2_PLACEMENT_3D ( 'NONE', #1256, #180, #712 ) ;
#999 = DIRECTION ( 'NONE',  ( 0.000000000000000000, -0.000000000000000000, 1.000000000000000000 ) ) ;
#1000 = AXIS2_PLACEMENT_3D ( 'NONE', #490, #914, #838 ) ;
#1001 = PLANE ( 'NONE',  #915 ) ;
#1002 = DIRECTION ( 'NONE',  ( 0.000000000000000000, -0.000000000000000000, 1.000000000000000000 ) ) ;
#1003 = ORIENTED_EDGE ( 'NONE', *, *, #783, .T. ) ;
#1004 = DIRECTION ( 'NONE',  ( -0.000000000000000000, -1.000000000000000000, -0.000000000000000000 ) ) ;
#1005 = DIRECTION ( 'NONE',  ( -1.000000000000000000, 0.000000000000000000, 0.000000000000000000 ) ) ;
#1006 = CARTESIAN_POINT ( 'NONE',  ( 14.99999999999999645, -12.49999999999999289, 0.000000000000000000 ) ) ;
#1007 = UNCERTAINTY_MEASURE_WITH_UNIT (LENGTH_MEASURE( 1.000000000000000082E-05 ), #453, 'distance_accuracy_value', 'NONE');
#1008 = FILL_AREA_STYLE ('',( #581 ) ) ;
#1009 = EDGE_LOOP ( 'NONE', ( #668, #297 ) ) ;
#1010 = CARTESIAN_POINT ( 'NONE',  ( -23.50000000000000000, -12.49999999999999822, 0.000000000000000000 ) ) ;
#1011 = CARTESIAN_POINT ( 'NONE',  ( -21.50000000000000000, -12.49999999999999822, 2.000000000000000000 ) ) ;
#1012 = ORIENTED_EDGE ( 'NONE', *, *, #665, .T. ) ;
#1013 = LINE ( 'NONE', #568, #1070 ) ;
#1014 = DIRECTION ( 'NONE',  ( -1.476360405086644309E-16, 1.000000000000000000, 0.000000000000000000 ) ) ;
#1015 = CARTESIAN_POINT ( 'NONE',  ( -20.49999999999999645, -12.49999999999999822, 18.50000000000000000 ) ) ;
#1016 = DIRECTION ( 'NONE',  ( -1.000000000000000000, -1.156482317317872218E-16, 0.000000000000000000 ) ) ;
#1017 = EDGE_CURVE ( 'NONE', #630, #129, #478, .T. ) ;
#1018 = ADVANCED_FACE ( 'NONE', ( #1259 ), #1048, .T. ) ;
#1019 = VERTEX_POINT ( 'NONE', #729 ) ;
#1020 = FACE_BOUND ( 'NONE', #259, .T. ) ;
#1021 = ORIENTED_EDGE ( 'NONE', *, *, #1080, .F. ) ;
#1022 = VERTEX_POINT ( 'NONE', #1152 ) ;
#1023 = CARTESIAN_POINT ( 'NONE',  ( 11.99999999999999467, 9.500000000000005329, 0.000000000000000000 ) ) ;
#1024 = LINE ( 'NONE', #270, #1415 ) ;
#1025 = PLANE ( 'NONE',  #544 ) ;
#1026 = LINE ( 'NONE', #516, #1071 ) ;
#1027 = AXIS2_PLACEMENT_3D ( 'NONE', #1364, #178, #280 ) ;
#1028 = DIRECTION ( 'NONE',  ( -1.000000000000000000, -1.156482317317871478E-16, 0.000000000000000000 ) ) ;
#1029 = AXIS2_PLACEMENT_3D ( 'NONE', #656, #1076, #746 ) ;
#1030 = CIRCLE ( 'NONE', #1174, 2.999999999999999112 ) ;
#1031 = AXIS2_PLACEMENT_3D ( 'NONE', #924, #1255, #41 ) ;
#1032 = EDGE_LOOP ( 'NONE', ( #858, #1012, #1077, #1389 ) ) ;
#1033 = DIRECTION ( 'NONE',  ( 0.000000000000000000, -0.000000000000000000, 1.000000000000000000 ) ) ;
#1034 = EDGE_LOOP ( 'NONE', ( #945, #1305, #412, #1254 ) ) ;
#1035 = ORIENTED_EDGE ( 'NONE', *, *, #256, .T. ) ;
#1036 = FACE_OUTER_BOUND ( 'NONE', #1201, .T. ) ;
#1037 = DIRECTION ( 'NONE',  ( 0.000000000000000000, -0.000000000000000000, -1.000000000000000000 ) ) ;
#1038 = DIRECTION ( 'NONE',  ( -0.000000000000000000, 0.000000000000000000, -1.000000000000000000 ) ) ;
#1039 = ORIENTED_EDGE ( 'NONE', *, *, #1386, .F. ) ;
#1040 = FACE_OUTER_BOUND ( 'NONE', #73, .T. ) ;
#1041 = ORIENTED_EDGE ( 'NONE', *, *, #744, .F. ) ;
#1042 = ORIENTED_EDGE ( 'NONE', *, *, #1101, .F. ) ;
#1043 = DIRECTION ( 'NONE',  ( -1.000000000000000000, 0.000000000000000000, 0.000000000000000000 ) ) ;
#1044 = ADVANCED_FACE ( 'NONE', ( #167 ), #61, .F. ) ;
#1045 = LINE ( 'NONE', #825, #202 ) ;
#1046 = ORIENTED_EDGE ( 'NONE', *, *, #1387, .F. ) ;
#1047 = DIRECTION ( 'NONE',  ( -1.476360405086644556E-16, 1.000000000000000000, -0.000000000000000000 ) ) ;
#1048 = CYLINDRICAL_SURFACE ( 'NONE', #1176, 1.999999999999998224 ) ;
#1049 = VECTOR ( 'NONE', #1262, 1000.000000000000000 ) ;
#1050 = VECTOR ( 'NONE', #1195, 1000.000000000000000 ) ;
#1051 = VECTOR ( 'NONE', #9, 1000.000000000000000 ) ;
#1052 = ORIENTED_EDGE ( 'NONE', *, *, #645, .T. ) ;
#1053 = CARTESIAN_POINT ( 'NONE',  ( -21.50000000000000000, -12.49999999999999822, 23.00000000000000000 ) ) ;
#1054 = LINE ( 'NONE', #177, #735 ) ;
#1055 = EDGE_CURVE ( 'NONE', #265, #1162, #130, .T. ) ;
#1056 = EDGE_CURVE ( 'NONE', #39, #831, #1380, .T. ) ;
#1057 = ORIENTED_EDGE ( 'NONE', *, *, #961, .F. ) ;
#1058 = EDGE_LOOP ( 'NONE', ( #719, #385, #931, #1234 ) ) ;
#1059 = CARTESIAN_POINT ( 'NONE',  ( 14.99999999999999645, 6.000000000000000888, 5.000000000000000000 ) ) ;
#1060 = DIRECTION ( 'NONE',  ( 0.000000000000000000, -0.000000000000000000, 1.000000000000000000 ) ) ;
#1061 = EDGE_CURVE ( 'NONE', #872, #186, #504, .T. ) ;
#1062 = EDGE_CURVE ( 'NONE', #186, #542, #67, .T. ) ;
#1063 = DIRECTION ( 'NONE',  ( 1.156482317317871478E-16, -1.000000000000000000, -0.000000000000000000 ) ) ;
#1064 = DIRECTION ( 'NONE',  ( 1.000000000000000000, 0.000000000000000000, 0.000000000000000000 ) ) ;
#1065 = DIRECTION ( 'NONE',  ( -1.000000000000000000, 0.000000000000000000, 0.000000000000000000 ) ) ;
#1066 = CARTESIAN_POINT ( 'NONE',  ( -11.99999999999999822, 9.500000000000005329, 5.000000000000000888 ) ) ;
#1067 = DIRECTION ( 'NONE',  ( -1.949127501097539651E-16, 1.000000000000000000, 0.000000000000000000 ) ) ;
#1068 = AXIS2_PLACEMENT_3D ( 'NONE', #86, #856, #530 ) ;
#1069 = CARTESIAN_POINT ( 'NONE',  ( 23.50000000000000000, -15.49999999999999289, 20.99999999999999645 ) ) ;
#1070 = VECTOR ( 'NONE', #1241, 1000.000000000000000 ) ;
#1071 = VECTOR ( 'NONE', #396, 1000.000000000000000 ) ;
#1072 = EDGE_LOOP ( 'NONE', ( #1375, #12, #510, #474, #694, #617, #936 ) ) ;
#1073 = VERTEX_POINT ( 'NONE', #948 ) ;
#1074 = DIRECTION ( 'NONE',  ( -1.000000000000000000, 0.000000000000000000, 0.000000000000000000 ) ) ;
#1075 = CARTESIAN_POINT ( 'NONE',  ( 10.55000000000000426, 6.000000000000000000, 2.000000000000000000 ) ) ;
#1076 = DIRECTION ( 'NONE',  ( -1.476360405086644309E-16, 1.000000000000000000, 0.000000000000000000 ) ) ;
#1077 = ORIENTED_EDGE ( 'NONE', *, *, #1194, .T. ) ;
#1078 = EDGE_LOOP ( 'NONE', ( #612, #1117, #150, #1147 ) ) ;
#1079 = CARTESIAN_POINT ( 'NONE',  ( -18.99999999999999645, -12.49999999999999822, 18.50000000000000000 ) ) ;
#1080 = EDGE_CURVE ( 'NONE', #822, #960, #698, .T. ) ;
#1081 = DIRECTION ( 'NONE',  ( -1.000000000000000000, 0.000000000000000000, 0.000000000000000000 ) ) ;
#1082 = LINE ( 'NONE', #1205, #625 ) ;
#1083 = ORIENTED_EDGE ( 'NONE', *, *, #665, .F. ) ;
#1084 = EDGE_LOOP ( 'NONE', ( #1247, #1113, #1290, #1003 ) ) ;
#1085 = CYLINDRICAL_SURFACE ( 'NONE', #661, 1.499999999999999556 ) ;
#1086 = CARTESIAN_POINT ( 'NONE',  ( 17.50000000000000000, -15.50000000000000000, 18.50000000000000000 ) ) ;
#1087 =( LENGTH_UNIT ( ) NAMED_UNIT ( * ) SI_UNIT ( .MILLI., .METRE. ) );
#1088 = AXIS2_PLACEMENT_3D ( 'NONE', #450, #793, #685 ) ;
#1089 = AXIS2_PLACEMENT_3D ( 'NONE', #159, #602, #126 ) ;
#1090 = VECTOR ( 'NONE', #108, 1000.000000000000000 ) ;
#1091 = CARTESIAN_POINT ( 'NONE',  ( 11.99999999999999645, 9.500000000000008882, 5.000000000000000000 ) ) ;
#1092 = ORIENTED_EDGE ( 'NONE', *, *, #922, .T. ) ;
#1093 = AXIS2_PLACEMENT_3D ( 'NONE', #775, #1217, #344 ) ;
#1094 = LINE ( 'NONE', #340, #1214 ) ;
#1095 = DIRECTION ( 'NONE',  ( -1.000000000000000000, 0.000000000000000000, 0.000000000000000000 ) ) ;
#1096 = CARTESIAN_POINT ( 'NONE',  ( 17.50000000000000000, -15.50000000000000000, 18.50000000000000000 ) ) ;
#1097 = UNCERTAINTY_MEASURE_WITH_UNIT (LENGTH_MEASURE( 1.000000000000000082E-05 ), #1087, 'distance_accuracy_value', 'NONE');
#1098 = EDGE_CURVE ( 'NONE', #247, #120, #315, .T. ) ;
#1099 = EDGE_CURVE ( 'NONE', #377, #158, #181, .T. ) ;
#1100 = DIRECTION ( 'NONE',  ( 0.000000000000000000, -0.000000000000000000, 1.000000000000000000 ) ) ;
#1101 = EDGE_CURVE ( 'NONE', #872, #2, #47, .T. ) ;
#1102 = DIRECTION ( 'NONE',  ( -0.000000000000000000, -0.000000000000000000, 1.000000000000000000 ) ) ;
#1103 = DIRECTION ( 'NONE',  ( -1.476360405086644309E-16, 1.000000000000000000, 0.000000000000000000 ) ) ;
#1104 = ORIENTED_EDGE ( 'NONE', *, *, #333, .T. ) ;
#1105 = CARTESIAN_POINT ( 'NONE',  ( 23.50000000000000000, -15.49999999999999289, 2.000000000000000000 ) ) ;
#1106 = DIRECTION ( 'NONE',  ( 0.000000000000000000, 0.000000000000000000, -1.000000000000000000 ) ) ;
#1107 = DIRECTION ( 'NONE',  ( 1.000000000000000000, 0.000000000000000000, 0.000000000000000000 ) ) ;
#1108 = CARTESIAN_POINT ( 'NONE',  ( 1.845450506358304438E-15, -12.49999999999999467, 0.000000000000000000 ) ) ;
#1109 = VERTEX_POINT ( 'NONE', #238 ) ;
#1110 = DIRECTION ( 'NONE',  ( -1.000000000000000000, 0.000000000000000000, 0.000000000000000000 ) ) ;
#1111 = CYLINDRICAL_SURFACE ( 'NONE', #883, 2.999999999999999112 ) ;
#1112 = DIRECTION ( 'NONE',  ( 1.476360405086644309E-16, -1.000000000000000000, -0.000000000000000000 ) ) ;
#1113 = ORIENTED_EDGE ( 'NONE', *, *, #35, .F. ) ;
#1114 = DIRECTION ( 'NONE',  ( 1.000000000000000000, 1.156482317317871478E-16, -0.000000000000000000 ) ) ;
#1115 = DIRECTION ( 'NONE',  ( 0.000000000000000000, -0.000000000000000000, -1.000000000000000000 ) ) ;
#1116 = AXIS2_PLACEMENT_3D ( 'NONE', #1270, #258, #1357 ) ;
#1117 = ORIENTED_EDGE ( 'NONE', *, *, #513, .T. ) ;
#1118 = CIRCLE ( 'NONE', #995, 2.000000000000001776 ) ;
#1119 = AXIS2_PLACEMENT_3D ( 'NONE', #1182, #633, #1064 ) ;
#1120 = CARTESIAN_POINT ( 'NONE',  ( 21.50000000000000000, -15.49999999999999289, 2.000000000000000000 ) ) ;
#1121 = CARTESIAN_POINT ( 'NONE',  ( 11.99999999999999645, 9.500000000000008882, 5.000000000000000000 ) ) ;
#1122 = AXIS2_PLACEMENT_3D ( 'NONE', #893, #903, #21 ) ;
#1123 = DIRECTION ( 'NONE',  ( 1.000000000000000000, 0.000000000000000000, 0.000000000000000000 ) ) ;
#1124 = VECTOR ( 'NONE', #1354, 1000.000000000000000 ) ;
#1125 = CARTESIAN_POINT ( 'NONE',  ( 21.50000000000000000, -12.49999999999999289, 20.99999999999999645 ) ) ;
#1126 = ORIENTED_EDGE ( 'NONE', *, *, #988, .F. ) ;
#1127 = CARTESIAN_POINT ( 'NONE',  ( 14.99999999999999645, 9.500000000000008882, 5.000000000000000000 ) ) ;
#1128 = CARTESIAN_POINT ( 'NONE',  ( -12.00000000000000355, 9.500000000000005329, 0.000000000000000000 ) ) ;
#1129 = VERTEX_POINT ( 'NONE', #986 ) ;
#1130 = CARTESIAN_POINT ( 'NONE',  ( 14.99999999999999645, 6.000000000000000888, 2.000000000000000000 ) ) ;
#1131 = CARTESIAN_POINT ( 'NONE',  ( -14.34999999999999787, -0.5500000000000024869, 5.000000000000000888 ) ) ;
#1132 = CARTESIAN_POINT ( 'NONE',  ( 14.02020410288672458, -13.29999999999999716, 23.00000000000000000 ) ) ;
#1133 = ADVANCED_FACE ( 'NONE', ( #672 ), #93, .F. ) ;
#1134 = EDGE_CURVE ( 'NONE', #393, #247, #862, .T. ) ;
#1135 = DIRECTION ( 'NONE',  ( -1.000000000000000000, 0.000000000000000000, 0.000000000000000000 ) ) ;
#1136 = VERTEX_POINT ( 'NONE', #455 ) ;
#1137 = CARTESIAN_POINT ( 'NONE',  ( -15.00000000000000355, -12.49999999999999645, 5.000000000000000000 ) ) ;
#1138 = VERTEX_POINT ( 'NONE', #890 ) ;
#1139 = ORIENTED_EDGE ( 'NONE', *, *, #78, .F. ) ;
#1140 = CARTESIAN_POINT ( 'NONE',  ( 14.99999999999999645, -5.999999999999999112, 2.000000000000000000 ) ) ;
#1141 = CARTESIAN_POINT ( 'NONE',  ( 20.50000000000000355, -15.50000000000000000, 3.500000000000000000 ) ) ;
#1142 = FACE_BOUND ( 'NONE', #486, .T. ) ;
#1143 = CARTESIAN_POINT ( 'NONE',  ( -21.50000000000000000, -2.486436982233423765E-15, 2.000000000000000000 ) ) ;
#1144 = ORIENTED_EDGE ( 'NONE', *, *, #1099, .T. ) ;
#1145 = PLANE ( 'NONE',  #1089 ) ;
#1146 = EDGE_LOOP ( 'NONE', ( #1021, #1252, #1319, #737 ) ) ;
#1147 = ORIENTED_EDGE ( 'NONE', *, *, #1423, .T. ) ;
#1148 = DIRECTION ( 'NONE',  ( -1.000000000000000000, -1.233215741215739601E-16, 0.000000000000000000 ) ) ;
#1149 = DIRECTION ( 'NONE',  ( 0.000000000000000000, 0.000000000000000000, -1.000000000000000000 ) ) ;
#1150 = DIRECTION ( 'NONE',  ( 1.000000000000000000, 0.000000000000000000, 0.000000000000000000 ) ) ;
#1151 = CIRCLE ( 'NONE', #1377, 1.499999999999999556 ) ;
#1152 = CARTESIAN_POINT ( 'NONE',  ( -21.50000000000000000, -15.50000000000000000, 0.000000000000000000 ) ) ;
#1153 = VECTOR ( 'NONE', #231, 1000.000000000000000 ) ;
#1154 = AXIS2_PLACEMENT_3D ( 'NONE', #546, #874, #1106 ) ;
#1155 = ORIENTED_EDGE ( 'NONE', *, *, #1416, .T. ) ;
#1156 = EDGE_CURVE ( 'NONE', #1366, #53, #317, .T. ) ;
#1157 = EDGE_CURVE ( 'NONE', #639, #1109, #1082, .T. ) ;
#1158 = CARTESIAN_POINT ( 'NONE',  ( 10.55000000000000426, 6.000000000000000000, -10.79853507242137312 ) ) ;
#1159 = EDGE_LOOP ( 'NONE', ( #1083, #1419, #209, #1183 ) ) ;
#1160 = ORIENTED_EDGE ( 'NONE', *, *, #1157, .T. ) ;
#1161 = DIRECTION ( 'NONE',  ( 0.000000000000000000, 0.000000000000000000, 1.000000000000000000 ) ) ;
#1162 = VERTEX_POINT ( 'NONE', #692 ) ;
#1163 = ORIENTED_EDGE ( 'NONE', *, *, #1061, .F. ) ;
#1164 = DIRECTION ( 'NONE',  ( -1.000000000000000000, 0.000000000000000000, 0.000000000000000000 ) ) ;
#1165 = DIRECTION ( 'NONE',  ( -1.000000000000000000, 0.000000000000000000, 0.000000000000000000 ) ) ;
#1166 = DIRECTION ( 'NONE',  ( -1.000000000000000000, 0.000000000000000000, 0.000000000000000000 ) ) ;
#1167 = CARTESIAN_POINT ( 'NONE',  ( -23.50000000000000000, -15.50000000000000000, 20.99999999999999645 ) ) ;
#1168 = VERTEX_POINT ( 'NONE', #720 ) ;
#1169 = CYLINDRICAL_SURFACE ( 'NONE', #998, 2.000000000000001776 ) ;
#1170 = EDGE_CURVE ( 'NONE', #1073, #811, #583, .T. ) ;
#1171 = VECTOR ( 'NONE', #326, 1000.000000000000000 ) ;
#1172 = ADVANCED_FACE ( 'NONE', ( #1040 ), #472, .F. ) ;
#1173 = VECTOR ( 'NONE', #133, 1000.000000000000000 ) ;
#1174 = AXIS2_PLACEMENT_3D ( 'NONE', #1091, #1222, #772 ) ;
#1175 = APPLICATION_CONTEXT ( 'automotive_design' ) ;
#1176 = AXIS2_PLACEMENT_3D ( 'NONE', #1143, #608, #1016 ) ;
#1177 = ORIENTED_EDGE ( 'NONE', *, *, #550, .T. ) ;
#1178 = EDGE_LOOP ( 'NONE', ( #148, #759, #708, #978 ) ) ;
#1179 = EDGE_CURVE ( 'NONE', #639, #1136, #273, .T. ) ;
#1180 = EDGE_CURVE ( 'NONE', #186, #652, #248, .T. ) ;
#1181 = CARTESIAN_POINT ( 'NONE',  ( -20.49999999999999645, -15.50000000000000711, 18.50000000000000000 ) ) ;
#1182 = CARTESIAN_POINT ( 'NONE',  ( -12.84999999999999609, -0.5500000000000027089, 0.000000000000000000 ) ) ;
#1183 = ORIENTED_EDGE ( 'NONE', *, *, #229, .T. ) ;
#1184 = PLANE ( 'NONE',  #1393 ) ;
#1185 = CARTESIAN_POINT ( 'NONE',  ( -14.02020410288673169, -13.29999999999999716, 5.000000000000000888 ) ) ;
#1186 = VERTEX_POINT ( 'NONE', #1346 ) ;
#1187 = ORIENTED_EDGE ( 'NONE', *, *, #330, .F. ) ;
#1188 = CARTESIAN_POINT ( 'NONE',  ( 10.55000000000000426, -7.549999999999999822, 2.000000000000000000 ) ) ;
#1189 = CARTESIAN_POINT ( 'NONE',  ( -11.99999999999999822, 9.500000000000005329, -8.000000000000000000 ) ) ;
#1190 = VECTOR ( 'NONE', #990, 1000.000000000000000 ) ;
#1191 = APPLICATION_PROTOCOL_DEFINITION ( 'draft international standard', 'automotive_design', 1998, #1175 ) ;
#1192 = AXIS2_PLACEMENT_3D ( 'NONE', #613, #175, #939 ) ;
#1193 = ADVANCED_FACE ( 'NONE', ( #49 ), #357, .F. ) ;
#1194 = EDGE_CURVE ( 'NONE', #1168, #1341, #1391, .T. ) ;
#1195 = DIRECTION ( 'NONE',  ( -0.000000000000000000, -0.000000000000000000, -1.000000000000000000 ) ) ;
#1196 = VERTEX_POINT ( 'NONE', #800 ) ;
#1197 = CARTESIAN_POINT ( 'NONE',  ( 13.49999999999999467, 9.500000000000005329, -8.000000000000000000 ) ) ;
#1198 = ORIENTED_EDGE ( 'NONE', *, *, #985, .T. ) ;
#1199 = ADVANCED_FACE ( 'NONE', ( #909 ), #1001, .F. ) ;
#1200 = ORIENTED_EDGE ( 'NONE', *, *, #959, .T. ) ;
#1201 = EDGE_LOOP ( 'NONE', ( #397, #754, #74, #1042 ) ) ;
#1202 = DIRECTION ( 'NONE',  ( -0.000000000000000000, -1.000000000000000000, -0.000000000000000000 ) ) ;
#1203 = CARTESIAN_POINT ( 'NONE',  ( 14.99999999999999645, 6.000000000000000888, -10.79853507242137312 ) ) ;
#1204 = DIRECTION ( 'NONE',  ( 0.000000000000000000, 0.000000000000000000, 1.000000000000000000 ) ) ;
#1205 = CARTESIAN_POINT ( 'NONE',  ( 10.55000000000000426, -7.549999999999999822, 2.000000000000000000 ) ) ;
#1206 = LINE ( 'NONE', #239, #246 ) ;
#1207 = ORIENTED_EDGE ( 'NONE', *, *, #1398, .T. ) ;
#1208 = DIRECTION ( 'NONE',  ( -1.000000000000000000, 0.000000000000000000, 0.000000000000000000 ) ) ;
#1209 = CARTESIAN_POINT ( 'NONE',  ( 10.49999999999999467, 9.500000000000005329, 0.000000000000000000 ) ) ;
#1210 = EDGE_CURVE ( 'NONE', #823, #1366, #812, .T. ) ;
#1211 = EDGE_CURVE ( 'NONE', #191, #1196, #149, .T. ) ;
#1212 = VECTOR ( 'NONE', #365, 1000.000000000000000 ) ;
#1213 =( GEOMETRIC_REPRESENTATION_CONTEXT ( 3 ) GLOBAL_UNCERTAINTY_ASSIGNED_CONTEXT ( ( #1097 ) ) GLOBAL_UNIT_ASSIGNED_CONTEXT ( ( #1087, #1308, #536 ) ) REPRESENTATION_CONTEXT ( 'NONE', 'WORKASPACE' ) );
#1214 = VECTOR ( 'NONE', #1004, 1000.000000000000000 ) ;
#1215 = CARTESIAN_POINT ( 'NONE',  ( 14.99999999999999645, -12.49999999999999289, 0.000000000000000000 ) ) ;
#1216 = EDGE_LOOP ( 'NONE', ( #371, #378, #1263, #329 ) ) ;
#1217 = DIRECTION ( 'NONE',  ( 1.949127501097539651E-16, -1.000000000000000000, 0.000000000000000000 ) ) ;
#1218 = DIRECTION ( 'NONE',  ( -1.476360405086644556E-16, 1.000000000000000000, -0.000000000000000000 ) ) ;
#1219 = FACE_OUTER_BOUND ( 'NONE', #1084, .T. ) ;
#1220 = ADVANCED_FACE ( 'NONE', ( #590 ), #492, .F. ) ;
#1221 = ADVANCED_FACE ( 'NONE', ( #1020, #709, #789, #18, #919 ), #1145, .F. ) ;
#1222 = DIRECTION ( 'NONE',  ( 0.000000000000000000, -0.000000000000000000, 1.000000000000000000 ) ) ;
#1223 = ORIENTED_EDGE ( 'NONE', *, *, #1414, .T. ) ;
#1224 = LINE ( 'NONE', #1321, #452 ) ;
#1225 =( NAMED_UNIT ( * ) PLANE_ANGLE_UNIT ( ) SI_UNIT ( $, .RADIAN. ) );
#1226 = CARTESIAN_POINT ( 'NONE',  ( 21.50000000000000000, -15.49999999999999289, 2.000000000000000000 ) ) ;
#1227 = CARTESIAN_POINT ( 'NONE',  ( -11.34999999999999609, -0.5500000000000027089, 5.000000000000000888 ) ) ;
#1228 = ORIENTED_EDGE ( 'NONE', *, *, #1194, .F. ) ;
#1229 = CARTESIAN_POINT ( 'NONE',  ( -15.00000000000000355, 9.500000000000005329, 5.000000000000000000 ) ) ;
#1230 = CARTESIAN_POINT ( 'NONE',  ( -23.50000000000000000, -12.49999999999999822, 0.000000000000000000 ) ) ;
#1231 = ORIENTED_EDGE ( 'NONE', *, *, #534, .T. ) ;
#1232 = DIRECTION ( 'NONE',  ( -1.000000000000000000, -1.233215741215739601E-16, 0.000000000000000000 ) ) ;
#1233 = DIRECTION ( 'NONE',  ( 1.000000000000000000, 0.000000000000000000, -0.000000000000000000 ) ) ;
#1234 = ORIENTED_EDGE ( 'NONE', *, *, #922, .F. ) ;
#1235 = LINE ( 'NONE', #1127, #275 ) ;
#1236 = LINE ( 'NONE', #1230, #428 ) ;
#1237 = AXIS2_PLACEMENT_3D ( 'NONE', #714, #1028, #264 ) ;
#1238 = EDGE_CURVE ( 'NONE', #658, #291, #1412, .T. ) ;
#1239 = EDGE_LOOP ( 'NONE', ( #730, #179 ) ) ;
#1240 = AXIS2_PLACEMENT_3D ( 'NONE', #464, #667, #112 ) ;
#1241 = DIRECTION ( 'NONE',  ( -0.000000000000000000, -0.000000000000000000, 1.000000000000000000 ) ) ;
#1242 = AXIS2_PLACEMENT_3D ( 'NONE', #509, #933, #373 ) ;
#1243 = CARTESIAN_POINT ( 'NONE',  ( 11.99999999999999645, 12.50000000000000711, 5.000000000000000000 ) ) ;
#1244 = EDGE_LOOP ( 'NONE', ( #89, #950 ) ) ;
#1245 = DIRECTION ( 'NONE',  ( 0.000000000000000000, 0.000000000000000000, 1.000000000000000000 ) ) ;
#1246 = ORIENTED_EDGE ( 'NONE', *, *, #1322, .T. ) ;
#1247 = ORIENTED_EDGE ( 'NONE', *, *, #286, .F. ) ;
#1248 = CARTESIAN_POINT ( 'NONE',  ( -10.49999999999999822, 9.500000000000005329, -8.000000000000000000 ) ) ;
#1249 = FACE_BOUND ( 'NONE', #1244, .T. ) ;
#1250 = DIRECTION ( 'NONE',  ( 1.000000000000000000, 0.000000000000000000, 0.000000000000000000 ) ) ;
#1251 = FACE_OUTER_BOUND ( 'NONE', #1216, .T. ) ;
#1252 = ORIENTED_EDGE ( 'NONE', *, *, #52, .T. ) ;
#1253 = EDGE_LOOP ( 'NONE', ( #1057, #1280, #197, #1139 ) ) ;
#1254 = ORIENTED_EDGE ( 'NONE', *, *, #513, .F. ) ;
#1255 = DIRECTION ( 'NONE',  ( -1.476360405086644556E-16, 1.000000000000000000, -0.000000000000000000 ) ) ;
#1256 = CARTESIAN_POINT ( 'NONE',  ( -21.50000000000000000, -15.50000000000000000, 20.99999999999999645 ) ) ;
#1257 = DIRECTION ( 'NONE',  ( -0.000000000000000000, -0.000000000000000000, 1.000000000000000000 ) ) ;
#1258 = EDGE_CURVE ( 'NONE', #801, #630, #463, .T. ) ;
#1259 = FACE_OUTER_BOUND ( 'NONE', #319, .T. ) ;
#1260 = EDGE_CURVE ( 'NONE', #1162, #1196, #1235, .T. ) ;
#1261 = ORIENTED_EDGE ( 'NONE', *, *, #316, .T. ) ;
#1262 = DIRECTION ( 'NONE',  ( 1.000000000000000000, 1.476360405086644309E-16, 0.000000000000000000 ) ) ;
#1263 = ORIENTED_EDGE ( 'NONE', *, *, #517, .T. ) ;
#1264 = ORIENTED_EDGE ( 'NONE', *, *, #550, .F. ) ;
#1265 = LINE ( 'NONE', #1248, #547 ) ;
#1266 = CARTESIAN_POINT ( 'NONE',  ( -23.50000000000000000, -12.49999999999999822, 2.000000000000000000 ) ) ;
#1267 = CIRCLE ( 'NONE', #1119, 1.500000000000001332 ) ;
#1268 = CARTESIAN_POINT ( 'NONE',  ( 21.49999999999999645, 2.486436982233422976E-15, 0.000000000000000000 ) ) ;
#1269 = VECTOR ( 'NONE', #233, 1000.000000000000000 ) ;
#1270 = CARTESIAN_POINT ( 'NONE',  ( -23.50000000000000000, -15.50000000000000000, 23.00000000000000000 ) ) ;
#1271 = ORIENTED_EDGE ( 'NONE', *, *, #845, .F. ) ;
#1272 = VERTEX_POINT ( 'NONE', #1227 ) ;
#1273 = DIRECTION ( 'NONE',  ( -1.476360405086644556E-16, 1.000000000000000000, -0.000000000000000000 ) ) ;
#1274 = CARTESIAN_POINT ( 'NONE',  ( -15.00000000000000355, -13.29999999999999716, -25.01066477104430774 ) ) ;
#1275 = ORIENTED_EDGE ( 'NONE', *, *, #870, .T. ) ;
#1276 = CARTESIAN_POINT ( 'NONE',  ( 23.50000000000000000, -15.49999999999999289, 2.000000000000000000 ) ) ;
#1277 = ORIENTED_EDGE ( 'NONE', *, *, #1017, .T. ) ;
#1278 = PRODUCT_RELATED_PRODUCT_CATEGORY ( 'part', '', ( #803 ) ) ;
#1279 = ADVANCED_FACE ( 'NONE', ( #898 ), #116, .F. ) ;
#1280 = ORIENTED_EDGE ( 'NONE', *, *, #1062, .T. ) ;
#1281 = LINE ( 'NONE', #1167, #64 ) ;
#1282 = AXIS2_PLACEMENT_3D ( 'NONE', #436, #875, #1107 ) ;
#1283 = CIRCLE ( 'NONE', #387, 1.500000000000001332 ) ;
#1284 = VECTOR ( 'NONE', #849, 1000.000000000000000 ) ;
#1285 = CARTESIAN_POINT ( 'NONE',  ( 1.845450506358304438E-15, -12.49999999999999467, 0.000000000000000000 ) ) ;
#1286 = ORIENTED_EDGE ( 'NONE', *, *, #40, .F. ) ;
#1287 = ORIENTED_EDGE ( 'NONE', *, *, #1238, .T. ) ;
#1288 = FACE_OUTER_BOUND ( 'NONE', #1395, .T. ) ;
#1289 = PLANE ( 'NONE',  #484 ) ;
#1290 = ORIENTED_EDGE ( 'NONE', *, *, #118, .T. ) ;
#1291 = ORIENTED_EDGE ( 'NONE', *, *, #1156, .F. ) ;
#1292 = FACE_OUTER_BOUND ( 'NONE', #94, .T. ) ;
#1293 = CARTESIAN_POINT ( 'NONE',  ( -12.00000000000000355, 12.50000000000000355, 0.000000000000000000 ) ) ;
#1294 = EDGE_CURVE ( 'NONE', #1349, #811, #1118, .T. ) ;
#1295 = EDGE_CURVE ( 'NONE', #964, #113, #1151, .T. ) ;
#1296 = ORIENTED_EDGE ( 'NONE', *, *, #469, .T. ) ;
#1297 = ORIENTED_EDGE ( 'NONE', *, *, #256, .F. ) ;
#1298 = CARTESIAN_POINT ( 'NONE',  ( 14.99999999999999645, -12.49999999999999645, 5.000000000000000888 ) ) ;
#1299 = DIRECTION ( 'NONE',  ( -1.476360405086644556E-16, 1.000000000000000000, -0.000000000000000000 ) ) ;
#1300 = MANIFOLD_SOLID_BREP ( '\X2\570689d2\X0\5', #336 ) ;
#1301 = CIRCLE ( 'NONE', #1348, 2.000000000000001776 ) ;
#1302 = AXIS2_PLACEMENT_3D ( 'NONE', #1331, #673, #1309 ) ;
#1303 = AXIS2_PLACEMENT_3D ( 'NONE', #467, #1164, #1161 ) ;
#1304 = CARTESIAN_POINT ( 'NONE',  ( 23.50000000000000000, -15.49999999999999289, 0.000000000000000000 ) ) ;
#1305 = ORIENTED_EDGE ( 'NONE', *, *, #1017, .F. ) ;
#1306 = ORIENTED_EDGE ( 'NONE', *, *, #497, .T. ) ;
#1307 = DIRECTION ( 'NONE',  ( -1.476360405086644556E-16, 1.000000000000000000, -0.000000000000000000 ) ) ;
#1308 =( NAMED_UNIT ( * ) PLANE_ANGLE_UNIT ( ) SI_UNIT ( $, .RADIAN. ) );
#1309 = DIRECTION ( 'NONE',  ( 1.000000000000000000, 0.000000000000000000, 0.000000000000000000 ) ) ;
#1310 = APPLICATION_CONTEXT ( 'automotive_design' ) ;
#1311 = EDGE_CURVE ( 'NONE', #841, #952, #42, .T. ) ;
#1312 = ORIENTED_EDGE ( 'NONE', *, *, #40, .T. ) ;
#1313 = DIRECTION ( 'NONE',  ( 1.000000000000000000, 0.000000000000000000, 0.000000000000000000 ) ) ;
#1314 = EDGE_CURVE ( 'NONE', #240, #865, #826, .T. ) ;
#1315 = DIRECTION ( 'NONE',  ( -1.000000000000000000, -1.476360405086644309E-16, -0.000000000000000000 ) ) ;
#1316 = DIRECTION ( 'NONE',  ( 1.000000000000000000, 0.000000000000000000, 0.000000000000000000 ) ) ;
#1317 = DIRECTION ( 'NONE',  ( 1.000000000000000000, 0.000000000000000000, 0.000000000000000000 ) ) ;
#1318 = FACE_BOUND ( 'NONE', #172, .T. ) ;
#1319 = ORIENTED_EDGE ( 'NONE', *, *, #1386, .T. ) ;
#1320 = ADVANCED_FACE ( 'NONE', ( #460 ), #1111, .T. ) ;
#1321 = CARTESIAN_POINT ( 'NONE',  ( 20.50000000000000355, -15.50000000000000000, 18.50000000000000000 ) ) ;
#1322 = EDGE_CURVE ( 'NONE', #658, #158, #1362, .T. ) ;
#1323 = FACE_OUTER_BOUND ( 'NONE', #611, .T. ) ;
#1324 = AXIS2_PLACEMENT_3D ( 'NONE', #348, #1367, #376 ) ;
#1325 = CIRCLE ( 'NONE', #1302, 1.499999999999999556 ) ;
#1326 = DIRECTION ( 'NONE',  ( -0.000000000000000000, -0.000000000000000000, 1.000000000000000000 ) ) ;
#1327 = ORIENTED_EDGE ( 'NONE', *, *, #664, .F. ) ;
#1328 = LINE ( 'NONE', #781, #43 ) ;
#1329 = CARTESIAN_POINT ( 'NONE',  ( -10.54999999999999716, 7.549999999999997158, 2.000000000000000000 ) ) ;
#1330 = CARTESIAN_POINT ( 'NONE',  ( -21.50000000000000000, -15.50000000000000000, 23.00000000000000000 ) ) ;
#1331 = CARTESIAN_POINT ( 'NONE',  ( -11.99999999999999822, 9.500000000000005329, 0.000000000000000000 ) ) ;
#1332 = VERTEX_POINT ( 'NONE', #1131 ) ;
#1333 = FACE_BOUND ( 'NONE', #852, .T. ) ;
#1334 = LINE ( 'NONE', #894, #885 ) ;
#1335 = CARTESIAN_POINT ( 'NONE',  ( -17.49999999999999645, -15.50000000000000711, 18.50000000000000000 ) ) ;
#1336 = CARTESIAN_POINT ( 'NONE',  ( -12.84999999999999609, -0.5500000000000027089, 5.000000000000000888 ) ) ;
#1337 = CARTESIAN_POINT ( 'NONE',  ( -12.00000000000000355, 12.50000000000000355, 5.000000000000000000 ) ) ;
#1338 = EDGE_CURVE ( 'NONE', #1129, #1366, #23, .T. ) ;
#1339 = ORIENTED_EDGE ( 'NONE', *, *, #1424, .F. ) ;
#1340 = LINE ( 'NONE', #1215, #1090 ) ;
#1341 = VERTEX_POINT ( 'NONE', #141 ) ;
#1342 = DIRECTION ( 'NONE',  ( 1.000000000000000000, -0.000000000000000000, 0.000000000000000000 ) ) ;
#1343 = CARTESIAN_POINT ( 'NONE',  ( 19.00000000000000355, -12.49999999999999289, 18.50000000000000000 ) ) ;
#1344 = DIRECTION ( 'NONE',  ( -1.000000000000000000, 0.000000000000000000, 0.000000000000000000 ) ) ;
#1345 = ORIENTED_EDGE ( 'NONE', *, *, #817, .T. ) ;
#1346 = CARTESIAN_POINT ( 'NONE',  ( 17.50000000000000000, -15.50000000000000000, 3.500000000000000000 ) ) ;
#1347 = EDGE_LOOP ( 'NONE', ( #767, #151, #182, #1306 ) ) ;
#1348 = AXIS2_PLACEMENT_3D ( 'NONE', #461, #1112, #677 ) ;
#1349 = VERTEX_POINT ( 'NONE', #5 ) ;
#1350 = AXIS2_PLACEMENT_3D ( 'NONE', #135, #234, #242 ) ;
#1351 = LINE ( 'NONE', #1141, #943 ) ;
#1352 = LINE ( 'NONE', #476, #1212 ) ;
#1353 = DIRECTION ( 'NONE',  ( -1.476360405086644556E-16, 1.000000000000000000, -0.000000000000000000 ) ) ;
#1354 = DIRECTION ( 'NONE',  ( -1.000000000000000000, -1.476360405086644309E-16, -0.000000000000000000 ) ) ;
#1355 = CIRCLE ( 'NONE', #1417, 1.500000000000001332 ) ;
#1356 = ORIENTED_EDGE ( 'NONE', *, *, #818, .T. ) ;
#1357 = DIRECTION ( 'NONE',  ( -1.000000000000000000, 0.000000000000000000, -0.000000000000000000 ) ) ;
#1358 = EDGE_LOOP ( 'NONE', ( #50, #491, #225, #1092 ) ) ;
#1359 = ORIENTED_EDGE ( 'NONE', *, *, #404, .F. ) ;
#1360 = CYLINDRICAL_SURFACE ( 'NONE', #1031, 1.500000000000001332 ) ;
#1361 = DIRECTION ( 'NONE',  ( -1.000000000000000000, 0.000000000000000000, 0.000000000000000000 ) ) ;
#1362 = LINE ( 'NONE', #489, #843 ) ;
#1363 = EDGE_CURVE ( 'NONE', #1019, #877, #595, .T. ) ;
#1364 = CARTESIAN_POINT ( 'NONE',  ( -14.02020410288673169, -12.29999999999999893, 5.000000000000000888 ) ) ;
#1365 = PRODUCT_DEFINITION_CONTEXT ( 'detailed design', #1310, 'design' ) ;
#1366 = VERTEX_POINT ( 'NONE', #587 ) ;
#1367 = DIRECTION ( 'NONE',  ( -1.476360405086644309E-16, 1.000000000000000000, 0.000000000000000000 ) ) ;
#1368 = ORIENTED_EDGE ( 'NONE', *, *, #887, .T. ) ;
#1369 = ORIENTED_EDGE ( 'NONE', *, *, #119, .T. ) ;
#1370 = DIRECTION ( 'NONE',  ( -1.000000000000000000, 0.000000000000000000, 0.000000000000000000 ) ) ;
#1371 = DIRECTION ( 'NONE',  ( -0.000000000000000000, -1.000000000000000000, -0.000000000000000000 ) ) ;
#1372 = ORIENTED_EDGE ( 'NONE', *, *, #707, .T. ) ;
#1373 = CARTESIAN_POINT ( 'NONE',  ( -11.99999999999999822, 9.500000000000005329, 5.000000000000000888 ) ) ;
#1374 = ORIENTED_EDGE ( 'NONE', *, *, #1258, .F. ) ;
#1375 = ORIENTED_EDGE ( 'NONE', *, *, #1062, .F. ) ;
#1376 = DIRECTION ( 'NONE',  ( 0.000000000000000000, 0.000000000000000000, -1.000000000000000000 ) ) ;
#1377 = AXIS2_PLACEMENT_3D ( 'NONE', #666, #1100, #470 ) ;
#1378 = CARTESIAN_POINT ( 'NONE',  ( -15.00000000000000355, -12.49999999999999645, 5.000000000000000000 ) ) ;
#1379 = CIRCLE ( 'NONE', #797, 1.500000000000001332 ) ;
#1380 = CIRCLE ( 'NONE', #1000, 1.500000000000001332 ) ;
#1381 = ORIENTED_EDGE ( 'NONE', *, *, #1363, .T. ) ;
#1382 = FACE_OUTER_BOUND ( 'NONE', #1347, .T. ) ;
#1383 = DIRECTION ( 'NONE',  ( -1.000000000000000000, -1.476360405086644309E-16, -0.000000000000000000 ) ) ;
#1384 = EDGE_LOOP ( 'NONE', ( #965, #1287 ) ) ;
#1385 = DIRECTION ( 'NONE',  ( -1.000000000000000000, -1.156482317317871478E-16, 0.000000000000000000 ) ) ;
#1386 = EDGE_CURVE ( 'NONE', #265, #736, #154, .T. ) ;
#1387 = EDGE_CURVE ( 'NONE', #432, #1186, #427, .T. ) ;
#1388 = ORIENTED_EDGE ( 'NONE', *, *, #717, .T. ) ;
#1389 = ORIENTED_EDGE ( 'NONE', *, *, #438, .F. ) ;
#1390 = FACE_OUTER_BOUND ( 'NONE', #722, .T. ) ;
#1391 = CIRCLE ( 'NONE', #82, 1.499999999999999556 ) ;
#1392 = DIRECTION ( 'NONE',  ( -0.000000000000000000, -0.000000000000000000, 1.000000000000000000 ) ) ;
#1393 = AXIS2_PLACEMENT_3D ( 'NONE', #206, #873, #520 ) ;
#1394 = AXIS2_PLACEMENT_3D ( 'NONE', #321, #1422, #435 ) ;
#1395 = EDGE_LOOP ( 'NONE', ( #918, #423, #1041, #604 ) ) ;
#1396 = CARTESIAN_POINT ( 'NONE',  ( 10.55000000000000426, 7.549999999999999822, 5.000000000000000000 ) ) ;
#1397 = PLANE ( 'NONE',  #718 ) ;
#1398 = EDGE_CURVE ( 'NONE', #120, #1349, #1352, .T. ) ;
#1399 = ADVANCED_FACE ( 'NONE', ( #805, #1249, #1142 ), #1025, .T. ) ;
#1400 = DIRECTION ( 'NONE',  ( -0.000000000000000000, -0.000000000000000000, 1.000000000000000000 ) ) ;
#1401 = ORIENTED_EDGE ( 'NONE', *, *, #17, .T. ) ;
#1402 = DIRECTION ( 'NONE',  ( -1.000000000000000000, -1.476360405086644309E-16, 0.000000000000000000 ) ) ;
#1403 = DIRECTION ( 'NONE',  ( 0.000000000000000000, -0.000000000000000000, 1.000000000000000000 ) ) ;
#1404 = ORIENTED_EDGE ( 'NONE', *, *, #628, .F. ) ;
#1405 = ORIENTED_EDGE ( 'NONE', *, *, #515, .T. ) ;
#1406 = CARTESIAN_POINT ( 'NONE',  ( 14.99999999999999645, -5.999999999999999112, 5.000000000000000000 ) ) ;
#1407 = ORIENTED_EDGE ( 'NONE', *, *, #941, .F. ) ;
#1408 = VERTEX_POINT ( 'NONE', #1181 ) ;
#1409 = LINE ( 'NONE', #866, #277 ) ;
#1410 = DIRECTION ( 'NONE',  ( 1.000000000000000000, 0.000000000000000000, 0.000000000000000000 ) ) ;
#1411 = AXIS2_PLACEMENT_3D ( 'NONE', #614, #706, #725 ) ;
#1412 = CIRCLE ( 'NONE', #1324, 1.500000000000001332 ) ;
#1413 = CIRCLE ( 'NONE', #796, 1.500000000000001332 ) ;
#1414 = EDGE_CURVE ( 'NONE', #158, #377, #751, .T. ) ;
#1415 = VECTOR ( 'NONE', #1148, 1000.000000000000000 ) ;
#1416 = EDGE_CURVE ( 'NONE', #307, #53, #208, .T. ) ;
#1417 = AXIS2_PLACEMENT_3D ( 'NONE', #1336, #999, #1123 ) ;
#1418 = DIRECTION ( 'NONE',  ( 0.000000000000000000, 1.000000000000000000, 0.000000000000000000 ) ) ;
#1419 = ORIENTED_EDGE ( 'NONE', *, *, #1295, .F. ) ;
#1420 = ORIENTED_EDGE ( 'NONE', *, *, #518, .F. ) ;
#1421 = DIRECTION ( 'NONE',  ( 1.000000000000000000, 0.000000000000000000, 0.000000000000000000 ) ) ;
#1422 = DIRECTION ( 'NONE',  ( 0.000000000000000000, -0.000000000000000000, 1.000000000000000000 ) ) ;
#1423 = EDGE_CURVE ( 'NONE', #811, #247, #765, .T. ) ;
#1424 = EDGE_CURVE ( 'NONE', #1408, #1019, #715, .T. ) ;
#1425 = FACE_BOUND ( 'NONE', #911, .T. ) ;
#1426 = CARTESIAN_POINT ( 'NONE',  ( 21.50000000000000000, -15.49999999999999289, 0.000000000000000000 ) ) ;
#1427 = EDGE_LOOP ( 'NONE', ( #892, #871, #216, #388 ) ) ;
#1428 = DIRECTION ( 'NONE',  ( 0.000000000000000000, 0.000000000000000000, -1.000000000000000000 ) ) ;
#1429 = LINE ( 'NONE', #24, #363 ) ;
ENDSEC;
END-ISO-10303-21;
