ISO-10303-21;
HEADER;
FILE_DESCRIPTION (( 'STEP AP214' ),
    '1' );
FILE_NAME ('ÂÖì±.STEP',
    '2026-03-22T14:16:49',
    ( '' ),
    ( '' ),
    'SwSTEP 2.0',
    'SolidWorks 2024',
    '' );
FILE_SCHEMA (( 'AUTOMOTIVE_DESIGN' ));
ENDSEC;

DATA;
#1 = AXIS2_PLACEMENT_3D ( 'NONE', #4784, #5460, #4923 ) ;
#2 = ORIENTED_EDGE ( 'NONE', *, *, #7773, .F. ) ;
#3 = EDGE_CURVE ( 'NONE', #96, #5116, #1187, .T. ) ;
#4 = CARTESIAN_POINT ( 'NONE',  ( -10.71501930150438220, 23.01556480047699438, -4.500000000000158984 ) ) ;
#5 = CARTESIAN_POINT ( 'NONE',  ( -14.88000166017600101, 11.89487497173202790, -10.99999976158160031 ) ) ;
#6 = DIRECTION ( 'NONE',  ( 1.000000000000000000, 0.000000000000000000, 0.000000000000000000 ) ) ;
#7 = FACE_OUTER_BOUND ( 'NONE', #6534, .T. ) ;
#8 = ORIENTED_EDGE ( 'NONE', *, *, #4723, .T. ) ;
#9 = DIRECTION ( 'NONE',  ( 0.000000000000000000, 0.000000000000000000, -1.000000000000000000 ) ) ;
#10 = ADVANCED_FACE ( 'NONE', ( #2660 ), #8515, .F. ) ;
#11 = ORIENTED_EDGE ( 'NONE', *, *, #2686, .F. ) ;
#12 = ADVANCED_FACE ( 'NONE', ( #4954 ), #5495, .T. ) ;
#13 = EDGE_LOOP ( 'NONE', ( #5007, #9454, #1994, #3439, #3128, #42, #1391, #9045 ) ) ;
#14 = DIRECTION ( 'NONE',  ( 0.6852547238153542386, -0.7283034830952977989, 0.000000000000000000 ) ) ;
#15 = VERTEX_POINT ( 'NONE', #7891 ) ;
#16 = DIRECTION ( 'NONE',  ( 6.123233995736769734E-17, 1.000000000000000000, 0.000000000000000000 ) ) ;
#17 = CARTESIAN_POINT ( 'NONE',  ( -21.40449719101199122, -2.500000000000057732, 22.50000000000000000 ) ) ;
#18 = MANIFOLD_SOLID_BREP ( 'ASM Body', #2864 ) ;
#19 = CARTESIAN_POINT ( 'NONE',  ( 1.560851926977996351, -25.60246553092204636, 5.500000953674160087 ) ) ;
#20 = CARTESIAN_POINT ( 'NONE',  ( 0.000000000000000000, 0.000000000000000000, 21.30000023841839862 ) ) ;
#21 = CARTESIAN_POINT ( 'NONE',  ( 19.30720077974440585, -8.260266221536083364, 16.50000095367419917 ) ) ;
#22 = CYLINDRICAL_SURFACE ( 'NONE', #4497, 10.50000000000000000 ) ;
#23 = ORIENTED_EDGE ( 'NONE', *, *, #425, .F. ) ;
#24 = VERTEX_POINT ( 'NONE', #4771 ) ;
#25 = ORIENTED_EDGE ( 'NONE', *, *, #1425, .T. ) ;
#26 = VECTOR ( 'NONE', #3881, 1000.000000000000000 ) ;
#27 = DIRECTION ( 'NONE',  ( 0.000000000000000000, 0.000000000000000000, 1.000000000000000000 ) ) ;
#28 = LINE ( 'NONE', #2947, #9138 ) ;
#29 = DIRECTION ( 'NONE',  ( 0.000000000000000000, 0.000000000000000000, -1.000000000000000000 ) ) ;
#30 = AXIS2_PLACEMENT_3D ( 'NONE', #1346, #9, #6527 ) ;
#31 = VERTEX_POINT ( 'NONE', #9322 ) ;
#32 = EDGE_CURVE ( 'NONE', #7700, #8169, #6989, .T. ) ;
#33 = LINE ( 'NONE', #2230, #6565 ) ;
#34 = LINE ( 'NONE', #4965, #3768 ) ;
#35 = CYLINDRICAL_SURFACE ( 'NONE', #8382, 1.000000000000000888 ) ;
#36 = CARTESIAN_POINT ( 'NONE',  ( -17.28683832264799136, 12.86731210496594358, 16.49999856948839749 ) ) ;
#37 = DIRECTION ( 'NONE',  ( 0.000000000000000000, 0.000000000000000000, 1.000000000000000000 ) ) ;
#38 = CARTESIAN_POINT ( 'NONE',  ( -21.40449719101099291, -2.500000000000057732, 16.49999856948839749 ) ) ;
#39 = DIRECTION ( 'NONE',  ( -0.6852547238152568720, 0.7283034830953893923, 0.000000000000000000 ) ) ;
#40 = ORIENTED_EDGE ( 'NONE', *, *, #9372, .T. ) ;
#41 = ORIENTED_EDGE ( 'NONE', *, *, #3055, .F. ) ;
#42 = ORIENTED_EDGE ( 'NONE', *, *, #920, .T. ) ;
#43 = ORIENTED_EDGE ( 'NONE', *, *, #2825, .F. ) ;
#44 = CARTESIAN_POINT ( 'NONE',  ( 11.00312125762210869, 22.05796506004198321, 5.500000953674160087 ) ) ;
#45 = PLANE ( 'NONE',  #3785 ) ;
#46 = CARTESIAN_POINT ( 'NONE',  ( 0.000000000000000000, 0.000000000000000000, 10.50000095367419917 ) ) ;
#47 = CARTESIAN_POINT ( 'NONE',  ( 4.430389469675014347, -12.67365965879607614, 5.500000953674160087 ) ) ;
#48 = VERTEX_POINT ( 'NONE', #9192 ) ;
#49 = ORIENTED_EDGE ( 'NONE', *, *, #8936, .T. ) ;
#50 = CARTESIAN_POINT ( 'NONE',  ( -1.333217923193666277, 18.68410722892456377, -10.99999976158160031 ) ) ;
#51 = EDGE_CURVE ( 'NONE', #6319, #8098, #8993, .T. ) ;
#52 = ORIENTED_EDGE ( 'NONE', *, *, #2461, .F. ) ;
#53 = ORIENTED_EDGE ( 'NONE', *, *, #2858, .F. ) ;
#54 = PLANE ( 'NONE',  #597 ) ;
#55 = ORIENTED_EDGE ( 'NONE', *, *, #4530, .T. ) ;
#56 = CARTESIAN_POINT ( 'NONE',  ( -11.89487497173198705, -14.88000166017711123, 28.99999856948849697 ) ) ;
#57 = CARTESIAN_POINT ( 'NONE',  ( -11.97757886726399867, -13.39179242963706074, -10.99999976158160031 ) ) ;
#58 = EDGE_CURVE ( 'NONE', #238, #3549, #4865, .T. ) ;
#59 = CARTESIAN_POINT ( 'NONE',  ( 3.258827488323434718, -1.855409227461041199, 48.05698003239911031 ) ) ;
#60 = FACE_OUTER_BOUND ( 'NONE', #6876, .T. ) ;
#61 = DIRECTION ( 'NONE',  ( 0.000000000000000000, 0.000000000000000000, 1.000000000000000000 ) ) ;
#62 = EDGE_LOOP ( 'NONE', ( #3057, #2251, #9368, #7414 ) ) ;
#63 = ORIENTED_EDGE ( 'NONE', *, *, #2780, .F. ) ;
#64 = ORIENTED_EDGE ( 'NONE', *, *, #2632, .T. ) ;
#65 = CIRCLE ( 'NONE', #6200, 1.000000000000000666 ) ;
#66 = CARTESIAN_POINT ( 'NONE',  ( -19.78683832264900744, 8.537185086044951632, -4.500000000000158984 ) ) ;
#67 = LINE ( 'NONE', #8128, #399 ) ;
#68 = EDGE_CURVE ( 'NONE', #2614, #8881, #1312, .T. ) ;
#69 = DIRECTION ( 'NONE',  ( 0.8660254037844387076, -0.4999999999999998890, 0.000000000000000000 ) ) ;
#70 = ORIENTED_EDGE ( 'NONE', *, *, #6640, .F. ) ;
#71 = AXIS2_PLACEMENT_3D ( 'NONE', #1840, #1924, #1113 ) ;
#72 = ORIENTED_EDGE ( 'NONE', *, *, #1208, .T. ) ;
#73 = EDGE_CURVE ( 'NONE', #5894, #7697, #7885, .T. ) ;
#74 = EDGE_CURVE ( 'NONE', #6258, #1842, #4145, .T. ) ;
#75 = CARTESIAN_POINT ( 'NONE',  ( -24.60431872659797747, 2.499999999999946709, 10.50000095367419917 ) ) ;
#77 = CARTESIAN_POINT ( 'NONE',  ( -2.110803324099991052, 18.93269683185605601, 28.99999856948849697 ) ) ;
#76 = VECTOR ( 'NONE', #8195, 1000.000000000000000 ) ;
#78 = DIRECTION ( 'NONE',  ( 0.7071067811865480168, 0.7071067811865470176, 0.000000000000000000 ) ) ;
#79 = CARTESIAN_POINT ( 'NONE',  ( 19.78683832264810505, 8.537185086043951543, 16.49999856948839749 ) ) ;
#80 = DIRECTION ( 'NONE',  ( -0.9984594016228911517, 0.05548714545602558001, 0.000000000000000000 ) ) ;
#81 = DIRECTION ( 'NONE',  ( -0.9575997404349719799, 0.2881019561177511346, 0.000000000000000000 ) ) ;
#82 = ADVANCED_FACE ( 'NONE', ( #8560 ), #1990, .T. ) ;
#83 = EDGE_LOOP ( 'NONE', ( #638, #5408, #4034, #3412 ) ) ;
#84 = ORIENTED_EDGE ( 'NONE', *, *, #387, .T. ) ;
#85 = CIRCLE ( 'NONE', #5447, 21.55000000000000071 ) ;
#86 = VERTEX_POINT ( 'NONE', #1362 ) ;
#87 = ADVANCED_FACE ( 'NONE', ( #4285 ), #5722, .F. ) ;
#88 = CARTESIAN_POINT ( 'NONE',  ( 10.27860038987210523, -3.047601356036988562, 5.500000953674160087 ) ) ;
#89 = CYLINDRICAL_SURFACE ( 'NONE', #310, 0.9999999999999985567 ) ;
#90 = DIRECTION ( 'NONE',  ( 1.000000000000000000, 0.000000000000000000, 0.000000000000000000 ) ) ;
#91 = AXIS2_PLACEMENT_3D ( 'NONE', #2953, #3574, #2146 ) ;
#92 = CARTESIAN_POINT ( 'NONE',  ( -11.00312125762199855, -22.05796506004298152, 10.50000095367419917 ) ) ;
#93 = CIRCLE ( 'NONE', #5455, 0.9999999999999994449 ) ;
#94 = CIRCLE ( 'NONE', #5456, 1.000000000000000888 ) ;
#95 = LINE ( 'NONE', #3016, #4633 ) ;
#96 = VERTEX_POINT ( 'NONE', #2800 ) ;
#97 = ORIENTED_EDGE ( 'NONE', *, *, #604, .T. ) ;
#98 = DIRECTION ( 'NONE',  ( 0.000000000000000000, 0.000000000000000000, -1.000000000000000000 ) ) ;
#99 = CIRCLE ( 'NONE', #7007, 0.9999999999999985567 ) ;
#100 = CIRCLE ( 'NONE', #8681, 25.64999999999999858 ) ;
#101 = ORIENTED_EDGE ( 'NONE', *, *, #4767, .F. ) ;
#102 = ORIENTED_EDGE ( 'NONE', *, *, #2703, .T. ) ;
#103 = CARTESIAN_POINT ( 'NONE',  ( -18.93269683185599916, 2.110803324099963518, 28.99999856948849697 ) ) ;
#104 = EDGE_LOOP ( 'NONE', ( #8257, #5407, #7683, #6158 ) ) ;
#105 = DIRECTION ( 'NONE',  ( -0.4999999999999998890, 0.8660254037844387076, 0.000000000000000000 ) ) ;
#106 = DIRECTION ( 'NONE',  ( 5.444759314769119984E-17, 6.085529284608870028E-17, -1.000000000000000000 ) ) ;
#107 = CIRCLE ( 'NONE', #1331, 1.000000000000000888 ) ;
#108 = ADVANCED_FACE ( 'NONE', ( #637 ), #3561, .T. ) ;
#109 = DIRECTION ( 'NONE',  ( 0.000000000000000000, -1.000000000000000000, 0.000000000000000000 ) ) ;
#110 = CARTESIAN_POINT ( 'NONE',  ( 20.05796506004260848, -14.46722287276003271, 12.50000095367419917 ) ) ;
#111 = EDGE_CURVE ( 'NONE', #734, #6999, #358, .T. ) ;
#112 = DIRECTION ( 'NONE',  ( -1.000000000000000000, 0.000000000000000000, 0.000000000000000000 ) ) ;
#113 = VERTEX_POINT ( 'NONE', #6849 ) ;
#114 = ORIENTED_EDGE ( 'NONE', *, *, #2683, .T. ) ;
#115 = ORIENTED_EDGE ( 'NONE', *, *, #8385, .T. ) ;
#116 = LINE ( 'NONE', #8989, #9488 ) ;
#117 = EDGE_CURVE ( 'NONE', #2644, #825, #654, .T. ) ;
#118 = DIRECTION ( 'NONE',  ( -1.000000000000000000, 6.123233995736769734E-17, 0.000000000000000000 ) ) ;
#119 = CIRCLE ( 'NONE', #7632, 25.64999999999999858 ) ;
#120 = DIRECTION ( 'NONE',  ( 0.05548714545610360788, -0.9984594016228869329, 0.000000000000000000 ) ) ;
#121 = ORIENTED_EDGE ( 'NONE', *, *, #7172, .F. ) ;
#122 = EDGE_LOOP ( 'NONE', ( #8140, #2970, #8864, #8124 ) ) ;
#123 = CIRCLE ( 'NONE', #1810, 10.50000000000000000 ) ;
#124 = VECTOR ( 'NONE', #4159, 1000.000000000000000 ) ;
#125 = EDGE_CURVE ( 'NONE', #1055, #3233, #6952, .T. ) ;
#126 = DIRECTION ( 'NONE',  ( -0.9575997404349719799, 0.2881019561177511346, 0.000000000000000000 ) ) ;
#127 = DIRECTION ( 'NONE',  ( 1.000000000000000000, 0.000000000000000000, 0.000000000000000000 ) ) ;
#128 = CARTESIAN_POINT ( 'NONE',  ( 20.55796506004270441, 13.60119746897492377, -4.500000000000158984 ) ) ;
#129 = DIRECTION ( 'NONE',  ( 0.2292962573396709614, -0.9733566799329110841, 0.000000000000000000 ) ) ;
#130 = CARTESIAN_POINT ( 'NONE',  ( -17.28683832264898967, -12.86731210496705557, 12.50000095367419917 ) ) ;
#131 = AXIS2_PLACEMENT_3D ( 'NONE', #6271, #9196, #3525 ) ;
#132 = EDGE_CURVE ( 'NONE', #2644, #7243, #8625, .T. ) ;
#133 = CIRCLE ( 'NONE', #5497, 1.000000000000000888 ) ;
#134 = ORIENTED_EDGE ( 'NONE', *, *, #4814, .F. ) ;
#135 = ORIENTED_EDGE ( 'NONE', *, *, #176, .T. ) ;
#136 = VECTOR ( 'NONE', #8708, 1000.000000000000000 ) ;
#137 = ORIENTED_EDGE ( 'NONE', *, *, #5532, .F. ) ;
#138 = DIRECTION ( 'NONE',  ( 0.6852547238153056108, 0.7283034830953436511, 0.000000000000000000 ) ) ;
#139 = DIRECTION ( 'NONE',  ( -0.9575997404349968489, -0.2881019561176680344, 0.000000000000000000 ) ) ;
#140 = VECTOR ( 'NONE', #5526, 1000.000000000000000 ) ;
#141 = CYLINDRICAL_SURFACE ( 'NONE', #9464, 1.000000000000000888 ) ;
#142 = ADVANCED_FACE ( 'NONE', ( #1759 ), #7473, .T. ) ;
#143 = VECTOR ( 'NONE', #357, 1000.000000000000000 ) ;
#144 = DIRECTION ( 'NONE',  ( 0.000000000000000000, 0.000000000000000000, 1.000000000000000000 ) ) ;
#145 = LINE ( 'NONE', #8108, #3100 ) ;
#146 = ORIENTED_EDGE ( 'NONE', *, *, #1105, .F. ) ;
#147 = EDGE_CURVE ( 'NONE', #1482, #5346, #4475, .T. ) ;
#148 = AXIS2_PLACEMENT_3D ( 'NONE', #5844, #8729, #8054 ) ;
#149 = ORIENTED_EDGE ( 'NONE', *, *, #2991, .F. ) ;
#150 = CARTESIAN_POINT ( 'NONE',  ( 0.000000000000000000, 0.000000000000000000, 5.500000953674160087 ) ) ;
#151 = ORIENTED_EDGE ( 'NONE', *, *, #3122, .T. ) ;
#152 = ORIENTED_EDGE ( 'NONE', *, *, #8272, .F. ) ;
#153 = DIRECTION ( 'NONE',  ( 0.000000000000000000, 0.000000000000000000, -1.000000000000000000 ) ) ;
#154 = VERTEX_POINT ( 'NONE', #7569 ) ;
#156 = AXIS2_PLACEMENT_3D ( 'NONE', #7323, #2232, #5020 ) ;
#155 = CARTESIAN_POINT ( 'NONE',  ( 22.95281151278260978, -11.44949534515304990, 12.50000095367419917 ) ) ;
#157 = CARTESIAN_POINT ( 'NONE',  ( -2.228303483095416038, 25.28957345041219185, 5.500000953674160087 ) ) ;
#158 = DIRECTION ( 'NONE',  ( -0.7452527504477930442, -0.6667820768062077130, 0.000000000000000000 ) ) ;
#159 = DIRECTION ( 'NONE',  ( 1.000000000000000000, 0.000000000000000000, 0.000000000000000000 ) ) ;
#160 = DIRECTION ( 'NONE',  ( 1.000000000000000000, 0.000000000000000000, 0.000000000000000000 ) ) ;
#161 = ORIENTED_EDGE ( 'NONE', *, *, #777, .F. ) ;
#162 = ORIENTED_EDGE ( 'NONE', *, *, #1848, .F. ) ;
#163 = EDGE_CURVE ( 'NONE', #6159, #1588, #8239, .T. ) ;
#164 = VERTEX_POINT ( 'NONE', #3097 ) ;
#165 = DIRECTION ( 'NONE',  ( -1.836970198721029688E-16, -1.000000000000000000, -2.249639673992789970E-32 ) ) ;
#166 = DIRECTION ( 'NONE',  ( 0.000000000000000000, 0.000000000000000000, 1.000000000000000000 ) ) ;
#167 = FACE_OUTER_BOUND ( 'NONE', #3880, .T. ) ;
#168 = ORIENTED_EDGE ( 'NONE', *, *, #8984, .F. ) ;
#169 = EDGE_LOOP ( 'NONE', ( #3715, #5173, #4993, #5919 ) ) ;
#170 = EDGE_CURVE ( 'NONE', #1577, #6487, #7715, .T. ) ;
#171 = DIRECTION ( 'NONE',  ( 3.770471112782770013E-19, 6.784746809671409961E-18, -1.000000000000000000 ) ) ;
#172 = CYLINDRICAL_SURFACE ( 'NONE', #2857, 1.000000000000000000 ) ;
#173 = CARTESIAN_POINT ( 'NONE',  ( 10.13709585383770673, -22.55796506004303836, 22.50000000000000000 ) ) ;
#174 = CARTESIAN_POINT ( 'NONE',  ( 0.000000000000000000, 0.000000000000000000, -4.500000000000158984 ) ) ;
#175 = LINE ( 'NONE', #2285, #6518 ) ;
#176 = EDGE_CURVE ( 'NONE', #2313, #6917, #2803, .T. ) ;
#177 = FACE_OUTER_BOUND ( 'NONE', #5998, .T. ) ;
#178 = EDGE_CURVE ( 'NONE', #3994, #5893, #225, .T. ) ;
#179 = AXIS2_PLACEMENT_3D ( 'NONE', #3129, #4430, #5064 ) ;
#180 = CARTESIAN_POINT ( 'NONE',  ( 1.500000000000001332, -24.60431872659807340, -4.500000000000158984 ) ) ;
#181 = VERTEX_POINT ( 'NONE', #3822 ) ;
#182 = EDGE_LOOP ( 'NONE', ( #1385, #3906, #9449, #6426 ) ) ;
#183 = LINE ( 'NONE', #6908, #5192 ) ;
#184 = DIRECTION ( 'NONE',  ( 0.000000000000000000, 0.000000000000000000, -1.000000000000000000 ) ) ;
#185 = CARTESIAN_POINT ( 'NONE',  ( -17.93885447847799597, 2.000000000000001776, 28.99999856948849697 ) ) ;
#186 = PLANE ( 'NONE',  #3637 ) ;
#187 = DIRECTION ( 'NONE',  ( 0.000000000000000000, 0.000000000000000000, -1.000000000000000000 ) ) ;
#188 = CARTESIAN_POINT ( 'NONE',  ( 21.40449719101190951, -2.500000000000057732, 12.50000095367419917 ) ) ;
#189 = ADVANCED_FACE ( 'NONE', ( #1661 ), #6024, .T. ) ;
#190 = DIRECTION ( 'NONE',  ( 0.7283034830953664107, -0.6852547238152811859, 0.000000000000000000 ) ) ;
#191 = ORIENTED_EDGE ( 'NONE', *, *, #4390, .T. ) ;
#192 = ORIENTED_EDGE ( 'NONE', *, *, #2247, .T. ) ;
#193 = CARTESIAN_POINT ( 'NONE',  ( 0.000000000000000000, 0.000000000000000000, 22.50000000000000000 ) ) ;
#194 = VERTEX_POINT ( 'NONE', #2380 ) ;
#195 = EDGE_CURVE ( 'NONE', #356, #6343, #2484, .T. ) ;
#196 = ORIENTED_EDGE ( 'NONE', *, *, #2801, .F. ) ;
#197 = DIRECTION ( 'NONE',  ( -0.05548714545610360788, 0.9984594016228869329, 0.000000000000000000 ) ) ;
#198 = ORIENTED_EDGE ( 'NONE', *, *, #4990, .F. ) ;
#199 = PLANE ( 'NONE',  #7777 ) ;
#200 = DIRECTION ( 'NONE',  ( -0.7452527504476756937, 0.6667820768063390524, 0.000000000000000000 ) ) ;
#201 = DIRECTION ( 'NONE',  ( 0.2881019561176164645, 0.9575997404350123920, 0.000000000000000000 ) ) ;
#202 = DIRECTION ( 'NONE',  ( 0.9733566799329029795, 0.2292962573397054060, 0.000000000000000000 ) ) ;
#203 = DIRECTION ( 'NONE',  ( 0.000000000000000000, 0.000000000000000000, -1.000000000000000000 ) ) ;
#204 = ADVANCED_FACE ( 'NONE', ( #7523 ), #326, .T. ) ;
#205 = ORIENTED_EDGE ( 'NONE', *, *, #4655, .T. ) ;
#206 = AXIS2_PLACEMENT_3D ( 'NONE', #3615, #2810, #2092 ) ;
#207 = ORIENTED_EDGE ( 'NONE', *, *, #8700, .T. ) ;
#208 = DIRECTION ( 'NONE',  ( 0.000000000000000000, 0.000000000000000000, 1.000000000000000000 ) ) ;
#209 = ORIENTED_EDGE ( 'NONE', *, *, #5504, .F. ) ;
#210 = VECTOR ( 'NONE', #8810, 1000.000000000000000 ) ;
#211 = LINE ( 'NONE', #6639, #5041 ) ;
#212 = CARTESIAN_POINT ( 'NONE',  ( -8.097979530733990572, -6.683765968360955156, -10.99999976158160031 ) ) ;
#213 = DIRECTION ( 'NONE',  ( 0.000000000000000000, 0.000000000000000000, -1.000000000000000000 ) ) ;
#214 = VERTEX_POINT ( 'NONE', #1809 ) ;
#215 = ORIENTED_EDGE ( 'NONE', *, *, #9334, .T. ) ;
#216 = AXIS2_PLACEMENT_3D ( 'NONE', #4862, #409, #3379 ) ;
#217 = VERTEX_POINT ( 'NONE', #2330 ) ;
#218 = ADVANCED_FACE ( 'NONE', ( #9104 ), #4586, .T. ) ;
#219 = CARTESIAN_POINT ( 'NONE',  ( 0.000000000000000000, 0.000000000000000000, 11.80000047683700082 ) ) ;
#220 = CARTESIAN_POINT ( 'NONE',  ( -2.499999999999988454, 24.60431872659696495, -4.500000000000158984 ) ) ;
#221 = PLANE ( 'NONE',  #1214 ) ;
#222 = DIRECTION ( 'NONE',  ( -0.7071067811865474617, 0.7071067811865474617, -8.659560562354931626E-17 ) ) ;
#223 = CARTESIAN_POINT ( 'NONE',  ( 22.95281151278260978, -11.44949534515304990, 22.50000000000000000 ) ) ;
#224 = EDGE_CURVE ( 'NONE', #5223, #8447, #4462, .T. ) ;
#225 = LINE ( 'NONE', #5359, #9389 ) ;
#226 = ORIENTED_EDGE ( 'NONE', *, *, #1381, .T. ) ;
#227 = ORIENTED_EDGE ( 'NONE', *, *, #7500, .T. ) ;
#228 = AXIS2_PLACEMENT_3D ( 'NONE', #5603, #8533, #9247 ) ;
#229 = LINE ( 'NONE', #2490, #8571 ) ;
#230 = DIRECTION ( 'NONE',  ( 0.4999999999999998890, 0.8660254037844387076, 0.000000000000000000 ) ) ;
#231 = DIRECTION ( 'NONE',  ( -0.000000000000000000, -0.000000000000000000, -1.000000000000000000 ) ) ;
#232 = DIRECTION ( 'NONE',  ( 1.000000000000000000, 0.000000000000000000, 0.000000000000000000 ) ) ;
#233 = DIRECTION ( 'NONE',  ( 0.000000000000000000, 0.000000000000000000, 1.000000000000000000 ) ) ;
#234 = EDGE_CURVE ( 'NONE', #3631, #2635, #7672, .T. ) ;
#235 = DIRECTION ( 'NONE',  ( 0.000000000000000000, 0.000000000000000000, 1.000000000000000000 ) ) ;
#236 = AXIS2_PLACEMENT_3D ( 'NONE', #1037, #7421, #6748 ) ;
#237 = DIRECTION ( 'NONE',  ( 0.000000000000000000, 0.000000000000000000, -1.000000000000000000 ) ) ;
#238 = VERTEX_POINT ( 'NONE', #1606 ) ;
#239 = ORIENTED_EDGE ( 'NONE', *, *, #1360, .T. ) ;
#240 = CARTESIAN_POINT ( 'NONE',  ( -11.27047208607698181, 14.09889921082296738, 28.99999856948849697 ) ) ;
#241 = VERTEX_POINT ( 'NONE', #2898 ) ;
#242 = VERTEX_POINT ( 'NONE', #592 ) ;
#243 = EDGE_CURVE ( 'NONE', #5424, #4671, #6493, .T. ) ;
#244 = VECTOR ( 'NONE', #7605, 1000.000000000000000 ) ;
#245 = ORIENTED_EDGE ( 'NONE', *, *, #1366, .F. ) ;
#246 = DIRECTION ( 'NONE',  ( 1.000000000000000000, 0.000000000000000000, 0.000000000000000000 ) ) ;
#247 = VECTOR ( 'NONE', #395, 1000.000000000000000 ) ;
#248 = ORIENTED_EDGE ( 'NONE', *, *, #6666, .F. ) ;
#249 = CARTESIAN_POINT ( 'NONE',  ( 0.000000000000000000, 0.000000000000000000, 12.50000095367419917 ) ) ;
#250 = LINE ( 'NONE', #7545, #3794 ) ;
#251 = PLANE ( 'NONE',  #7607 ) ;
#252 = EDGE_CURVE ( 'NONE', #7123, #5211, #9073, .T. ) ;
#253 = EDGE_LOOP ( 'NONE', ( #4758, #5912, #2532, #5194 ) ) ;
#254 = DIRECTION ( 'NONE',  ( 0.000000000000000000, 0.000000000000000000, 1.000000000000000000 ) ) ;
#255 = EDGE_CURVE ( 'NONE', #2522, #3416, #7939, .T. ) ;
#256 = ORIENTED_EDGE ( 'NONE', *, *, #3449, .F. ) ;
#257 = EDGE_LOOP ( 'NONE', ( #8747, #1396, #6053, #1526 ) ) ;
#258 = CARTESIAN_POINT ( 'NONE',  ( 6.683765968360607879, -8.097979530734100706, -6.499999761581589652 ) ) ;
#259 = VECTOR ( 'NONE', #5066, 1000.000000000000000 ) ;
#260 = ORIENTED_EDGE ( 'NONE', *, *, #3329, .T. ) ;
#261 = FACE_OUTER_BOUND ( 'NONE', #3771, .T. ) ;
#262 = EDGE_CURVE ( 'NONE', #3323, #3320, #2488, .T. ) ;
#263 = CARTESIAN_POINT ( 'NONE',  ( 20.55796506004270441, 13.60119746897492377, 12.50000095367419917 ) ) ;
#264 = DIRECTION ( 'NONE',  ( 0.000000000000000000, 0.000000000000000000, -1.000000000000000000 ) ) ;
#265 = ORIENTED_EDGE ( 'NONE', *, *, #9236, .F. ) ;
#266 = AXIS2_PLACEMENT_3D ( 'NONE', #6820, #1732, #4029 ) ;
#267 = EDGE_LOOP ( 'NONE', ( #3683, #4944, #6036, #797 ) ) ;
#268 = EDGE_CURVE ( 'NONE', #1231, #363, #5822, .T. ) ;
#269 = VERTEX_POINT ( 'NONE', #5001 ) ;
#270 = CARTESIAN_POINT ( 'NONE',  ( 14.46722287275981067, 20.05796506004198321, 5.500000953674160087 ) ) ;
#271 = CARTESIAN_POINT ( 'NONE',  ( 24.60431872659751917, -1.500000000000056843, 10.50000095367419917 ) ) ;
#272 = CARTESIAN_POINT ( 'NONE',  ( 10.71501930150449233, 23.01556480047699438, 12.50000095367419917 ) ) ;
#273 = AXIS2_PLACEMENT_3D ( 'NONE', #1522, #1388, #8057 ) ;
#274 = CARTESIAN_POINT ( 'NONE',  ( 13.60119746897540871, 20.55796506004192636, 10.50000095367419917 ) ) ;
#275 = DIRECTION ( 'NONE',  ( 0.000000000000000000, 0.000000000000000000, 1.000000000000000000 ) ) ;
#276 = DIRECTION ( 'NONE',  ( 1.000000000000000000, 0.000000000000000000, 0.000000000000000000 ) ) ;
#277 = VERTEX_POINT ( 'NONE', #2846 ) ;
#278 = ORIENTED_EDGE ( 'NONE', *, *, #1139, .T. ) ;
#279 = EDGE_CURVE ( 'NONE', #7965, #5044, #2797, .T. ) ;
#280 = AXIS2_PLACEMENT_3D ( 'NONE', #2640, #1251, #7108 ) ;
#281 = DIRECTION ( 'NONE',  ( -0.9575997404349968489, -0.2881019561176680344, 0.000000000000000000 ) ) ;
#282 = CYLINDRICAL_SURFACE ( 'NONE', #2549, 1.000000000000000444 ) ;
#283 = LINE ( 'NONE', #6139, #1678 ) ;
#284 = LINE ( 'NONE', #901, #1200 ) ;
#285 = DIRECTION ( 'NONE',  ( 0.2292962573396709614, -0.9733566799329110841, 0.000000000000000000 ) ) ;
#286 = AXIS2_PLACEMENT_3D ( 'NONE', #7551, #355, #6933 ) ;
#287 = EDGE_CURVE ( 'NONE', #8748, #558, #3605, .T. ) ;
#288 = DIRECTION ( 'NONE',  ( 0.000000000000000000, 0.000000000000000000, -1.000000000000000000 ) ) ;
#289 = PLANE ( 'NONE',  #4470 ) ;
#290 = CIRCLE ( 'NONE', #4880, 21.55000000000000071 ) ;
#291 = ORIENTED_EDGE ( 'NONE', *, *, #9082, .F. ) ;
#292 = EDGE_LOOP ( 'NONE', ( #1394, #3690, #6583, #6934 ) ) ;
#293 = DIRECTION ( 'NONE',  ( 0.000000000000000000, 0.000000000000000000, -1.000000000000000000 ) ) ;
#294 = EDGE_CURVE ( 'NONE', #4173, #6192, #4283, .T. ) ;
#295 = VECTOR ( 'NONE', #8090, 1000.000000000000227 ) ;
#296 = VERTEX_POINT ( 'NONE', #7714 ) ;
#297 = AXIS2_PLACEMENT_3D ( 'NONE', #390, #5423, #5033 ) ;
#298 = VERTEX_POINT ( 'NONE', #1444 ) ;
#299 = CARTESIAN_POINT ( 'NONE',  ( -21.55000000000000071, -2.639113852162546308E-15, 16.49999856948839749 ) ) ;
#300 = VERTEX_POINT ( 'NONE', #4825 ) ;
#301 = DIRECTION ( 'NONE',  ( 0.000000000000000000, 0.000000000000000000, -1.000000000000000000 ) ) ;
#302 = DIRECTION ( 'NONE',  ( 0.000000000000000000, 0.000000000000000000, 1.000000000000000000 ) ) ;
#303 = CIRCLE ( 'NONE', #8264, 1.000000000000000444 ) ;
#304 = EDGE_CURVE ( 'NONE', #8860, #6448, #5773, .T. ) ;
#305 = CARTESIAN_POINT ( 'NONE',  ( 25.28957345041282423, 2.228303483095289916, 10.50000095367419917 ) ) ;
#306 = EDGE_LOOP ( 'NONE', ( #4220, #4803, #4353, #2403 ) ) ;
#307 = CARTESIAN_POINT ( 'NONE',  ( -11.00312125762199855, -22.05796506004298152, 10.50000095367419917 ) ) ;
#308 = EDGE_CURVE ( 'NONE', #4139, #479, #2321, .T. ) ;
#309 = ORIENTED_EDGE ( 'NONE', *, *, #7346, .T. ) ;
#310 = AXIS2_PLACEMENT_3D ( 'NONE', #1046, #3103, #3012 ) ;
#311 = ORIENTED_EDGE ( 'NONE', *, *, #5382, .F. ) ;
#312 = CYLINDRICAL_SURFACE ( 'NONE', #2424, 0.9999999999999998890 ) ;
#313 = VERTEX_POINT ( 'NONE', #2078 ) ;
#314 = DIRECTION ( 'NONE',  ( 0.000000000000000000, 0.000000000000000000, 1.000000000000000000 ) ) ;
#315 = DIRECTION ( 'NONE',  ( 1.000000000000000000, 0.000000000000000000, 0.000000000000000000 ) ) ;
#316 = PLANE ( 'NONE',  #660 ) ;
#317 = EDGE_CURVE ( 'NONE', #1938, #2729, #1138, .T. ) ;
#318 = ORIENTED_EDGE ( 'NONE', *, *, #5059, .F. ) ;
#319 = ORIENTED_EDGE ( 'NONE', *, *, #3443, .T. ) ;
#320 = VERTEX_POINT ( 'NONE', #7987 ) ;
#321 = DIRECTION ( 'NONE',  ( -0.9575997404349968489, -0.2881019561176680344, 0.000000000000000000 ) ) ;
#322 = CYLINDRICAL_SURFACE ( 'NONE', #5918, 1.000000000000000888 ) ;
#323 = DIRECTION ( 'NONE',  ( 0.8629987385490731633, 0.5052060740556357787, 0.000000000000000000 ) ) ;
#324 = CARTESIAN_POINT ( 'NONE',  ( -21.39195958580499024, 14.15297018576899823, 10.50000095367419917 ) ) ;
#325 = DIRECTION ( 'NONE',  ( 1.000000000000000000, 0.000000000000000000, 0.000000000000000000 ) ) ;
#326 = CYLINDRICAL_SURFACE ( 'NONE', #5235, 0.9999999999999994449 ) ;
#327 = ORIENTED_EDGE ( 'NONE', *, *, #7787, .T. ) ;
#328 = ORIENTED_EDGE ( 'NONE', *, *, #3443, .F. ) ;
#329 = ADVANCED_FACE ( 'NONE', ( #4054 ), #8702, .F. ) ;
#330 = CARTESIAN_POINT ( 'NONE',  ( -14.15297018576999832, 21.39195958580497603, 10.50000095367419917 ) ) ;
#331 = FACE_OUTER_BOUND ( 'NONE', #7865, .T. ) ;
#332 = DIRECTION ( 'NONE',  ( 0.7283034830954154826, 0.6852547238152291165, 0.000000000000000000 ) ) ;
#333 = DIRECTION ( 'NONE',  ( -1.224646799147350002E-16, -1.000000000000000000, 0.000000000000000000 ) ) ;
#334 = VECTOR ( 'NONE', #7165, 1000.000000000000000 ) ;
#335 = CARTESIAN_POINT ( 'NONE',  ( 20.55796506004270441, -13.60119746897603399, 22.50000000000000000 ) ) ;
#336 = CARTESIAN_POINT ( 'NONE',  ( 4.430389469675014347, -12.67365965879607614, 22.50000000000000000 ) ) ;
#337 = DIRECTION ( 'NONE',  ( 0.000000000000000000, 0.000000000000000000, 1.000000000000000000 ) ) ;
#338 = VERTEX_POINT ( 'NONE', #6223 ) ;
#339 = ORIENTED_EDGE ( 'NONE', *, *, #8753, .F. ) ;
#340 = ORIENTED_EDGE ( 'NONE', *, *, #7361, .T. ) ;
#341 = CIRCLE ( 'NONE', #487, 1.000000000000000444 ) ;
#342 = VERTEX_POINT ( 'NONE', #1402 ) ;
#343 = AXIS2_PLACEMENT_3D ( 'NONE', #9200, #3516, #1858 ) ;
#344 = ORIENTED_EDGE ( 'NONE', *, *, #4616, .F. ) ;
#345 = CARTESIAN_POINT ( 'NONE',  ( 1.500000000000001332, -24.60431872659807340, 10.50000095367419917 ) ) ;
#346 = FACE_OUTER_BOUND ( 'NONE', #1895, .T. ) ;
#347 = DIRECTION ( 'NONE',  ( 0.000000000000000000, 0.000000000000000000, -1.000000000000000000 ) ) ;
#348 = DIRECTION ( 'NONE',  ( 5.444759314767189740E-17, 6.085529284608649393E-17, -1.000000000000000000 ) ) ;
#350 = EDGE_CURVE ( 'NONE', #1649, #363, #6276, .T. ) ;
#349 = ORIENTED_EDGE ( 'NONE', *, *, #7070, .F. ) ;
#351 = DIRECTION ( 'NONE',  ( 1.000000000000000000, -1.836970198721029688E-16, 0.000000000000000000 ) ) ;
#352 = ORIENTED_EDGE ( 'NONE', *, *, #8299, .T. ) ;
#353 = VECTOR ( 'NONE', #3639, 1000.000000000000000 ) ;
#354 = ORIENTED_EDGE ( 'NONE', *, *, #8556, .F. ) ;
#355 = DIRECTION ( 'NONE',  ( 0.000000000000000000, 0.000000000000000000, -1.000000000000000000 ) ) ;
#356 = VERTEX_POINT ( 'NONE', #635 ) ;
#357 = DIRECTION ( 'NONE',  ( 0.000000000000000000, 0.000000000000000000, 1.000000000000000000 ) ) ;
#358 = CIRCLE ( 'NONE', #3263, 10.50000000000000000 ) ;
#359 = CARTESIAN_POINT ( 'NONE',  ( 23.01556480047763742, -10.71501930150547466, 10.50000095367419917 ) ) ;
#360 = AXIS2_PLACEMENT_3D ( 'NONE', #739, #2274, #5783 ) ;
#361 = DIRECTION ( 'NONE',  ( 1.000000000000000000, -6.123233995736769734E-17, 0.000000000000000000 ) ) ;
#362 = EDGE_LOOP ( 'NONE', ( #5126, #5541, #5176, #5119 ) ) ;
#363 = VERTEX_POINT ( 'NONE', #2624 ) ;
#364 = ORIENTED_EDGE ( 'NONE', *, *, #6570, .F. ) ;
#365 = DIRECTION ( 'NONE',  ( 0.7283034830953664107, -0.6852547238152811859, 0.000000000000000000 ) ) ;
#366 = EDGE_CURVE ( 'NONE', #217, #3372, #7263, .T. ) ;
#367 = DIRECTION ( 'NONE',  ( -0.8629987385490770491, -0.5052060740556290064, 0.000000000000000000 ) ) ;
#368 = PLANE ( 'NONE',  #4518 ) ;
#369 = DIRECTION ( 'NONE',  ( 1.000000000000000000, 0.000000000000000000, 0.000000000000000000 ) ) ;
#370 = VECTOR ( 'NONE', #1866, 1000.000000000000000 ) ;
#371 = DIRECTION ( 'NONE',  ( 1.000000000000000000, 0.000000000000000000, 0.000000000000000000 ) ) ;
#372 = ORIENTED_EDGE ( 'NONE', *, *, #2077, .F. ) ;
#373 = VERTEX_POINT ( 'NONE', #4106 ) ;
#374 = EDGE_CURVE ( 'NONE', #583, #5662, #6620, .T. ) ;
#375 = CARTESIAN_POINT ( 'NONE',  ( -25.28957345041323279, 2.228303483095335213, 12.50000095367419917 ) ) ;
#376 = DIRECTION ( 'NONE',  ( 0.8660254037844387076, -0.4999999999999998890, 0.000000000000000000 ) ) ;
#377 = DIRECTION ( 'NONE',  ( 0.000000000000000000, 0.000000000000000000, 1.000000000000000000 ) ) ;
#378 = DIRECTION ( 'NONE',  ( 0.000000000000000000, 0.000000000000000000, 1.000000000000000000 ) ) ;
#379 = CIRCLE ( 'NONE', #7729, 25.64999999999999858 ) ;
#380 = FACE_BOUND ( 'NONE', #8883, .T. ) ;
#381 = ADVANCED_FACE ( 'NONE', ( #7761 ), #1189, .T. ) ;
#382 = CARTESIAN_POINT ( 'NONE',  ( 22.05796506004260848, -11.00312125762303950, 12.50000095367419917 ) ) ;
#383 = CARTESIAN_POINT ( 'NONE',  ( -2.499999999999988454, -26.38181191654598479, 16.50000095367419917 ) ) ;
#384 = ORIENTED_EDGE ( 'NONE', *, *, #5444, .F. ) ;
#385 = VERTEX_POINT ( 'NONE', #3029 ) ;
#386 = AXIS2_PLACEMENT_3D ( 'NONE', #2655, #5581, #8510 ) ;
#387 = EDGE_CURVE ( 'NONE', #3233, #5851, #6730, .T. ) ;
#388 = ORIENTED_EDGE ( 'NONE', *, *, #2022, .F. ) ;
#389 = ORIENTED_EDGE ( 'NONE', *, *, #4975, .T. ) ;
#390 = CARTESIAN_POINT ( 'NONE',  ( -20.55796506004299573, -13.60119746897603399, -4.500000000000158984 ) ) ;
#391 = CARTESIAN_POINT ( 'NONE',  ( 0.000000000000000000, 0.000000000000000000, 0.9999999999998441247 ) ) ;
#392 = LINE ( 'NONE', #8311, #9469 ) ;
#393 = AXIS2_PLACEMENT_3D ( 'NONE', #6021, #3429, #1998 ) ;
#394 = AXIS2_PLACEMENT_3D ( 'NONE', #6744, #171, #6017 ) ;
#395 = DIRECTION ( 'NONE',  ( 0.000000000000000000, 0.000000000000000000, -1.000000000000000000 ) ) ;
#396 = ORIENTED_EDGE ( 'NONE', *, *, #1663, .F. ) ;
#397 = CARTESIAN_POINT ( 'NONE',  ( 0.000000000000000000, 0.000000000000000000, 5.500000953674160087 ) ) ;
#398 = VERTEX_POINT ( 'NONE', #5233 ) ;
#399 = VECTOR ( 'NONE', #3419, 1000.000000000000000 ) ;
#400 = AXIS2_PLACEMENT_3D ( 'NONE', #9100, #8523, #8380 ) ;
#401 = VERTEX_POINT ( 'NONE', #8267 ) ;
#402 = CARTESIAN_POINT ( 'NONE',  ( -17.28683832264898967, -12.86731210496705557, 5.500000953674160087 ) ) ;
#403 = ORIENTED_EDGE ( 'NONE', *, *, #1420, .F. ) ;
#404 = EDGE_CURVE ( 'NONE', #320, #2851, #7504, .T. ) ;
#405 = CARTESIAN_POINT ( 'NONE',  ( -13.39179242963699146, 11.97757886726391519, 0.9999999999998441247 ) ) ;
#406 = CARTESIAN_POINT ( 'NONE',  ( 19.78683832264890796, -8.537185086044951632, 12.50000095367419917 ) ) ;
#407 = CIRCLE ( 'NONE', #5296, 1.000000000000000000 ) ;
#408 = AXIS2_PLACEMENT_3D ( 'NONE', #8855, #985, #2284 ) ;
#409 = DIRECTION ( 'NONE',  ( 0.000000000000000000, 0.000000000000000000, -1.000000000000000000 ) ) ;
#410 = ORIENTED_EDGE ( 'NONE', *, *, #2383, .T. ) ;
#411 = VECTOR ( 'NONE', #1439, 1000.000000000000000 ) ;
#412 = AXIS2_PLACEMENT_3D ( 'NONE', #9361, #7259, #1354 ) ;
#413 = VECTOR ( 'NONE', #8760, 1000.000000000000000 ) ;
#414 = EDGE_CURVE ( 'NONE', #7405, #9201, #5906, .T. ) ;
#415 = ORIENTED_EDGE ( 'NONE', *, *, #7773, .T. ) ;
#416 = CARTESIAN_POINT ( 'NONE',  ( 1.500000000000001332, -24.60431872659807340, 22.50000000000000000 ) ) ;
#417 = LINE ( 'NONE', #9147, #3036 ) ;
#418 = DIRECTION ( 'NONE',  ( 0.000000000000000000, 0.000000000000000000, 1.000000000000000000 ) ) ;
#419 = CARTESIAN_POINT ( 'NONE',  ( -13.94648931965898697, 12.53227575728499410, 3.999999999999840572 ) ) ;
#420 = AXIS2_PLACEMENT_3D ( 'NONE', #2032, #3381, #3519 ) ;
#421 = CIRCLE ( 'NONE', #5776, 19.05000000000000071 ) ;
#422 = CARTESIAN_POINT ( 'NONE',  ( -18.93269683185599916, 2.110803324099963518, 0.9999999999998441247 ) ) ;
#423 = EDGE_CURVE ( 'NONE', #930, #2436, #8153, .T. ) ;
#424 = ORIENTED_EDGE ( 'NONE', *, *, #920, .F. ) ;
#425 = EDGE_CURVE ( 'NONE', #1112, #1846, #6783, .T. ) ;
#426 = AXIS2_PLACEMENT_3D ( 'NONE', #7247, #3589, #2296 ) ;
#427 = DIRECTION ( 'NONE',  ( 0.2292962573396013781, 0.9733566799329275154, 0.000000000000000000 ) ) ;
#428 = DIRECTION ( 'NONE',  ( 0.000000000000000000, 0.000000000000000000, -1.000000000000000000 ) ) ;
#429 = CARTESIAN_POINT ( 'NONE',  ( -13.60119746897600557, 20.55796506004192636, 5.500000953674160087 ) ) ;
#430 = CARTESIAN_POINT ( 'NONE',  ( -17.93885447847799597, 2.000000000000001776, -10.99999976158160031 ) ) ;
#431 = FACE_OUTER_BOUND ( 'NONE', #7621, .T. ) ;
#432 = EDGE_CURVE ( 'NONE', #4166, #5701, #1636, .T. ) ;
#433 = DIRECTION ( 'NONE',  ( 0.000000000000000000, 0.000000000000000000, -1.000000000000000000 ) ) ;
#434 = CIRCLE ( 'NONE', #6869, 1.000000000000001110 ) ;
#435 = AXIS2_PLACEMENT_3D ( 'NONE', #4746, #1148, #5556 ) ;
#436 = ORIENTED_EDGE ( 'NONE', *, *, #1891, .F. ) ;
#437 = VERTEX_POINT ( 'NONE', #3078 ) ;
#438 = ORIENTED_EDGE ( 'NONE', *, *, #170, .F. ) ;
#439 = ADVANCED_FACE ( 'NONE', ( #4559 ), #1538, .T. ) ;
#440 = EDGE_LOOP ( 'NONE', ( #5322, #8656, #5056, #4208 ) ) ;
#441 = VECTOR ( 'NONE', #969, 1000.000000000000000 ) ;
#442 = DIRECTION ( 'NONE',  ( 0.7283034830953664107, -0.6852547238152811859, 0.000000000000000000 ) ) ;
#443 = DIRECTION ( 'NONE',  ( -0.6667820768063215109, 0.7452527504476912368, 0.000000000000000000 ) ) ;
#444 = DIRECTION ( 'NONE',  ( 0.000000000000000000, 0.000000000000000000, 1.000000000000000000 ) ) ;
#445 = EDGE_CURVE ( 'NONE', #296, #6519, #1114, .T. ) ;
#446 = CYLINDRICAL_SURFACE ( 'NONE', #2999, 1.000000000000000888 ) ;
#447 = ORIENTED_EDGE ( 'NONE', *, *, #4367, .T. ) ;
#448 = VECTOR ( 'NONE', #4191, 1000.000000000000000 ) ;
#449 = DIRECTION ( 'NONE',  ( 0.000000000000000000, -1.000000000000000000, 0.000000000000000000 ) ) ;
#450 = CIRCLE ( 'NONE', #280, 1.000000000000000444 ) ;
#451 = ORIENTED_EDGE ( 'NONE', *, *, #1852, .T. ) ;
#452 = ORIENTED_EDGE ( 'NONE', *, *, #6789, .F. ) ;
#453 = CARTESIAN_POINT ( 'NONE',  ( 23.01556480047763742, -10.71501930150547466, 10.50000095367419917 ) ) ;
#454 = ORIENTED_EDGE ( 'NONE', *, *, #8776, .F. ) ;
#455 = AXIS2_PLACEMENT_3D ( 'NONE', #1386, #8009, #664 ) ;
#456 = CARTESIAN_POINT ( 'NONE',  ( 24.60431872659751917, -2.500000000000057732, 10.50000095367419917 ) ) ;
#457 = AXIS2_PLACEMENT_3D ( 'NONE', #8508, #9409, #5766 ) ;
#458 = DIRECTION ( 'NONE',  ( 0.000000000000000000, 0.000000000000000000, 1.000000000000000000 ) ) ;
#459 = DIRECTION ( 'NONE',  ( 0.000000000000000000, 0.000000000000000000, 1.000000000000000000 ) ) ;
#460 = EDGE_LOOP ( 'NONE', ( #7082, #8781, #63, #8446 ) ) ;
#461 = AXIS2_PLACEMENT_3D ( 'NONE', #7528, #5986, #6804 ) ;
#462 = VERTEX_POINT ( 'NONE', #5281 ) ;
#463 = DIRECTION ( 'NONE',  ( 0.000000000000000000, 0.000000000000000000, 1.000000000000000000 ) ) ;
#464 = FACE_OUTER_BOUND ( 'NONE', #2475, .T. ) ;
#465 = FACE_OUTER_BOUND ( 'NONE', #5931, .T. ) ;
#466 = CARTESIAN_POINT ( 'NONE',  ( 14.15438635627941899, -12.26893148770000685, -10.99999976158160031 ) ) ;
#467 = ORIENTED_EDGE ( 'NONE', *, *, #8997, .F. ) ;
#468 = EDGE_CURVE ( 'NONE', #3618, #2240, #7707, .T. ) ;
#469 = LINE ( 'NONE', #5510, #2134 ) ;
#470 = CARTESIAN_POINT ( 'NONE',  ( -11.44949534515199474, 22.95281151278294374, -4.500000000000158984 ) ) ;
#471 = CARTESIAN_POINT ( 'NONE',  ( 0.000000000000000000, 0.000000000000000000, -10.99999976158160031 ) ) ;
#472 = ADVANCED_FACE ( 'NONE', ( #60 ), #2408, .T. ) ;
#473 = CARTESIAN_POINT ( 'NONE',  ( -2.228303483095368520, -25.28957345041335358, 10.50000095367419917 ) ) ;
#474 = EDGE_CURVE ( 'NONE', #2763, #8334, #8932, .T. ) ;
#475 = CYLINDRICAL_SURFACE ( 'NONE', #4103, 21.55000000000000071 ) ;
#476 = LINE ( 'NONE', #1199, #2217 ) ;
#477 = ORIENTED_EDGE ( 'NONE', *, *, #1456, .F. ) ;
#478 = ORIENTED_EDGE ( 'NONE', *, *, #8351, .F. ) ;
#479 = VERTEX_POINT ( 'NONE', #8789 ) ;
#480 = AXIS2_PLACEMENT_3D ( 'NONE', #2414, #8714, #5833 ) ;
#481 = VERTEX_POINT ( 'NONE', #110 ) ;
#482 = DIRECTION ( 'NONE',  ( 0.000000000000000000, 0.000000000000000000, -1.000000000000000000 ) ) ;
#483 = DIRECTION ( 'NONE',  ( 0.6852547238153056108, 0.7283034830953436511, 0.000000000000000000 ) ) ;
#484 = DIRECTION ( 'NONE',  ( 0.000000000000000000, 0.000000000000000000, 1.000000000000000000 ) ) ;
#485 = ADVANCED_FACE ( 'NONE', ( #2938 ), #5861, .F. ) ;
#486 = CARTESIAN_POINT ( 'NONE',  ( 0.000000000000000000, 0.000000000000000000, -4.500000000000158984 ) ) ;
#487 = AXIS2_PLACEMENT_3D ( 'NONE', #5754, #2883, #6388 ) ;
#488 = EDGE_LOOP ( 'NONE', ( #6850, #3562, #8241, #4137 ) ) ;
#489 = DIRECTION ( 'NONE',  ( 1.000000000000000000, 0.000000000000000000, 0.000000000000000000 ) ) ;
#490 = EDGE_CURVE ( 'NONE', #6704, #7849, #8469, .T. ) ;
#491 = ORIENTED_EDGE ( 'NONE', *, *, #5321, .T. ) ;
#492 = EDGE_LOOP ( 'NONE', ( #4781, #2696, #1803, #4817, #722, #8552, #824, #7015 ) ) ;
#493 = LINE ( 'NONE', #4180, #1051 ) ;
#494 = ORIENTED_EDGE ( 'NONE', *, *, #1992, .F. ) ;
#495 = CARTESIAN_POINT ( 'NONE',  ( -10.42532973099699589, -2.500000000000057732, 22.50000000000000000 ) ) ;
#496 = LINE ( 'NONE', #585, #8988 ) ;
#497 = CARTESIAN_POINT ( 'NONE',  ( -25.60246553092200728, 1.560851926976969395, 10.50000095367419917 ) ) ;
#498 = EDGE_CURVE ( 'NONE', #3480, #3067, #646, .T. ) ;
#499 = CARTESIAN_POINT ( 'NONE',  ( -17.93885447847799597, -2.000000000000001776, 28.99999856948849697 ) ) ;
#500 = ORIENTED_EDGE ( 'NONE', *, *, #7377, .F. ) ;
#501 = DIRECTION ( 'NONE',  ( 0.000000000000000000, 0.000000000000000000, 1.000000000000000000 ) ) ;
#502 = EDGE_LOOP ( 'NONE', ( #6644, #2486, #5471, #2802, #7114, #6341, #873, #3944 ) ) ;
#503 = EDGE_LOOP ( 'NONE', ( #3610, #4002, #861, #4712 ) ) ;
#504 = CARTESIAN_POINT ( 'NONE',  ( 25.60246553092200728, 1.560851926976969395, 22.50000000000000000 ) ) ;
#505 = LINE ( 'NONE', #8613, #1660 ) ;
#506 = CARTESIAN_POINT ( 'NONE',  ( -2.798756847521996605, -1.384543285149031355, 28.99999856948849697 ) ) ;
#507 = FACE_OUTER_BOUND ( 'NONE', #9416, .T. ) ;
#508 = AXIS2_PLACEMENT_3D ( 'NONE', #808, #3878, #3732 ) ;
#509 = ORIENTED_EDGE ( 'NONE', *, *, #498, .F. ) ;
#510 = PLANE ( 'NONE',  #5347 ) ;
#511 = CARTESIAN_POINT ( 'NONE',  ( -1.500000000000000222, 0.000000000000000000, 21.30000023841839862 ) ) ;
#512 = DIRECTION ( 'NONE',  ( 0.000000000000000000, 0.000000000000000000, -1.000000000000000000 ) ) ;
#513 = LINE ( 'NONE', #473, #3952 ) ;
#514 = AXIS2_PLACEMENT_3D ( 'NONE', #6563, #2103, #5927 ) ;
#515 = DIRECTION ( 'NONE',  ( 0.000000000000000000, 0.000000000000000000, 1.000000000000000000 ) ) ;
#516 = CARTESIAN_POINT ( 'NONE',  ( 2.500000000000002220, 24.60431872659696495, -4.500000000000158984 ) ) ;
#517 = VERTEX_POINT ( 'NONE', #2357 ) ;
#518 = ORIENTED_EDGE ( 'NONE', *, *, #8573, .F. ) ;
#519 = EDGE_LOOP ( 'NONE', ( #3509, #2463, #7558, #1979 ) ) ;
#520 = CIRCLE ( 'NONE', #5882, 10.50000000000000000 ) ;
#521 = VERTEX_POINT ( 'NONE', #775 ) ;
#522 = DIRECTION ( 'NONE',  ( 0.000000000000000000, 0.000000000000000000, -1.000000000000000000 ) ) ;
#523 = DIRECTION ( 'NONE',  ( 0.000000000000000000, 0.000000000000000000, -1.000000000000000000 ) ) ;
#524 = DIRECTION ( 'NONE',  ( 1.000000000000000000, 0.000000000000000000, 0.000000000000000000 ) ) ;
#525 = CARTESIAN_POINT ( 'NONE',  ( 0.000000000000000000, 0.000000000000000000, 12.50000095367419917 ) ) ;
#526 = AXIS2_PLACEMENT_3D ( 'NONE', #3224, #4610, #5234 ) ;
#527 = ORIENTED_EDGE ( 'NONE', *, *, #4354, .F. ) ;
#528 = CARTESIAN_POINT ( 'NONE',  ( -10.13709585383799983, -22.55796506004303836, 5.500000953674160087 ) ) ;
#529 = ORIENTED_EDGE ( 'NONE', *, *, #32, .T. ) ;
#530 = EDGE_CURVE ( 'NONE', #4423, #4599, #7244, .T. ) ;
#531 = AXIS2_PLACEMENT_3D ( 'NONE', #5717, #7121, #8699 ) ;
#532 = ORIENTED_EDGE ( 'NONE', *, *, #7568, .F. ) ;
#533 = DIRECTION ( 'NONE',  ( 0.000000000000000000, 0.000000000000000000, 1.000000000000000000 ) ) ;
#534 = ORIENTED_EDGE ( 'NONE', *, *, #1992, .T. ) ;
#535 = DIRECTION ( 'NONE',  ( 0.000000000000000000, 0.000000000000000000, 1.000000000000000000 ) ) ;
#536 = CARTESIAN_POINT ( 'NONE',  ( -12.67365965879599443, -4.430389469675999337, 5.500000953674160087 ) ) ;
#537 = EDGE_CURVE ( 'NONE', #3941, #1941, #8837, .T. ) ;
#538 = PLANE ( 'NONE',  #5891 ) ;
#539 = EDGE_CURVE ( 'NONE', #3789, #8811, #9274, .T. ) ;
#540 = DIRECTION ( 'NONE',  ( 0.000000000000000000, 0.000000000000000000, 1.000000000000000000 ) ) ;
#541 = DIRECTION ( 'NONE',  ( 0.000000000000000000, 0.000000000000000000, -1.000000000000000000 ) ) ;
#542 = AXIS2_PLACEMENT_3D ( 'NONE', #2431, #3094, #3145 ) ;
#543 = ORIENTED_EDGE ( 'NONE', *, *, #2772, .F. ) ;
#544 = DIRECTION ( 'NONE',  ( -1.000000000000000000, 0.000000000000000000, 0.000000000000000000 ) ) ;
#545 = VERTEX_POINT ( 'NONE', #4591 ) ;
#546 = ADVANCED_FACE ( 'NONE', ( #8866 ), #9011, .T. ) ;
#547 = VERTEX_POINT ( 'NONE', #2336 ) ;
#548 = VECTOR ( 'NONE', #1194, 1000.000000000000000 ) ;
#549 = FACE_OUTER_BOUND ( 'NONE', #8254, .T. ) ;
#550 = CIRCLE ( 'NONE', #2088, 25.64999999999999858 ) ;
#551 = CARTESIAN_POINT ( 'NONE',  ( -3.236245269559022475, -1.894522777708635530, 21.30000023841839862 ) ) ;
#552 = VECTOR ( 'NONE', #6973, 1000.000000000000000 ) ;
#553 = CARTESIAN_POINT ( 'NONE',  ( 0.000000000000000000, 0.000000000000000000, 0.9999999999998441247 ) ) ;
#554 = CARTESIAN_POINT ( 'NONE',  ( -1.000000000000000888, 17.93885447847687331, 28.99999856948849697 ) ) ;
#555 = EDGE_CURVE ( 'NONE', #8098, #3958, #6803, .T. ) ;
#556 = CARTESIAN_POINT ( 'NONE',  ( 12.59039324045760289, -16.80720077974506665, 16.50000095367419917 ) ) ;
#557 = VECTOR ( 'NONE', #5089, 1000.000000000000000 ) ;
#558 = VERTEX_POINT ( 'NONE', #5260 ) ;
#559 = FACE_OUTER_BOUND ( 'NONE', #7790, .T. ) ;
#560 = FACE_OUTER_BOUND ( 'NONE', #1059, .T. ) ;
#561 = CARTESIAN_POINT ( 'NONE',  ( 22.05796506004260848, -11.00312125762303950, 10.50000095367419917 ) ) ;
#562 = FACE_OUTER_BOUND ( 'NONE', #5852, .T. ) ;
#563 = AXIS2_PLACEMENT_3D ( 'NONE', #3240, #6172, #7841 ) ;
#564 = DIRECTION ( 'NONE',  ( 1.224646799147350002E-16, 1.000000000000000000, 0.000000000000000000 ) ) ;
#565 = CARTESIAN_POINT ( 'NONE',  ( -1.500000000000001332, -24.60431872659807340, 10.50000095367419917 ) ) ;
#566 = ORIENTED_EDGE ( 'NONE', *, *, #4886, .F. ) ;
#567 = ORIENTED_EDGE ( 'NONE', *, *, #4516, .T. ) ;
#568 = AXIS2_PLACEMENT_3D ( 'NONE', #2735, #572, #9352 ) ;
#569 = ORIENTED_EDGE ( 'NONE', *, *, #2683, .F. ) ;
#570 = EDGE_LOOP ( 'NONE', ( #4827, #579, #410, #4454 ) ) ;
#571 = CARTESIAN_POINT ( 'NONE',  ( 20.78726131738237370, -14.57455414890894474, -4.500000000000158984 ) ) ;
#572 = DIRECTION ( 'NONE',  ( 0.000000000000000000, 0.000000000000000000, 1.000000000000000000 ) ) ;
#573 = VECTOR ( 'NONE', #144, 1000.000000000000000 ) ;
#574 = CARTESIAN_POINT ( 'NONE',  ( -14.57455414890895540, -20.78726131738255134, 12.50000095367419917 ) ) ;
#575 = ORIENTED_EDGE ( 'NONE', *, *, #4811, .T. ) ;
#576 = DIRECTION ( 'NONE',  ( 0.000000000000000000, 0.000000000000000000, 1.000000000000000000 ) ) ;
#577 = VECTOR ( 'NONE', #7373, 1000.000000000000000 ) ;
#578 = EDGE_CURVE ( 'NONE', #4153, #2370, #2293, .T. ) ;
#579 = ORIENTED_EDGE ( 'NONE', *, *, #2348, .T. ) ;
#580 = AXIS2_PLACEMENT_3D ( 'NONE', #5702, #3588, #8818 ) ;
#581 = ORIENTED_EDGE ( 'NONE', *, *, #9251, .T. ) ;
#582 = DIRECTION ( 'NONE',  ( 0.000000000000000000, 0.000000000000000000, 1.000000000000000000 ) ) ;
#583 = VERTEX_POINT ( 'NONE', #7527 ) ;
#584 = LINE ( 'NONE', #495, #710 ) ;
#585 = CARTESIAN_POINT ( 'NONE',  ( -8.760516488598005580, -10.17365965879601930, -4.500000000000158984 ) ) ;
#586 = EDGE_CURVE ( 'NONE', #3885, #2837, #1564, .T. ) ;
#587 = PLANE ( 'NONE',  #8357 ) ;
#588 = AXIS2_PLACEMENT_3D ( 'NONE', #8328, #4730, #1085 ) ;
#589 = EDGE_CURVE ( 'NONE', #5981, #8841, #5903, .T. ) ;
#590 = CIRCLE ( 'NONE', #1654, 10.50000000000000000 ) ;
#591 = CARTESIAN_POINT ( 'NONE',  ( 11.44949534515241041, 22.95281151278294374, 10.50000095367419917 ) ) ;
#592 = CARTESIAN_POINT ( 'NONE',  ( -19.78683832264900744, -8.537185086044951632, 12.50000095367419917 ) ) ;
#593 = CARTESIAN_POINT ( 'NONE',  ( 0.000000000000000000, 0.000000000000000000, 12.50000095367419917 ) ) ;
#594 = ORIENTED_EDGE ( 'NONE', *, *, #8618, .F. ) ;
#595 = VECTOR ( 'NONE', #3337, 1000.000000000000000 ) ;
#596 = AXIS2_PLACEMENT_3D ( 'NONE', #1815, #6027, #5309 ) ;
#597 = AXIS2_PLACEMENT_3D ( 'NONE', #3787, #4359, #8115 ) ;
#598 = ORIENTED_EDGE ( 'NONE', *, *, #2406, .F. ) ;
#599 = ORIENTED_EDGE ( 'NONE', *, *, #7226, .T. ) ;
#600 = VECTOR ( 'NONE', #4141, 1000.000000000000000 ) ;
#601 = DIRECTION ( 'NONE',  ( 0.000000000000000000, 0.000000000000000000, -1.000000000000000000 ) ) ;
#602 = CARTESIAN_POINT ( 'NONE',  ( 11.44949534515241041, 22.95281151278294374, 12.50000095367419917 ) ) ;
#603 = CARTESIAN_POINT ( 'NONE',  ( 17.93885447847770465, 1.000000000000000888, 0.9999999999998441247 ) ) ;
#604 = EDGE_CURVE ( 'NONE', #1482, #3087, #5985, .T. ) ;
#605 = CARTESIAN_POINT ( 'NONE',  ( 2.228303483095416926, 25.28957345041219185, 5.500000953674160087 ) ) ;
#606 = ORIENTED_EDGE ( 'NONE', *, *, #3035, .T. ) ;
#607 = CARTESIAN_POINT ( 'NONE',  ( 20.55796506004270441, -13.60119746897603399, 10.50000095367419917 ) ) ;
#608 = DIRECTION ( 'NONE',  ( -0.7283034830953664107, -0.6852547238152811859, 0.000000000000000000 ) ) ;
#609 = CARTESIAN_POINT ( 'NONE',  ( 0.000000000000000000, 0.000000000000000000, 22.50000000000000000 ) ) ;
#610 = CARTESIAN_POINT ( 'NONE',  ( 22.05796506004260848, -11.00312125762303950, 5.500000953674160087 ) ) ;
#611 = CARTESIAN_POINT ( 'NONE',  ( 0.000000000000000000, 0.000000000000000000, 5.500000953674160087 ) ) ;
#612 = CARTESIAN_POINT ( 'NONE',  ( 0.000000000000000000, 0.000000000000000000, 5.500000953674160087 ) ) ;
#613 = EDGE_CURVE ( 'NONE', #2218, #2730, #4682, .T. ) ;
#614 = ORIENTED_EDGE ( 'NONE', *, *, #7892, .F. ) ;
#615 = VERTEX_POINT ( 'NONE', #2441 ) ;
#616 = ORIENTED_EDGE ( 'NONE', *, *, #8436, .T. ) ;
#617 = LINE ( 'NONE', #7970, #2901 ) ;
#618 = ORIENTED_EDGE ( 'NONE', *, *, #3001, .F. ) ;
#619 = CYLINDRICAL_SURFACE ( 'NONE', #6422, 1.000000000000000444 ) ;
#620 = CARTESIAN_POINT ( 'NONE',  ( -13.60119746897600557, -20.55796506004303836, 22.50000000000000000 ) ) ;
#621 = DIRECTION ( 'NONE',  ( 1.000000000000000000, 0.000000000000000000, 0.000000000000000000 ) ) ;
#622 = ORIENTED_EDGE ( 'NONE', *, *, #7432, .F. ) ;
#623 = FACE_OUTER_BOUND ( 'NONE', #976, .T. ) ;
#624 = ORIENTED_EDGE ( 'NONE', *, *, #6953, .T. ) ;
#625 = EDGE_CURVE ( 'NONE', #5445, #7788, #7604, .T. ) ;
#626 = ORIENTED_EDGE ( 'NONE', *, *, #1369, .F. ) ;
#627 = CYLINDRICAL_SURFACE ( 'NONE', #8250, 10.50000000000000000 ) ;
#628 = ORIENTED_EDGE ( 'NONE', *, *, #7976, .F. ) ;
#629 = DIRECTION ( 'NONE',  ( 0.000000000000000000, 0.000000000000000000, 1.000000000000000000 ) ) ;
#630 = CARTESIAN_POINT ( 'NONE',  ( 0.000000000000000000, 0.000000000000000000, 22.50000000000000000 ) ) ;
#631 = AXIS2_PLACEMENT_3D ( 'NONE', #8024, #7938, #3515 ) ;
#632 = CARTESIAN_POINT ( 'NONE',  ( 14.57455414890835677, -20.78726131738255845, -4.500000000000158984 ) ) ;
#633 = EDGE_CURVE ( 'NONE', #6585, #8428, #3146, .T. ) ;
#634 = FACE_OUTER_BOUND ( 'NONE', #8425, .T. ) ;
#635 = CARTESIAN_POINT ( 'NONE',  ( 8.537185086044813076, 19.78683832264904652, 12.50000095367419917 ) ) ;
#636 = CARTESIAN_POINT ( 'NONE',  ( 24.60431872659751917, 2.499999999999946709, 10.50000095367419917 ) ) ;
#637 = FACE_OUTER_BOUND ( 'NONE', #7514, .T. ) ;
#638 = ORIENTED_EDGE ( 'NONE', *, *, #7393, .F. ) ;
#639 = ORIENTED_EDGE ( 'NONE', *, *, #1841, .T. ) ;
#640 = EDGE_CURVE ( 'NONE', #2989, #1302, #1925, .T. ) ;
#641 = FACE_OUTER_BOUND ( 'NONE', #1872, .T. ) ;
#642 = CARTESIAN_POINT ( 'NONE',  ( -14.15438635627909925, -12.26893148770000863, 0.9999999999998441247 ) ) ;
#643 = CARTESIAN_POINT ( 'NONE',  ( -24.60431872659797747, -1.500000000000056843, 10.50000095367419917 ) ) ;
#644 = PLANE ( 'NONE',  #4476 ) ;
#645 = VERTEX_POINT ( 'NONE', #1669 ) ;
#646 = CIRCLE ( 'NONE', #1881, 1.000000000000000888 ) ;
#647 = ADVANCED_FACE ( 'NONE', ( #7573 ), #6028, .T. ) ;
#648 = CARTESIAN_POINT ( 'NONE',  ( 3.236245269559039350, 1.894522777708609329, 21.30000023841839862 ) ) ;
#649 = AXIS2_PLACEMENT_3D ( 'NONE', #1296, #7923, #6434 ) ;
#650 = CARTESIAN_POINT ( 'NONE',  ( 10.13709585383761080, 22.55796506004192992, 5.500000953674160087 ) ) ;
#651 = DIRECTION ( 'NONE',  ( 0.000000000000000000, 0.000000000000000000, 1.000000000000000000 ) ) ;
#652 = CARTESIAN_POINT ( 'NONE',  ( -2.499999999999988454, -13.19090595827310253, 5.500000953674160087 ) ) ;
#653 = DIRECTION ( 'NONE',  ( 0.9984594016228911517, -0.05548714545602558001, 0.000000000000000000 ) ) ;
#654 = CIRCLE ( 'NONE', #4795, 25.64999999999999858 ) ;
#655 = CARTESIAN_POINT ( 'NONE',  ( -12.67365965879599443, -4.430389469675999337, 22.50000000000000000 ) ) ;
#656 = EDGE_CURVE ( 'NONE', #3868, #1220, #2225, .T. ) ;
#657 = EDGE_CURVE ( 'NONE', #9194, #3421, #3775, .T. ) ;
#658 = ORIENTED_EDGE ( 'NONE', *, *, #4136, .T. ) ;
#659 = ORIENTED_EDGE ( 'NONE', *, *, #5749, .T. ) ;
#660 = AXIS2_PLACEMENT_3D ( 'NONE', #3754, #6837, #879 ) ;
#661 = EDGE_CURVE ( 'NONE', #6828, #5854, #6854, .T. ) ;
#662 = ORIENTED_EDGE ( 'NONE', *, *, #7530, .F. ) ;
#663 = AXIS2_PLACEMENT_3D ( 'NONE', #3679, #5795, #7375 ) ;
#664 = DIRECTION ( 'NONE',  ( -0.05548714545610360788, -0.9984594016228869329, 0.000000000000000000 ) ) ;
#665 = LINE ( 'NONE', #6474, #3359 ) ;
#666 = ADVANCED_FACE ( 'NONE', ( #8294 ), #282, .T. ) ;
#667 = CARTESIAN_POINT ( 'NONE',  ( -1.999999999999988010, -17.93885447847809544, -10.99999976158160031 ) ) ;
#668 = DIRECTION ( 'NONE',  ( 0.000000000000000000, 0.000000000000000000, 1.000000000000000000 ) ) ;
#669 = ORIENTED_EDGE ( 'NONE', *, *, #4866, .F. ) ;
#670 = EDGE_CURVE ( 'NONE', #298, #6791, #4635, .T. ) ;
#671 = FACE_OUTER_BOUND ( 'NONE', #7251, .T. ) ;
#672 = CIRCLE ( 'NONE', #4664, 1.000000000000000666 ) ;
#673 = ORIENTED_EDGE ( 'NONE', *, *, #6753, .T. ) ;
#674 = ORIENTED_EDGE ( 'NONE', *, *, #3570, .F. ) ;
#675 = FACE_OUTER_BOUND ( 'NONE', #6145, .T. ) ;
#676 = VERTEX_POINT ( 'NONE', #511 ) ;
#677 = CARTESIAN_POINT ( 'NONE',  ( -20.05796506004299573, 14.46722287275992258, 10.50000095367419917 ) ) ;
#678 = DIRECTION ( 'NONE',  ( -0.05548714545610360788, -0.9984594016228869329, 0.000000000000000000 ) ) ;
#679 = CIRCLE ( 'NONE', #1758, 1.000000000000000222 ) ;
#680 = CARTESIAN_POINT ( 'NONE',  ( 21.40449719101100712, 2.499999999999946709, 16.49999856948839749 ) ) ;
#681 = DIRECTION ( 'NONE',  ( -6.123233995736769734E-17, -1.000000000000000000, 0.000000000000000000 ) ) ;
#682 = CARTESIAN_POINT ( 'NONE',  ( -8.537185086043994175, 19.78683832264804821, 16.49999856948839749 ) ) ;
#683 = ADVANCED_FACE ( 'NONE', ( #8576 ), #6959, .F. ) ;
#684 = DIRECTION ( 'NONE',  ( 0.000000000000000000, 0.000000000000000000, -1.000000000000000000 ) ) ;
#685 = CIRCLE ( 'NONE', #5735, 25.64999999999999858 ) ;
#686 = EDGE_CURVE ( 'NONE', #6614, #3786, #2628, .T. ) ;
#687 = ORIENTED_EDGE ( 'NONE', *, *, #6480, .F. ) ;
#688 = ORIENTED_EDGE ( 'NONE', *, *, #8436, .F. ) ;
#689 = DIRECTION ( 'NONE',  ( -0.2881019561176437760, -0.9575997404350040654, 0.000000000000000000 ) ) ;
#690 = DIRECTION ( 'NONE',  ( 0.000000000000000000, 0.000000000000000000, -1.000000000000000000 ) ) ;
#691 = CIRCLE ( 'NONE', #7287, 1.000000000000000000 ) ;
#692 = CIRCLE ( 'NONE', #6055, 10.50000000000000000 ) ;
#693 = DIRECTION ( 'NONE',  ( 0.6852547238153056108, 0.7283034830953436511, 0.000000000000000000 ) ) ;
#694 = ORIENTED_EDGE ( 'NONE', *, *, #4160, .F. ) ;
#695 = AXIS2_PLACEMENT_3D ( 'NONE', #5412, #5934, #6755 ) ;
#696 = VECTOR ( 'NONE', #6889, 1000.000000000000000 ) ;
#697 = AXIS2_PLACEMENT_3D ( 'NONE', #1997, #4104, #4917 ) ;
#698 = CARTESIAN_POINT ( 'NONE',  ( 17.93885447847770465, -2.000000000000001776, -10.99999976158160031 ) ) ;
#699 = DIRECTION ( 'NONE',  ( 1.000000000000000000, 0.000000000000000000, 0.000000000000000000 ) ) ;
#700 = CARTESIAN_POINT ( 'NONE',  ( -20.55796506004299573, -13.60119746897603399, 22.50000000000000000 ) ) ;
#701 = LINE ( 'NONE', #36, #1504 ) ;
#702 = DIRECTION ( 'NONE',  ( 1.000000000000000000, 0.000000000000000000, 0.000000000000000000 ) ) ;
#703 = DIRECTION ( 'NONE',  ( 0.000000000000000000, 0.000000000000000000, -1.000000000000000000 ) ) ;
#704 = EDGE_CURVE ( 'NONE', #764, #5161, #9136, .T. ) ;
#705 = CARTESIAN_POINT ( 'NONE',  ( -2.499999999999988454, -24.60431872659807340, 5.500000953674160087 ) ) ;
#706 = EDGE_CURVE ( 'NONE', #1572, #3941, #5452, .T. ) ;
#707 = ORIENTED_EDGE ( 'NONE', *, *, #7474, .F. ) ;
#708 = ORIENTED_EDGE ( 'NONE', *, *, #5224, .T. ) ;
#709 = ORIENTED_EDGE ( 'NONE', *, *, #5772, .T. ) ;
#710 = VECTOR ( 'NONE', #3510, 1000.000000000000000 ) ;
#711 = AXIS2_PLACEMENT_3D ( 'NONE', #3418, #8741, #6345 ) ;
#712 = CARTESIAN_POINT ( 'NONE',  ( 22.55796506004270441, -10.13709585383804068, 12.50000095367419917 ) ) ;
#713 = CARTESIAN_POINT ( 'NONE',  ( -24.60431872659797747, -1.500000000000056843, 12.50000095367419917 ) ) ;
#714 = UNCERTAINTY_MEASURE_WITH_UNIT (LENGTH_MEASURE( 1.000000000000000082E-05 ), #1038, 'distance_accuracy_value', 'NONE');
#715 = LINE ( 'NONE', #5122, #1640 ) ;
#716 = AXIS2_PLACEMENT_3D ( 'NONE', #7037, #5542, #8468 ) ;
#717 = DIRECTION ( 'NONE',  ( 0.000000000000000000, 0.000000000000000000, -1.000000000000000000 ) ) ;
#718 = VERTEX_POINT ( 'NONE', #470 ) ;
#719 = LINE ( 'NONE', #9450, #2483 ) ;
#720 = ADVANCED_FACE ( 'NONE', ( #331 ), #5512, .T. ) ;
#721 = VERTEX_POINT ( 'NONE', #4062 ) ;
#722 = ORIENTED_EDGE ( 'NONE', *, *, #3865, .T. ) ;
#723 = CARTESIAN_POINT ( 'NONE',  ( 13.60119746897540871, -20.55796506004303836, 22.50000000000000000 ) ) ;
#724 = VERTEX_POINT ( 'NONE', #6366 ) ;
#725 = DIRECTION ( 'NONE',  ( 0.000000000000000000, 0.000000000000000000, -1.000000000000000000 ) ) ;
#726 = CARTESIAN_POINT ( 'NONE',  ( 0.000000000000000000, 0.000000000000000000, 22.50000000000000000 ) ) ;
#727 = DIRECTION ( 'NONE',  ( 0.000000000000000000, 0.000000000000000000, -1.000000000000000000 ) ) ;
#728 = DIRECTION ( 'NONE',  ( 1.000000000000000000, 0.000000000000000000, 0.000000000000000000 ) ) ;
#729 = DIRECTION ( 'NONE',  ( 0.8660254037844387076, -0.4999999999999998890, 0.000000000000000000 ) ) ;
#730 = DIRECTION ( 'NONE',  ( 1.224646799147350002E-16, 0.000000000000000000, -1.000000000000000000 ) ) ;
#731 = EDGE_CURVE ( 'NONE', #5951, #858, #7720, .T. ) ;
#732 = VERTEX_POINT ( 'NONE', #7003 ) ;
#733 = ORIENTED_EDGE ( 'NONE', *, *, #4312, .T. ) ;
#734 = VERTEX_POINT ( 'NONE', #5644 ) ;
#735 = DIRECTION ( 'NONE',  ( 0.000000000000000000, 0.000000000000000000, 1.000000000000000000 ) ) ;
#736 = VECTOR ( 'NONE', #7601, 1000.000000000000114 ) ;
#737 = CARTESIAN_POINT ( 'NONE',  ( 0.000000000000000000, 0.000000000000000000, 22.50000000000000000 ) ) ;
#738 = CIRCLE ( 'NONE', #1971, 1.000000000000000222 ) ;
#739 = CARTESIAN_POINT ( 'NONE',  ( -14.09889921082299580, 11.27047208607690010, -10.99999976158160031 ) ) ;
#740 = ORIENTED_EDGE ( 'NONE', *, *, #432, .T. ) ;
#741 = AXIS2_PLACEMENT_3D ( 'NONE', #5635, #1134, #7128 ) ;
#742 = VECTOR ( 'NONE', #4797, 1000.000000000000000 ) ;
#743 = DIRECTION ( 'NONE',  ( 0.7452527504476756937, 0.6667820768063390524, 0.000000000000000000 ) ) ;
#744 = LINE ( 'NONE', #1328, #413 ) ;
#745 = CARTESIAN_POINT ( 'NONE',  ( -11.97757886726399867, -13.39179242963706074, 0.9999999999998441247 ) ) ;
#746 = DIRECTION ( 'NONE',  ( -0.9733566799329020913, 0.2292962573397090698, 0.000000000000000000 ) ) ;
#747 = DIRECTION ( 'NONE',  ( 1.000000000000000000, 0.000000000000000000, 0.000000000000000000 ) ) ;
#748 = CARTESIAN_POINT ( 'NONE',  ( 0.000000000000000000, 0.000000000000000000, 11.80000047683700082 ) ) ;
#749 = DIRECTION ( 'NONE',  ( 0.000000000000000000, 0.000000000000000000, 1.000000000000000000 ) ) ;
#750 = AXIS2_PLACEMENT_3D ( 'NONE', #5340, #3037, #6599 ) ;
#751 = ADVANCED_FACE ( 'NONE', ( #3300 ), #9290, .T. ) ;
#752 = ORIENTED_EDGE ( 'NONE', *, *, #5826, .F. ) ;
#753 = ORIENTED_EDGE ( 'NONE', *, *, #9094, .F. ) ;
#754 = AXIS2_PLACEMENT_3D ( 'NONE', #8295, #2492, #2389 ) ;
#755 = VERTEX_POINT ( 'NONE', #3393 ) ;
#756 = EDGE_CURVE ( 'NONE', #3946, #2839, #4986, .T. ) ;
#757 = ADVANCED_FACE ( 'NONE', ( #3348 ), #2673, .F. ) ;
#758 = EDGE_LOOP ( 'NONE', ( #5267, #2138, #8036, #4661 ) ) ;
#759 = LINE ( 'NONE', #8682, #6131 ) ;
#760 = FACE_BOUND ( 'NONE', #5288, .T. ) ;
#761 = DIRECTION ( 'NONE',  ( 0.6667820768063215109, -0.7452527504476912368, 0.000000000000000000 ) ) ;
#762 = PLANE ( 'NONE',  #6786 ) ;
#763 = ORIENTED_EDGE ( 'NONE', *, *, #1102, .T. ) ;
#764 = VERTEX_POINT ( 'NONE', #9203 ) ;
#765 = DIRECTION ( 'NONE',  ( 0.000000000000000000, 0.000000000000000000, -1.000000000000000000 ) ) ;
#766 = ORIENTED_EDGE ( 'NONE', *, *, #1300, .T. ) ;
#767 = ADVANCED_FACE ( 'NONE', ( #4881 ), #1093, .F. ) ;
#768 = VERTEX_POINT ( 'NONE', #8528 ) ;
#769 = CARTESIAN_POINT ( 'NONE',  ( 0.000000000000000000, 0.000000000000000000, 12.50000095367419917 ) ) ;
#770 = ORIENTED_EDGE ( 'NONE', *, *, #7222, .T. ) ;
#771 = CARTESIAN_POINT ( 'NONE',  ( 18.93269683185599916, -2.110803324099963518, 0.9999999999998441247 ) ) ;
#772 = CYLINDRICAL_SURFACE ( 'NONE', #2093, 1.000000000000000888 ) ;
#773 = EDGE_CURVE ( 'NONE', #3166, #2370, #7142, .T. ) ;
#774 = DIRECTION ( 'NONE',  ( 0.000000000000000000, 0.000000000000000000, -1.000000000000000000 ) ) ;
#775 = CARTESIAN_POINT ( 'NONE',  ( -1.500000000000000222, 0.000000000000000000, 11.80000047683700082 ) ) ;
#776 = DIRECTION ( 'NONE',  ( 1.000000000000000000, 0.000000000000000000, 0.000000000000000000 ) ) ;
#777 = EDGE_CURVE ( 'NONE', #3320, #3307, #8482, .T. ) ;
#778 = ORIENTED_EDGE ( 'NONE', *, *, #2168, .F. ) ;
#779 = VERTEX_POINT ( 'NONE', #5598 ) ;
#780 = ORIENTED_EDGE ( 'NONE', *, *, #5684, .T. ) ;
#781 = CIRCLE ( 'NONE', #631, 0.9999999999999994449 ) ;
#782 = CARTESIAN_POINT ( 'NONE',  ( 22.05796506004260848, -11.00312125762303950, -4.500000000000158984 ) ) ;
#783 = EDGE_CURVE ( 'NONE', #5911, #9423, #9109, .T. ) ;
#784 = DIRECTION ( 'NONE',  ( 0.000000000000000000, 0.000000000000000000, -1.000000000000000000 ) ) ;
#785 = DIRECTION ( 'NONE',  ( -0.2881019561176437760, -0.9575997404350040654, 0.000000000000000000 ) ) ;
#786 = VERTEX_POINT ( 'NONE', #5458 ) ;
#787 = VERTEX_POINT ( 'NONE', #8389 ) ;
#788 = EDGE_CURVE ( 'NONE', #3043, #9134, #1009, .T. ) ;
#789 = VECTOR ( 'NONE', #9413, 1000.000000000000000 ) ;
#790 = FACE_OUTER_BOUND ( 'NONE', #7118, .T. ) ;
#791 = DIRECTION ( 'NONE',  ( 0.000000000000000000, 0.000000000000000000, 1.000000000000000000 ) ) ;
#792 = LINE ( 'NONE', #2283, #5030 ) ;
#793 = DIRECTION ( 'NONE',  ( 0.000000000000000000, 0.000000000000000000, -1.000000000000000000 ) ) ;
#794 = CARTESIAN_POINT ( 'NONE',  ( -10.45227248018298916, 1.000000000000000888, -6.499999761581589652 ) ) ;
#795 = CARTESIAN_POINT ( 'NONE',  ( -2.798756847521996605, -1.384543285149031355, -10.99999976158160031 ) ) ;
#796 = ORIENTED_EDGE ( 'NONE', *, *, #4867, .T. ) ;
#797 = ORIENTED_EDGE ( 'NONE', *, *, #4332, .T. ) ;
#798 = ORIENTED_EDGE ( 'NONE', *, *, #4392, .T. ) ;
#799 = EDGE_CURVE ( 'NONE', #2218, #3166, #4215, .T. ) ;
#800 = ORIENTED_EDGE ( 'NONE', *, *, #6939, .T. ) ;
#801 = DIRECTION ( 'NONE',  ( 0.000000000000000000, 0.000000000000000000, -1.000000000000000000 ) ) ;
#802 = CARTESIAN_POINT ( 'NONE',  ( 0.000000000000000000, 0.000000000000000000, 22.50000000000000000 ) ) ;
#803 = CARTESIAN_POINT ( 'NONE',  ( 24.60431872659751917, 1.499999999999945821, 10.50000095367419917 ) ) ;
#804 = PRODUCT_DEFINITION_CONTEXT ( 'detailed design', #2226, 'design' ) ;
#805 = DIRECTION ( 'NONE',  ( 0.000000000000000000, 0.000000000000000000, -1.000000000000000000 ) ) ;
#806 = EDGE_CURVE ( 'NONE', #5639, #6115, #2094, .T. ) ;
#807 = AXIS2_PLACEMENT_3D ( 'NONE', #8197, #7487, #3833 ) ;
#808 = CARTESIAN_POINT ( 'NONE',  ( -20.55796506004299573, -13.60119746897603399, 10.50000095367419917 ) ) ;
#809 = VERTEX_POINT ( 'NONE', #8039 ) ;
#810 = VERTEX_POINT ( 'NONE', #5876 ) ;
#811 = PLANE ( 'NONE',  #6162 ) ;
#812 = ORIENTED_EDGE ( 'NONE', *, *, #7755, .T. ) ;
#813 = EDGE_CURVE ( 'NONE', #4953, #2745, #2003, .T. ) ;
#814 = ORIENTED_EDGE ( 'NONE', *, *, #5858, .F. ) ;
#815 = CYLINDRICAL_SURFACE ( 'NONE', #5802, 1.000000000000000888 ) ;
#816 = ORIENTED_EDGE ( 'NONE', *, *, #7568, .T. ) ;
#817 = CARTESIAN_POINT ( 'NONE',  ( -25.28957345041333227, -2.228303483095355197, 10.50000095367419917 ) ) ;
#818 = LINE ( 'NONE', #3843, #8376 ) ;
#819 = CARTESIAN_POINT ( 'NONE',  ( 0.000000000000000000, 0.000000000000000000, 22.50000000000000000 ) ) ;
#820 = CARTESIAN_POINT ( 'NONE',  ( 14.88000166017640424, 11.89487497173202790, 0.9999999999998441247 ) ) ;
#821 = PLANE ( 'NONE',  #4346 ) ;
#822 = EDGE_CURVE ( 'NONE', #277, #4406, #8223, .T. ) ;
#823 = ORIENTED_EDGE ( 'NONE', *, *, #9258, .T. ) ;
#824 = ORIENTED_EDGE ( 'NONE', *, *, #5321, .F. ) ;
#825 = VERTEX_POINT ( 'NONE', #8668 ) ;
#826 = AXIS2_PLACEMENT_3D ( 'NONE', #7122, #1079, #3420 ) ;
#827 = CARTESIAN_POINT ( 'NONE',  ( 22.55796506004270441, 10.13709585383704237, 10.50000095367419917 ) ) ;
#828 = EDGE_CURVE ( 'NONE', #242, #2371, #4334, .T. ) ;
#829 = CARTESIAN_POINT ( 'NONE',  ( 0.000000000000000000, 0.000000000000000000, -4.500000000000158984 ) ) ;
#830 = DIRECTION ( 'NONE',  ( 0.000000000000000000, 0.000000000000000000, 1.000000000000000000 ) ) ;
#831 = CIRCLE ( 'NONE', #3136, 0.9999999999999991118 ) ;
#832 = EDGE_LOOP ( 'NONE', ( #3189, #121, #5970, #3192 ) ) ;
#833 = ORIENTED_EDGE ( 'NONE', *, *, #4066, .F. ) ;
#834 = ADVANCED_FACE ( 'NONE', ( #560 ), #5734, .T. ) ;
#835 = CARTESIAN_POINT ( 'NONE',  ( 21.55000000000000071, 0.000000000000000000, 28.99999856948849697 ) ) ;
#836 = CARTESIAN_POINT ( 'NONE',  ( 2.000000000000001776, -17.93885447847809544, 28.99999856948849697 ) ) ;
#837 = LINE ( 'NONE', #1417, #4568 ) ;
#838 = DIRECTION ( 'NONE',  ( 1.000000000000000000, 0.000000000000000000, 0.000000000000000000 ) ) ;
#839 = FACE_OUTER_BOUND ( 'NONE', #122, .T. ) ;
#840 = EDGE_CURVE ( 'NONE', #2920, #1882, #5065, .T. ) ;
#841 = ORIENTED_EDGE ( 'NONE', *, *, #4587, .F. ) ;
#842 = EDGE_LOOP ( 'NONE', ( #2505, #6801, #8275, #4213 ) ) ;
#843 = VECTOR ( 'NONE', #4529, 1000.000000000000000 ) ;
#844 = ORIENTED_EDGE ( 'NONE', *, *, #9048, .T. ) ;
#845 = DIRECTION ( 'NONE',  ( -1.000000000000000000, 0.000000000000000000, 0.000000000000000000 ) ) ;
#846 = DIRECTION ( 'NONE',  ( 0.000000000000000000, 0.000000000000000000, -1.000000000000000000 ) ) ;
#847 = CARTESIAN_POINT ( 'NONE',  ( 10.45227248018340482, 1.000000000000000888, -6.499999761581589652 ) ) ;
#848 = CARTESIAN_POINT ( 'NONE',  ( 0.000000000000000000, 0.000000000000000000, 12.50000095367419917 ) ) ;
#849 = AXIS2_PLACEMENT_3D ( 'NONE', #6833, #784, #2367 ) ;
#850 = AXIS2_PLACEMENT_3D ( 'NONE', #3448, #8013, #2113 ) ;
#851 = DIRECTION ( 'NONE',  ( -0.7283034830953664107, -0.6852547238152811859, 0.000000000000000000 ) ) ;
#852 = ORIENTED_EDGE ( 'NONE', *, *, #7460, .T. ) ;
#853 = ORIENTED_EDGE ( 'NONE', *, *, #5650, .F. ) ;
#854 = CARTESIAN_POINT ( 'NONE',  ( 0.000000000000000000, 0.000000000000000000, 12.50000095367419917 ) ) ;
#855 = AXIS2_PLACEMENT_3D ( 'NONE', #3397, #8486, #2590 ) ;
#856 = AXIS2_PLACEMENT_3D ( 'NONE', #6442, #5049, #8647 ) ;
#857 = AXIS2_PLACEMENT_3D ( 'NONE', #4922, #6507, #9479 ) ;
#858 = VERTEX_POINT ( 'NONE', #650 ) ;
#859 = ORIENTED_EDGE ( 'NONE', *, *, #7818, .F. ) ;
#860 = CARTESIAN_POINT ( 'NONE',  ( -1.500000000000001332, 24.60431872659696495, 22.50000000000000000 ) ) ;
#861 = ORIENTED_EDGE ( 'NONE', *, *, #4638, .T. ) ;
#862 = CARTESIAN_POINT ( 'NONE',  ( -22.95281151278301479, 11.44949534515204981, 10.50000095367419917 ) ) ;
#863 = DIRECTION ( 'NONE',  ( 0.6667820768063215109, -0.7452527504476912368, 0.000000000000000000 ) ) ;
#864 = AXIS2_PLACEMENT_3D ( 'NONE', #7119, #8646, #535 ) ;
#865 = CARTESIAN_POINT ( 'NONE',  ( 17.28683832264831111, -12.86731210496705557, 16.49999856948839749 ) ) ;
#867 = EDGE_CURVE ( 'NONE', #4671, #4611, #4998, .T. ) ;
#866 = DIRECTION ( 'NONE',  ( 0.000000000000000000, 0.000000000000000000, -1.000000000000000000 ) ) ;
#868 = DIRECTION ( 'NONE',  ( -0.9733566799329020913, 0.2292962573397090698, 0.000000000000000000 ) ) ;
#869 = ORIENTED_EDGE ( 'NONE', *, *, #1476, .T. ) ;
#870 = VECTOR ( 'NONE', #16, 1000.000000000000000 ) ;
#871 = EDGE_CURVE ( 'NONE', #1879, #825, #5769, .T. ) ;
#872 = VERTEX_POINT ( 'NONE', #5108 ) ;
#873 = ORIENTED_EDGE ( 'NONE', *, *, #4745, .F. ) ;
#874 = EDGE_CURVE ( 'NONE', #4023, #1152, #5019, .T. ) ;
#875 = CARTESIAN_POINT ( 'NONE',  ( -20.55796506004299573, -13.60119746897603399, 5.500000953674160087 ) ) ;
#876 = CARTESIAN_POINT ( 'NONE',  ( 0.000000000000000000, 0.000000000000000000, 12.50000095367419917 ) ) ;
#877 = VECTOR ( 'NONE', #2390, 1000.000000000000000 ) ;
#878 = VECTOR ( 'NONE', #5890, 1000.000000000000000 ) ;
#879 = DIRECTION ( 'NONE',  ( -0.7071067811865470176, 0.7071067811865480168, 0.000000000000000000 ) ) ;
#880 = ORIENTED_EDGE ( 'NONE', *, *, #625, .F. ) ;
#881 = VERTEX_POINT ( 'NONE', #2097 ) ;
#882 = CIRCLE ( 'NONE', #7484, 0.9999999999999994449 ) ;
#883 = DIRECTION ( 'NONE',  ( 0.000000000000000000, 0.000000000000000000, 1.000000000000000000 ) ) ;
#884 = ADVANCED_FACE ( 'NONE', ( #7902 ), #1377, .T. ) ;
#885 = CARTESIAN_POINT ( 'NONE',  ( -15.35596946773398841, -21.59731931759201018, 16.50000095367419917 ) ) ;
#886 = CARTESIAN_POINT ( 'NONE',  ( -14.57455414890895540, -20.78726131738255134, 5.500000953674160087 ) ) ;
#887 = CARTESIAN_POINT ( 'NONE',  ( -25.60246553092200728, -1.560851926977968596, 10.50000095367419917 ) ) ;
#888 = DIRECTION ( 'NONE',  ( 0.5052060740556291174, -0.8629987385490769380, 0.000000000000000000 ) ) ;
#889 = AXIS2_PLACEMENT_3D ( 'NONE', #6746, #7468, #367 ) ;
#890 = CARTESIAN_POINT ( 'NONE',  ( -11.00312125762199855, -22.05796506004298152, -4.500000000000158984 ) ) ;
#891 = EDGE_CURVE ( 'NONE', #732, #7173, #4197, .T. ) ;
#892 = AXIS2_PLACEMENT_3D ( 'NONE', #4763, #1793, #4039 ) ;
#893 = VERTEX_POINT ( 'NONE', #7137 ) ;
#894 = VERTEX_POINT ( 'NONE', #9428 ) ;
#895 = AXIS2_PLACEMENT_3D ( 'NONE', #7991, #5058, #9471 ) ;
#896 = CARTESIAN_POINT ( 'NONE',  ( -8.260266221535985665, -19.30720077974512705, 16.50000095367419917 ) ) ;
#897 = AXIS2_PLACEMENT_3D ( 'NONE', #9152, #1237, #4782 ) ;
#898 = CARTESIAN_POINT ( 'NONE',  ( 14.15297018576949739, -21.39195958580497603, 10.50000095367419917 ) ) ;
#899 = FACE_OUTER_BOUND ( 'NONE', #5324, .T. ) ;
#900 = AXIS2_PLACEMENT_3D ( 'NONE', #1873, #3168, #5378 ) ;
#901 = CARTESIAN_POINT ( 'NONE',  ( -3.047601356036988562, -10.27860038987205016, 5.500000953674160087 ) ) ;
#902 = AXIS2_PLACEMENT_3D ( 'NONE', #6059, #3750, #5145 ) ;
#903 = UNCERTAINTY_MEASURE_WITH_UNIT (LENGTH_MEASURE( 1.000000000000000082E-05 ), #1269, 'distance_accuracy_value', 'NONE');
#904 = DIRECTION ( 'NONE',  ( 1.000000000000000000, 0.000000000000000000, 0.000000000000000000 ) ) ;
#905 = DIRECTION ( 'NONE',  ( 0.000000000000000000, 0.000000000000000000, -1.000000000000000000 ) ) ;
#906 = DIRECTION ( 'NONE',  ( 0.000000000000000000, 0.000000000000000000, 1.000000000000000000 ) ) ;
#907 = ORIENTED_EDGE ( 'NONE', *, *, #4640, .F. ) ;
#908 = CIRCLE ( 'NONE', #8726, 1.000000000000000888 ) ;
#909 = ORIENTED_EDGE ( 'NONE', *, *, #8056, .T. ) ;
#910 = DIRECTION ( 'NONE',  ( 1.000000000000000000, 0.000000000000000000, 0.000000000000000000 ) ) ;
#911 = EDGE_LOOP ( 'NONE', ( #939, #9105, #5616, #2206 ) ) ;
#912 = VERTEX_POINT ( 'NONE', #3483 ) ;
#913 = DIRECTION ( 'NONE',  ( 0.000000000000000000, 0.000000000000000000, -1.000000000000000000 ) ) ;
#914 = VERTEX_POINT ( 'NONE', #9339 ) ;
#915 = FACE_OUTER_BOUND ( 'NONE', #9250, .T. ) ;
#916 = LINE ( 'NONE', #8834, #6539 ) ;
#917 = CARTESIAN_POINT ( 'NONE',  ( -11.00312125762199855, 22.05796506004198321, 12.50000095367419917 ) ) ;
#918 = CARTESIAN_POINT ( 'NONE',  ( 0.000000000000000000, 0.000000000000000000, 22.50000000000000000 ) ) ;
#919 = CARTESIAN_POINT ( 'NONE',  ( 23.01556480047760900, 10.71501930150427384, 10.50000095367419917 ) ) ;
#920 = EDGE_CURVE ( 'NONE', #7506, #479, #100, .T. ) ;
#921 = ORIENTED_EDGE ( 'NONE', *, *, #6762, .T. ) ;
#922 = VERTEX_POINT ( 'NONE', #5788 ) ;
#923 = CARTESIAN_POINT ( 'NONE',  ( -22.05796506004299573, -11.00312125762203941, 22.50000000000000000 ) ) ;
#924 = EDGE_LOOP ( 'NONE', ( #3630, #4494, #1007, #796 ) ) ;
#925 = EDGE_CURVE ( 'NONE', #5385, #2436, #744, .T. ) ;
#926 = DIRECTION ( 'NONE',  ( -0.4999999999999998890, 0.8660254037844387076, 0.000000000000000000 ) ) ;
#927 = DIRECTION ( 'NONE',  ( 0.000000000000000000, 0.000000000000000000, 1.000000000000000000 ) ) ;
#928 = CARTESIAN_POINT ( 'NONE',  ( 1.000000000000000888, -18.72331434335306000, 3.999999999999840572 ) ) ;
#929 = VERTEX_POINT ( 'NONE', #3673 ) ;
#930 = VERTEX_POINT ( 'NONE', #6605 ) ;
#931 = EDGE_CURVE ( 'NONE', #2436, #7060, #34, .T. ) ;
#932 = CYLINDRICAL_SURFACE ( 'NONE', #5743, 1.000000000000001776 ) ;
#933 = CARTESIAN_POINT ( 'NONE',  ( -14.46722287275999186, 20.05796506004198321, 10.50000095367419917 ) ) ;
#934 = CARTESIAN_POINT ( 'NONE',  ( 22.55796506004270441, -10.13709585383804068, -4.500000000000158984 ) ) ;
#935 = CARTESIAN_POINT ( 'NONE',  ( -1.500000000000001332, 24.60431872659696495, 12.50000095367419917 ) ) ;
#936 = DIRECTION ( 'NONE',  ( 0.000000000000000000, 0.000000000000000000, -1.000000000000000000 ) ) ;
#937 = AXIS2_PLACEMENT_3D ( 'NONE', #9070, #293, #6864 ) ;
#938 = CARTESIAN_POINT ( 'NONE',  ( 0.000000000000000000, 0.000000000000000000, -10.99999976158160031 ) ) ;
#939 = ORIENTED_EDGE ( 'NONE', *, *, #404, .F. ) ;
#940 = EDGE_LOOP ( 'NONE', ( #4001, #6765 ) ) ;
#941 = EDGE_CURVE ( 'NONE', #15, #4266, #1325, .T. ) ;
#942 = CARTESIAN_POINT ( 'NONE',  ( -1.560851926977996351, 25.60246553092193622, 10.50000095367419917 ) ) ;
#943 = CARTESIAN_POINT ( 'NONE',  ( -13.60119746897600557, -20.55796506004303836, 5.500000953674160087 ) ) ;
#944 = CARTESIAN_POINT ( 'NONE',  ( -23.01556480047796782, -10.71501930150428805, -4.500000000000158984 ) ) ;
#945 = CARTESIAN_POINT ( 'NONE',  ( -13.39179242963699146, -11.97757886726402710, 28.99999856948849697 ) ) ;
#946 = EDGE_CURVE ( 'NONE', #4294, #9326, #5203, .T. ) ;
#947 = CARTESIAN_POINT ( 'NONE',  ( 20.55796506004270441, -13.60119746897603399, 10.50000095367419917 ) ) ;
#948 = ADVANCED_FACE ( 'NONE', ( #5921 ), #3090, .T. ) ;
#949 = LINE ( 'NONE', #6913, #4973 ) ;
#950 = CARTESIAN_POINT ( 'NONE',  ( 21.59731931759170820, -15.35596946773398841, 16.50000095367419917 ) ) ;
#951 = ORIENTED_EDGE ( 'NONE', *, *, #1589, .F. ) ;
#952 = VERTEX_POINT ( 'NONE', #835 ) ;
#953 = DIRECTION ( 'NONE',  ( 0.4999999999999998890, -0.8660254037844387076, 0.000000000000000000 ) ) ;
#954 = EDGE_LOOP ( 'NONE', ( #7224, #8457, #6245, #2382, #7753, #7869, #5564, #5361 ) ) ;
#955 = EDGE_CURVE ( 'NONE', #4464, #1628, #8088, .T. ) ;
#956 = ORIENTED_EDGE ( 'NONE', *, *, #6136, .T. ) ;
#957 = CARTESIAN_POINT ( 'NONE',  ( 21.55000000000000071, 0.000000000000000000, 22.50000000000000000 ) ) ;
#958 = ORIENTED_EDGE ( 'NONE', *, *, #5756, .T. ) ;
#959 = LINE ( 'NONE', #8928, #5013 ) ;
#960 = CIRCLE ( 'NONE', #7867, 0.9999999999999994449 ) ;
#961 = DIRECTION ( 'NONE',  ( 0.000000000000000000, 0.000000000000000000, -1.000000000000000000 ) ) ;
#962 = EDGE_CURVE ( 'NONE', #1870, #7966, #2840, .T. ) ;
#963 = DIRECTION ( 'NONE',  ( -0.4999999999999998890, 0.8660254037844387076, 0.000000000000000000 ) ) ;
#964 = ORIENTED_EDGE ( 'NONE', *, *, #2348, .F. ) ;
#965 = DIRECTION ( 'NONE',  ( 0.000000000000000000, 0.000000000000000000, 1.000000000000000000 ) ) ;
#966 = ORIENTED_EDGE ( 'NONE', *, *, #7969, .T. ) ;
#967 = AXIS2_PLACEMENT_3D ( 'NONE', #4724, #6692, #5395 ) ;
#968 = ORIENTED_EDGE ( 'NONE', *, *, #6958, .F. ) ;
#969 = DIRECTION ( 'NONE',  ( 0.8660254037844387076, 0.4999999999999998890, 0.000000000000000000 ) ) ;
#970 = ORIENTED_EDGE ( 'NONE', *, *, #6974, .T. ) ;
#971 = VECTOR ( 'NONE', #6610, 1000.000000000000000 ) ;
#972 = DIRECTION ( 'NONE',  ( -0.9733566799329020913, 0.2292962573397090698, 0.000000000000000000 ) ) ;
#973 = DIRECTION ( 'NONE',  ( 1.000000000000000000, 0.000000000000000000, 0.000000000000000000 ) ) ;
#974 = EDGE_CURVE ( 'NONE', #7173, #4235, #2072, .T. ) ;
#975 = CYLINDRICAL_SURFACE ( 'NONE', #3876, 8.000000000000000000 ) ;
#976 = EDGE_LOOP ( 'NONE', ( #7634, #3130, #6916, #6578, #4188, #6194, #6816, #6430, #6147, #3423, #5480, #7255, #2259, #3414, #6303, #8386, #8921, #1182, #3741, #5105, #451, #688, #9168, #4630, #1163, #1702, #4796, #6735 ) ) ;
#977 = ADVANCED_FACE ( 'NONE', ( #8132 ), #5353, .F. ) ;
#978 = ORIENTED_EDGE ( 'NONE', *, *, #4638, .F. ) ;
#979 = AXIS2_PLACEMENT_3D ( 'NONE', #499, #6309, #1227 ) ;
#980 = ADVANCED_FACE ( 'NONE', ( #6646 ), #932, .T. ) ;
#981 = ORIENTED_EDGE ( 'NONE', *, *, #2108, .T. ) ;
#982 = CARTESIAN_POINT ( 'NONE',  ( 2.500000000000002220, 21.40449719101200543, -4.500000000000158984 ) ) ;
#983 = DIRECTION ( 'NONE',  ( 0.000000000000000000, 0.000000000000000000, 1.000000000000000000 ) ) ;
#984 = DIRECTION ( 'NONE',  ( 0.000000000000000000, 0.000000000000000000, -1.000000000000000000 ) ) ;
#985 = DIRECTION ( 'NONE',  ( 0.000000000000000000, 0.000000000000000000, 1.000000000000000000 ) ) ;
#986 = CARTESIAN_POINT ( 'NONE',  ( -20.05796506004299573, -14.46722287276003271, 5.500000953674160087 ) ) ;
#987 = SHAPE_DEFINITION_REPRESENTATION ( #6676, #5755 ) ;
#988 = AXIS2_PLACEMENT_3D ( 'NONE', #2694, #351, #5481 ) ;
#989 = EDGE_CURVE ( 'NONE', #8861, #7059, #3299, .T. ) ;
#990 = DIRECTION ( 'NONE',  ( -0.05548714545610360788, -0.9984594016228869329, 0.000000000000000000 ) ) ;
#991 = ORIENTED_EDGE ( 'NONE', *, *, #3070, .F. ) ;
#992 = ORIENTED_EDGE ( 'NONE', *, *, #9336, .T. ) ;
#993 = VECTOR ( 'NONE', #5465, 1000.000000000000000 ) ;
#994 = DIRECTION ( 'NONE',  ( -0.9733566799329479435, -0.2292962573395145309, 0.000000000000000000 ) ) ;
#995 = DIRECTION ( 'NONE',  ( -0.9733566799329020913, 0.2292962573397090698, 0.000000000000000000 ) ) ;
#996 = CARTESIAN_POINT ( 'NONE',  ( 17.28683832264900389, -12.86731210496705557, 22.50000000000000000 ) ) ;
#997 = EDGE_CURVE ( 'NONE', #4288, #6437, #9421, .T. ) ;
#998 = CARTESIAN_POINT ( 'NONE',  ( -12.26893148769987363, -14.15438635628010466, 0.9999999999998441247 ) ) ;
#999 = PLANE ( 'NONE',  #7026 ) ;
#1000 = ADVANCED_FACE ( 'NONE', ( #790 ), #6071, .T. ) ;
#1001 = CARTESIAN_POINT ( 'NONE',  ( 21.39195958580511459, -14.15297018576999832, 22.50000000000000000 ) ) ;
#1002 = AXIS2_PLACEMENT_3D ( 'NONE', #1466, #8809, #1512 ) ;
#1003 = CARTESIAN_POINT ( 'NONE',  ( -12.86731210496699873, -17.28683832264810150, 16.49999856948839749 ) ) ;
#1004 = ORIENTED_EDGE ( 'NONE', *, *, #7248, .T. ) ;
#1005 = VERTEX_POINT ( 'NONE', #270 ) ;
#1006 = CYLINDRICAL_SURFACE ( 'NONE', #937, 1.000000000000000888 ) ;
#1007 = ORIENTED_EDGE ( 'NONE', *, *, #8765, .T. ) ;
#1008 = VECTOR ( 'NONE', #3058, 1000.000000000000000 ) ;
#1009 = CIRCLE ( 'NONE', #8368, 21.55000000000000071 ) ;
#1010 = CIRCLE ( 'NONE', #849, 1.000000000000000888 ) ;
#1011 = ORIENTED_EDGE ( 'NONE', *, *, #6475, .F. ) ;
#1012 = DIRECTION ( 'NONE',  ( -0.4999999999999998890, -0.8660254037844387076, 0.000000000000000000 ) ) ;
#1013 = AXIS2_PLACEMENT_3D ( 'NONE', #7759, #3340, #6221 ) ;
#1014 = EDGE_LOOP ( 'NONE', ( #6093, #5982, #4574, #5397, #6080, #7930, #5043, #8291, #7157, #1681 ) ) ;
#1015 = DIRECTION ( 'NONE',  ( 0.000000000000000000, 0.000000000000000000, -1.000000000000000000 ) ) ;
#1016 = DIRECTION ( 'NONE',  ( 0.9575997404350009568, -0.2881019561176543786, 0.000000000000000000 ) ) ;
#1017 = DIRECTION ( 'NONE',  ( 0.000000000000000000, 0.000000000000000000, -1.000000000000000000 ) ) ;
#1018 = EDGE_LOOP ( 'NONE', ( #6438, #8892, #7974, #8280, #3454, #2639, #7635, #1993 ) ) ;
#1019 = CARTESIAN_POINT ( 'NONE',  ( 0.000000000000000000, 0.000000000000000000, 22.50000000000000000 ) ) ;
#1020 = AXIS2_PLACEMENT_3D ( 'NONE', #1135, #3242, #1086 ) ;
#1021 = EDGE_LOOP ( 'NONE', ( #1104, #8707, #5276, #6612, #2926, #388, #3518, #6313 ) ) ;
#1022 = VERTEX_POINT ( 'NONE', #1707 ) ;
#1023 = CARTESIAN_POINT ( 'NONE',  ( -11.89487497173198705, -14.88000166017711123, -10.99999976158160031 ) ) ;
#1024 = EDGE_LOOP ( 'NONE', ( #3993, #6654, #7829, #5072, #4589, #8696, #8302, #1802, #1118, #64, #6440, #115, #8270, #909, #8517, #5073, #8877, #6862, #1041, #5630, #2153, #9232, #6723, #1942, #4601, #2512, #8352, #4209 ) ) ;
#1025 = DIRECTION ( 'NONE',  ( -0.4999999999999998890, -0.8660254037844387076, 0.000000000000000000 ) ) ;
#1026 = DIRECTION ( 'NONE',  ( 0.2881019561176107469, -0.9575997404350141684, 0.000000000000000000 ) ) ;
#1027 = EDGE_CURVE ( 'NONE', #5161, #15, #7466, .T. ) ;
#1028 = CARTESIAN_POINT ( 'NONE',  ( 14.09889921082331554, -11.27047208607712037, 28.99999856948849697 ) ) ;
#1029 = VERTEX_POINT ( 'NONE', #7417 ) ;
#1030 = VERTEX_POINT ( 'NONE', #3859 ) ;
#1031 = VERTEX_POINT ( 'NONE', #4477 ) ;
#1032 = CARTESIAN_POINT ( 'NONE',  ( 10.71501930150446391, -23.01556480047798914, 10.50000095367419917 ) ) ;
#1033 = FACE_OUTER_BOUND ( 'NONE', #2176, .T. ) ;
#1034 = CARTESIAN_POINT ( 'NONE',  ( 11.89487497173230501, -14.88000166017711123, 0.9999999999998441247 ) ) ;
#1035 = AXIS2_PLACEMENT_3D ( 'NONE', #5804, #805, #4444 ) ;
#1036 = DIRECTION ( 'NONE',  ( 0.2881019561176107469, -0.9575997404350141684, 0.000000000000000000 ) ) ;
#1037 = CARTESIAN_POINT ( 'NONE',  ( 0.000000000000000000, 0.000000000000000000, 22.50000000000000000 ) ) ;
#1038 =( LENGTH_UNIT ( ) NAMED_UNIT ( * ) SI_UNIT ( .MILLI., .METRE. ) );
#1039 = DIRECTION ( 'NONE',  ( -1.000000000000000000, 0.000000000000000000, 0.000000000000000000 ) ) ;
#1040 = CIRCLE ( 'NONE', #7637, 21.55000000000000071 ) ;
#1041 = ORIENTED_EDGE ( 'NONE', *, *, #9166, .T. ) ;
#1042 = EDGE_LOOP ( 'NONE', ( #1201, #5074, #8152, #3954, #8101, #3275, #1792, #5015 ) ) ;
#1043 = AXIS2_PLACEMENT_3D ( 'NONE', #6521, #8145, #9443 ) ;
#1044 = DIRECTION ( 'NONE',  ( 0.000000000000000000, 0.000000000000000000, -1.000000000000000000 ) ) ;
#1045 = DIRECTION ( 'NONE',  ( 0.000000000000000000, 0.000000000000000000, -1.000000000000000000 ) ) ;
#1046 = CARTESIAN_POINT ( 'NONE',  ( 17.93885447847770465, -2.000000000000001776, 0.9999999999998441247 ) ) ;
#1047 = FACE_OUTER_BOUND ( 'NONE', #6299, .T. ) ;
#1048 = EDGE_CURVE ( 'NONE', #363, #2332, #692, .T. ) ;
#1049 = CARTESIAN_POINT ( 'NONE',  ( 20.55796506004270441, 13.60119746897492377, 22.50000000000000000 ) ) ;
#1050 = AXIS2_PLACEMENT_3D ( 'NONE', #4050, #8473, #2666 ) ;
#1051 = VECTOR ( 'NONE', #4945, 1000.000000000000000 ) ;
#1052 = CARTESIAN_POINT ( 'NONE',  ( -17.28683832264799136, 12.86731210496594358, 16.49999856948839749 ) ) ;
#1053 = CYLINDRICAL_SURFACE ( 'NONE', #7400, 1.000000000000001332 ) ;
#1054 = AXIS2_PLACEMENT_3D ( 'NONE', #7127, #1451, #7895 ) ;
#1055 = VERTEX_POINT ( 'NONE', #6793 ) ;
#1056 = ORIENTED_EDGE ( 'NONE', *, *, #3539, .F. ) ;
#1057 = ORIENTED_EDGE ( 'NONE', *, *, #8887, .T. ) ;
#1058 = VECTOR ( 'NONE', #7002, 1000.000000000000000 ) ;
#1059 = EDGE_LOOP ( 'NONE', ( #7199, #7147, #7102, #7463 ) ) ;
#1060 = VECTOR ( 'NONE', #4719, 1000.000000000000114 ) ;
#1061 = VERTEX_POINT ( 'NONE', #982 ) ;
#1062 = FACE_OUTER_BOUND ( 'NONE', #6265, .T. ) ;
#1063 = CARTESIAN_POINT ( 'NONE',  ( 22.05796506004260848, -11.00312125762303950, 10.50000095367419917 ) ) ;
#1064 = DIRECTION ( 'NONE',  ( 0.000000000000000000, 0.000000000000000000, 1.000000000000000000 ) ) ;
#1065 = CIRCLE ( 'NONE', #2277, 1.000000000000000888 ) ;
#1066 = DIRECTION ( 'NONE',  ( 0.000000000000000000, 0.000000000000000000, 1.000000000000000000 ) ) ;
#1067 = EDGE_LOOP ( 'NONE', ( #8292, #4991 ) ) ;
#1068 = CARTESIAN_POINT ( 'NONE',  ( -19.78683832264900744, -8.537185086044951632, -4.500000000000158984 ) ) ;
#1069 = VERTEX_POINT ( 'NONE', #3907 ) ;
#1070 = ADVANCED_FACE ( 'NONE', ( #8178 ), #7517, .F. ) ;
#1071 = VECTOR ( 'NONE', #2722, 1000.000000000000000 ) ;
#1072 = ORIENTED_EDGE ( 'NONE', *, *, #8561, .F. ) ;
#1073 = CARTESIAN_POINT ( 'NONE',  ( 10.71501930150446391, -23.01556480047798914, 5.500000953674160087 ) ) ;
#1074 = EDGE_LOOP ( 'NONE', ( #6260, #3322, #8306, #8076 ) ) ;
#1075 = CARTESIAN_POINT ( 'NONE',  ( -11.00312125762199855, 22.05796506004198321, 5.500000953674160087 ) ) ;
#1076 = EDGE_CURVE ( 'NONE', #9263, #3592, #5286, .T. ) ;
#1077 = CARTESIAN_POINT ( 'NONE',  ( 17.93885447847770465, 2.000000000000001776, 28.99999856948849697 ) ) ;
#1078 = EDGE_CURVE ( 'NONE', #3373, #3174, #4830, .T. ) ;
#1079 = DIRECTION ( 'NONE',  ( 0.000000000000000000, 0.000000000000000000, 1.000000000000000000 ) ) ;
#1080 = ORIENTED_EDGE ( 'NONE', *, *, #2361, .T. ) ;
#1081 = VERTEX_POINT ( 'NONE', #504 ) ;
#1082 = ADVANCED_FACE ( 'NONE', ( #7668 ), #4775, .T. ) ;
#1083 = ORIENTED_EDGE ( 'NONE', *, *, #686, .T. ) ;
#1084 = CARTESIAN_POINT ( 'NONE',  ( -22.05796506004299573, 11.00312125762192750, 22.50000000000000000 ) ) ;
#1085 = DIRECTION ( 'NONE',  ( -0.7283034830954149275, 0.6852547238152297826, 0.000000000000000000 ) ) ;
#1086 = DIRECTION ( 'NONE',  ( 1.000000000000000000, 0.000000000000000000, 0.000000000000000000 ) ) ;
#1087 = PLANE ( 'NONE',  #5742 ) ;
#1088 = EDGE_CURVE ( 'NONE', #1268, #1030, #9234, .T. ) ;
#1089 = DIRECTION ( 'NONE',  ( 0.7283034830953664107, -0.6852547238152811859, 0.000000000000000000 ) ) ;
#1090 = ORIENTED_EDGE ( 'NONE', *, *, #1027, .T. ) ;
#1091 = ORIENTED_EDGE ( 'NONE', *, *, #2647, .F. ) ;
#1092 = DIRECTION ( 'NONE',  ( 0.7283034830954154826, 0.6852547238152291165, 0.000000000000000000 ) ) ;
#1093 = PLANE ( 'NONE',  #5136 ) ;
#1094 = CARTESIAN_POINT ( 'NONE',  ( 8.537185086044910776, -19.78683832264904652, 12.50000095367419917 ) ) ;
#1095 = CARTESIAN_POINT ( 'NONE',  ( 14.46722287275981067, 20.05796506004198321, 12.50000095367419917 ) ) ;
#1096 = CIRCLE ( 'NONE', #7230, 1.000000000000000222 ) ;
#1097 = FACE_OUTER_BOUND ( 'NONE', #2969, .T. ) ;
#1098 = DIRECTION ( 'NONE',  ( 0.000000000000000000, 0.000000000000000000, 1.000000000000000000 ) ) ;
#1099 = CARTESIAN_POINT ( 'NONE',  ( -10.13709585383799983, -22.55796506004303836, 10.50000095367419917 ) ) ;
#1100 = ORIENTED_EDGE ( 'NONE', *, *, #6362, .T. ) ;
#1101 = EDGE_LOOP ( 'NONE', ( #2597, #9049, #1213, #4892 ) ) ;
#1102 = EDGE_CURVE ( 'NONE', #1938, #7382, #8965, .T. ) ;
#1103 = AXIS2_PLACEMENT_3D ( 'NONE', #7299, #2160, #5039 ) ;
#1104 = ORIENTED_EDGE ( 'NONE', *, *, #374, .F. ) ;
#1105 = EDGE_CURVE ( 'NONE', #8881, #7275, #7186, .T. ) ;
#1106 = VECTOR ( 'NONE', #2579, 1000.000000000000000 ) ;
#1107 = ORIENTED_EDGE ( 'NONE', *, *, #2227, .F. ) ;
#1108 = DIRECTION ( 'NONE',  ( 0.000000000000000000, 0.000000000000000000, -1.000000000000000000 ) ) ;
#1109 = LINE ( 'NONE', #7498, #7313 ) ;
#1110 = CARTESIAN_POINT ( 'NONE',  ( 14.15297018576949739, 21.39195958580497603, 10.50000095367419917 ) ) ;
#1111 = CARTESIAN_POINT ( 'NONE',  ( -22.05796506004299573, -11.00312125762203941, 12.50000095367419917 ) ) ;
#1112 = VERTEX_POINT ( 'NONE', #4148 ) ;
#1113 = DIRECTION ( 'NONE',  ( -1.000000000000000000, 0.000000000000000000, 0.000000000000000000 ) ) ;
#1114 = CIRCLE ( 'NONE', #4320, 0.9999999999999994449 ) ;
#1115 = EDGE_CURVE ( 'NONE', #1217, #6380, #3288, .T. ) ;
#1116 = ORIENTED_EDGE ( 'NONE', *, *, #7184, .T. ) ;
#1117 = VECTOR ( 'NONE', #5892, 1000.000000000000000 ) ;
#1118 = ORIENTED_EDGE ( 'NONE', *, *, #468, .F. ) ;
#1119 = DIRECTION ( 'NONE',  ( 6.123233995736769734E-17, 1.000000000000000000, 0.000000000000000000 ) ) ;
#1120 = ORIENTED_EDGE ( 'NONE', *, *, #7075, .T. ) ;
#1121 = DIRECTION ( 'NONE',  ( 0.000000000000000000, 0.000000000000000000, -1.000000000000000000 ) ) ;
#1122 = EDGE_CURVE ( 'NONE', #7788, #194, #1211, .T. ) ;
#1123 = AXIS2_PLACEMENT_3D ( 'NONE', #9369, #5004, #5451 ) ;
#1124 = LINE ( 'NONE', #7746, #4523 ) ;
#1125 = EDGE_CURVE ( 'NONE', #5210, #521, #8099, .T. ) ;
#1126 = AXIS2_PLACEMENT_3D ( 'NONE', #3902, #264, #5344 ) ;
#1127 = FACE_OUTER_BOUND ( 'NONE', #5431, .T. ) ;
#1128 = ORIENTED_EDGE ( 'NONE', *, *, #2361, .F. ) ;
#1129 = CARTESIAN_POINT ( 'NONE',  ( -7.778600389871992427, -7.377728374959979796, 22.50000000000000000 ) ) ;
#1130 = VECTOR ( 'NONE', #5159, 1000.000000000000000 ) ;
#1131 = EDGE_CURVE ( 'NONE', #721, #5662, #8429, .T. ) ;
#1132 = ORIENTED_EDGE ( 'NONE', *, *, #1105, .T. ) ;
#1133 = LINE ( 'NONE', #5589, #595 ) ;
#1134 = DIRECTION ( 'NONE',  ( 1.000000000000000000, -6.123233995736769734E-17, 0.000000000000000000 ) ) ;
#1135 = CARTESIAN_POINT ( 'NONE',  ( 0.000000000000000000, 0.000000000000000000, 5.500000953674160087 ) ) ;
#1136 = CARTESIAN_POINT ( 'NONE',  ( 0.000000000000000000, 0.000000000000000000, 0.9999999999998441247 ) ) ;
#1137 = AXIS2_PLACEMENT_3D ( 'NONE', #1467, #1421, #2288 ) ;
#1138 = LINE ( 'NONE', #7219, #6165 ) ;
#1139 = EDGE_CURVE ( 'NONE', #3382, #4420, #7613, .T. ) ;
#1140 = AXIS2_PLACEMENT_3D ( 'NONE', #7548, #6877, #3746 ) ;
#1141 = ORIENTED_EDGE ( 'NONE', *, *, #2180, .F. ) ;
#1142 = CARTESIAN_POINT ( 'NONE',  ( -13.39179242963699146, -11.97757886726402710, 0.9999999999998441247 ) ) ;
#1143 = EDGE_CURVE ( 'NONE', #8777, #4135, #1133, .T. ) ;
#1144 = CARTESIAN_POINT ( 'NONE',  ( 10.13709585383761080, 22.55796506004192992, 10.50000095367419917 ) ) ;
#1145 = DIRECTION ( 'NONE',  ( 0.000000000000000000, 0.000000000000000000, -1.000000000000000000 ) ) ;
#1146 = DIRECTION ( 'NONE',  ( -1.000000000000000000, 1.836970198721029688E-16, 0.000000000000000000 ) ) ;
#1147 = VECTOR ( 'NONE', #2132, 1000.000000000000000 ) ;
#1148 = DIRECTION ( 'NONE',  ( 0.000000000000000000, 0.000000000000000000, 1.000000000000000000 ) ) ;
#1149 = DIRECTION ( 'NONE',  ( 0.8660254037844387076, 0.4999999999999998890, 0.000000000000000000 ) ) ;
#1150 = PLANE ( 'NONE',  #2033 ) ;
#1151 = EDGE_LOOP ( 'NONE', ( #1352, #5372, #7319, #8550 ) ) ;
#1152 = VERTEX_POINT ( 'NONE', #5446 ) ;
#1153 = AXIS2_PLACEMENT_3D ( 'NONE', #1934, #1226, #9268 ) ;
#1154 = ORIENTED_EDGE ( 'NONE', *, *, #7049, .F. ) ;
#1155 = EDGE_LOOP ( 'NONE', ( #3167, #4315, #3682, #2182 ) ) ;
#1156 = CARTESIAN_POINT ( 'NONE',  ( -2.499999999999988454, -24.60431872659807340, 10.50000095367419917 ) ) ;
#1157 = DIRECTION ( 'NONE',  ( 0.2881019561176164645, 0.9575997404350123920, 0.000000000000000000 ) ) ;
#1158 = DIRECTION ( 'NONE',  ( -1.000000000000000000, 0.000000000000000000, 0.000000000000000000 ) ) ;
#1159 = AXIS2_PLACEMENT_3D ( 'NONE', #8236, #8330, #4481 ) ;
#1160 = AXIS2_PLACEMENT_3D ( 'NONE', #2373, #5299, #3385 ) ;
#1161 = CARTESIAN_POINT ( 'NONE',  ( 20.78726131738237370, -14.57455414890894474, 22.50000000000000000 ) ) ;
#1162 = EDGE_CURVE ( 'NONE', #2105, #2827, #4871, .T. ) ;
#1163 = ORIENTED_EDGE ( 'NONE', *, *, #8915, .T. ) ;
#1164 = FACE_BOUND ( 'NONE', #7101, .T. ) ;
#1165 = ORIENTED_EDGE ( 'NONE', *, *, #4279, .T. ) ;
#1166 = AXIS2_PLACEMENT_3D ( 'NONE', #2808, #7897, #1321 ) ;
#1167 = AXIS2_PLACEMENT_3D ( 'NONE', #3027, #109, #1735 ) ;
#1168 = EDGE_LOOP ( 'NONE', ( #8111, #5055, #5797, #5712 ) ) ;
#1169 = FACE_OUTER_BOUND ( 'NONE', #6567, .T. ) ;
#1170 = VERTEX_POINT ( 'NONE', #1232 ) ;
#1171 = DIRECTION ( 'NONE',  ( 1.000000000000000000, 0.000000000000000000, 0.000000000000000000 ) ) ;
#1172 = DIRECTION ( 'NONE',  ( 0.000000000000000000, 0.000000000000000000, -1.000000000000000000 ) ) ;
#1173 = ADVANCED_FACE ( 'NONE', ( #8472 ), #1183, .T. ) ;
#1174 = CIRCLE ( 'NONE', #5758, 1.000000000000000666 ) ;
#1175 = AXIS2_PLACEMENT_3D ( 'NONE', #3963, #6174, #2715 ) ;
#1176 = DIRECTION ( 'NONE',  ( 0.000000000000000000, 0.000000000000000000, -1.000000000000000000 ) ) ;
#1177 = ORIENTED_EDGE ( 'NONE', *, *, #2137, .T. ) ;
#1178 = DIRECTION ( 'NONE',  ( -0.2881019561176164645, 0.9575997404350123920, 0.000000000000000000 ) ) ;
#1179 = EDGE_CURVE ( 'NONE', #3996, #3087, #6272, .T. ) ;
#1180 = EDGE_CURVE ( 'NONE', #4611, #6813, #9195, .T. ) ;
#1181 = AXIS2_PLACEMENT_3D ( 'NONE', #6630, #2353, #8070 ) ;
#1182 = ORIENTED_EDGE ( 'NONE', *, *, #4171, .F. ) ;
#1183 = CYLINDRICAL_SURFACE ( 'NONE', #5035, 0.9999999999999998890 ) ;
#1184 = CYLINDRICAL_SURFACE ( 'NONE', #8256, 1.000000000000000444 ) ;
#1185 = CYLINDRICAL_SURFACE ( 'NONE', #697, 19.05000000000000071 ) ;
#1186 = DIRECTION ( 'NONE',  ( -0.7071067811865480168, -0.7071067811865470176, 0.000000000000000000 ) ) ;
#1187 = CIRCLE ( 'NONE', #4853, 1.000000000000000222 ) ;
#1188 = AXIS2_PLACEMENT_3D ( 'NONE', #5047, #6588, #3742 ) ;
#1189 = CYLINDRICAL_SURFACE ( 'NONE', #2329, 1.000000000000000222 ) ;
#1190 = VERTEX_POINT ( 'NONE', #5546 ) ;
#1191 = EDGE_CURVE ( 'NONE', #1335, #7112, #9321, .T. ) ;
#1192 = VECTOR ( 'NONE', #9156, 1000.000000000000000 ) ;
#1193 = DIRECTION ( 'NONE',  ( 0.000000000000000000, 0.000000000000000000, 1.000000000000000000 ) ) ;
#1194 = DIRECTION ( 'NONE',  ( -6.123233995736769734E-17, -1.000000000000000000, 0.000000000000000000 ) ) ;
#1195 = CARTESIAN_POINT ( 'NONE',  ( 20.78726131738230620, 14.57455414890785050, -4.500000000000158984 ) ) ;
#1196 = CARTESIAN_POINT ( 'NONE',  ( 2.500000000000002220, -24.60431872659807340, 10.50000095367419917 ) ) ;
#1197 = DIRECTION ( 'NONE',  ( 0.6852547238153542386, -0.7283034830952977989, 0.000000000000000000 ) ) ;
#1198 = EDGE_CURVE ( 'NONE', #2730, #3868, #5401, .T. ) ;
#1199 = CARTESIAN_POINT ( 'NONE',  ( -1.384543285148989611, 2.798756847521954860, 28.99999856948849697 ) ) ;
#1200 = VECTOR ( 'NONE', #3873, 1000.000000000000000 ) ;
#1201 = ORIENTED_EDGE ( 'NONE', *, *, #7357, .T. ) ;
#1202 = EDGE_LOOP ( 'NONE', ( #3355, #3841, #3149, #2918 ) ) ;
#1203 = VERTEX_POINT ( 'NONE', #4101 ) ;
#1204 = VECTOR ( 'NONE', #1836, 1000.000000000000000 ) ;
#1205 = EDGE_LOOP ( 'NONE', ( #8739, #8261, #1966, #3066, #5724, #8832, #3892, #7423 ) ) ;
#1206 = VECTOR ( 'NONE', #9223, 1000.000000000000000 ) ;
#1207 = LINE ( 'NONE', #6333, #4722 ) ;
#1208 = EDGE_CURVE ( 'NONE', #4599, #8546, #1751, .T. ) ;
#1209 = CYLINDRICAL_SURFACE ( 'NONE', #2866, 1.000000000000000666 ) ;
#1210 = DIRECTION ( 'NONE',  ( 1.000000000000000000, 0.000000000000000000, 0.000000000000000000 ) ) ;
#1211 = CIRCLE ( 'NONE', #6112, 1.000000000000000222 ) ;
#1212 = DIRECTION ( 'NONE',  ( -0.000000000000000000, -0.000000000000000000, -1.000000000000000000 ) ) ;
#1213 = ORIENTED_EDGE ( 'NONE', *, *, #1420, .T. ) ;
#1214 = AXIS2_PLACEMENT_3D ( 'NONE', #8180, #2479, #7563 ) ;
#1215 = LINE ( 'NONE', #8411, #8035 ) ;
#1216 = VECTOR ( 'NONE', #4754, 1000.000000000000000 ) ;
#1217 = VERTEX_POINT ( 'NONE', #6897 ) ;
#1218 = EDGE_LOOP ( 'NONE', ( #2949, #4703, #7944, #5172, #7890, #1314, #8812, #8494 ) ) ;
#1219 = DIRECTION ( 'NONE',  ( 0.000000000000000000, 0.000000000000000000, -1.000000000000000000 ) ) ;
#1220 = VERTEX_POINT ( 'NONE', #2526 ) ;
#1222 = VECTOR ( 'NONE', #3971, 1000.000000000000000 ) ;
#1221 = PLANE ( 'NONE',  #563 ) ;
#1223 = LINE ( 'NONE', #9314, #3617 ) ;
#1224 = VECTOR ( 'NONE', #7202, 1000.000000000000000 ) ;
#1225 = CIRCLE ( 'NONE', #4270, 1.000000000000000666 ) ;
#1226 = DIRECTION ( 'NONE',  ( 0.000000000000000000, 0.000000000000000000, -1.000000000000000000 ) ) ;
#1227 = DIRECTION ( 'NONE',  ( -0.7452527504476756937, 0.6667820768063390524, 0.000000000000000000 ) ) ;
#1228 = ORIENTED_EDGE ( 'NONE', *, *, #1776, .T. ) ;
#1229 = SURFACE_SIDE_STYLE ('',( #4046 ) ) ;
#1230 = VERTEX_POINT ( 'NONE', #4238 ) ;
#1231 = VERTEX_POINT ( 'NONE', #8752 ) ;
#1232 = CARTESIAN_POINT ( 'NONE',  ( -14.46722287275999186, -20.05796506004298152, -4.500000000000158984 ) ) ;
#1233 = CARTESIAN_POINT ( 'NONE',  ( 1.000000000000000888, -9.361657171677029154, 28.99999856948849697 ) ) ;
#1234 = CARTESIAN_POINT ( 'NONE',  ( -11.44949534515299305, -22.95281151278305742, 5.500000953674160087 ) ) ;
#1235 = LINE ( 'NONE', #5450, #8674 ) ;
#1236 = ORIENTED_EDGE ( 'NONE', *, *, #8203, .F. ) ;
#1237 = DIRECTION ( 'NONE',  ( 0.000000000000000000, 0.000000000000000000, -1.000000000000000000 ) ) ;
#1238 = CARTESIAN_POINT ( 'NONE',  ( -24.60431872659797747, 1.499999999999945821, 5.500000953674160087 ) ) ;
#1239 = DIRECTION ( 'NONE',  ( 1.000000000000000000, 0.000000000000000000, 0.000000000000000000 ) ) ;
#1240 = CARTESIAN_POINT ( 'NONE',  ( 1.333217923193680265, 18.68410722892456377, 28.99999856948849697 ) ) ;
#1241 = FACE_OUTER_BOUND ( 'NONE', #3724, .T. ) ;
#1242 = CARTESIAN_POINT ( 'NONE',  ( -14.57455414890890744, 20.78726131738163474, 12.50000095367419917 ) ) ;
#1243 = EDGE_CURVE ( 'NONE', #615, #2753, #5952, .T. ) ;
#1244 = ORIENTED_EDGE ( 'NONE', *, *, #4229, .T. ) ;
#1245 = ORIENTED_EDGE ( 'NONE', *, *, #3877, .T. ) ;
#1246 = ORIENTED_EDGE ( 'NONE', *, *, #9451, .F. ) ;
#1247 = EDGE_CURVE ( 'NONE', #6179, #8973, #6550, .T. ) ;
#1248 = CIRCLE ( 'NONE', #6456, 1.000000000000000666 ) ;
#1249 = EDGE_CURVE ( 'NONE', #2729, #1588, #290, .T. ) ;
#1250 = ORIENTED_EDGE ( 'NONE', *, *, #8395, .F. ) ;
#1251 = DIRECTION ( 'NONE',  ( 0.000000000000000000, 0.000000000000000000, 1.000000000000000000 ) ) ;
#1252 = CARTESIAN_POINT ( 'NONE',  ( -5.916079783099991829, 1.000000000000000888, 3.999999999999840572 ) ) ;
#1253 = FACE_OUTER_BOUND ( 'NONE', #3234, .T. ) ;
#1254 = DIRECTION ( 'NONE',  ( 1.000000000000000000, 0.000000000000000000, 0.000000000000000000 ) ) ;
#1255 = AXIS2_PLACEMENT_3D ( 'NONE', #4759, #3411, #9260 ) ;
#1256 = ORIENTED_EDGE ( 'NONE', *, *, #8284, .F. ) ;
#1257 = CARTESIAN_POINT ( 'NONE',  ( -11.27047208607698181, 14.09889921082296738, -10.99999976158160031 ) ) ;
#1258 = EDGE_CURVE ( 'NONE', #5141, #2253, #738, .T. ) ;
#1259 = ORIENTED_EDGE ( 'NONE', *, *, #1537, .T. ) ;
#1260 = ORIENTED_EDGE ( 'NONE', *, *, #8797, .T. ) ;
#1261 = CARTESIAN_POINT ( 'NONE',  ( -12.86731210496699873, 17.28683832264799136, 16.49999856948839749 ) ) ;
#1262 = ORIENTED_EDGE ( 'NONE', *, *, #4672, .T. ) ;
#1263 = EDGE_CURVE ( 'NONE', #1725, #8983, #1825, .T. ) ;
#1264 = FACE_OUTER_BOUND ( 'NONE', #1155, .T. ) ;
#1265 = CARTESIAN_POINT ( 'NONE',  ( -8.760516488598005580, -10.17365965879601930, 22.50000000000000000 ) ) ;
#1266 = PLANE ( 'NONE',  #6508 ) ;
#1267 = DIRECTION ( 'NONE',  ( 0.000000000000000000, 0.000000000000000000, -1.000000000000000000 ) ) ;
#1268 = VERTEX_POINT ( 'NONE', #7851 ) ;
#1269 =( LENGTH_UNIT ( ) NAMED_UNIT ( * ) SI_UNIT ( .MILLI., .METRE. ) );
#1270 = ORIENTED_EDGE ( 'NONE', *, *, #5869, .T. ) ;
#1271 = ORIENTED_EDGE ( 'NONE', *, *, #6714, .T. ) ;
#1272 = CARTESIAN_POINT ( 'NONE',  ( -24.60431872659797747, -1.500000000000056843, 22.50000000000000000 ) ) ;
#1273 = DIRECTION ( 'NONE',  ( 0.8690206635529201806, -0.4947757939896031965, 0.000000000000000000 ) ) ;
#1274 = CARTESIAN_POINT ( 'NONE',  ( -20.78726131738259753, 14.57455414890785050, 10.50000095367419917 ) ) ;
#1275 = DIRECTION ( 'NONE',  ( -0.4999999999999998890, 0.8660254037844387076, 0.000000000000000000 ) ) ;
#1276 = AXIS2_PLACEMENT_3D ( 'NONE', #2881, #6577, #4938 ) ;
#1277 = ORIENTED_EDGE ( 'NONE', *, *, #4125, .F. ) ;
#1278 = EDGE_CURVE ( 'NONE', #3166, #2871, #1368, .T. ) ;
#1279 = CARTESIAN_POINT ( 'NONE',  ( -12.26893148769987363, 14.15438635627899444, 28.99999856948849697 ) ) ;
#1280 = CARTESIAN_POINT ( 'NONE',  ( 11.00312125762210869, -22.05796506004298152, 5.500000953674160087 ) ) ;
#1281 = LINE ( 'NONE', #6558, #6076 ) ;
#1282 = LINE ( 'NONE', #3485, #6713 ) ;
#1283 = FACE_OUTER_BOUND ( 'NONE', #9261, .T. ) ;
#1284 = EDGE_CURVE ( 'NONE', #779, #8638, #9180, .T. ) ;
#1285 = FACE_OUTER_BOUND ( 'NONE', #4686, .T. ) ;
#1286 = ORIENTED_EDGE ( 'NONE', *, *, #1122, .F. ) ;
#1287 = ORIENTED_EDGE ( 'NONE', *, *, #8189, .F. ) ;
#1288 = ORIENTED_EDGE ( 'NONE', *, *, #4779, .F. ) ;
#1289 = ADVANCED_FACE ( 'NONE', ( #549 ), #5725, .T. ) ;
#1290 = AXIS2_PLACEMENT_3D ( 'NONE', #3330, #4815, #1988 ) ;
#1291 = VECTOR ( 'NONE', #9230, 1000.000000000000000 ) ;
#1292 = EDGE_CURVE ( 'NONE', #241, #2396, #2133, .T. ) ;
#1293 = ORIENTED_EDGE ( 'NONE', *, *, #5382, .T. ) ;
#1294 = LINE ( 'NONE', #9398, #9324 ) ;
#1295 = DIRECTION ( 'NONE',  ( 0.000000000000000000, 0.000000000000000000, -1.000000000000000000 ) ) ;
#1296 = CARTESIAN_POINT ( 'NONE',  ( -11.27047208607698181, -14.09889921082407938, 0.9999999999998441247 ) ) ;
#1297 = EDGE_LOOP ( 'NONE', ( #4738, #8594, #8479, #1072 ) ) ;
#1298 = LINE ( 'NONE', #4405, #2935 ) ;
#1299 = ORIENTED_EDGE ( 'NONE', *, *, #3314, .T. ) ;
#1300 = EDGE_CURVE ( 'NONE', #4206, #3786, #5182, .T. ) ;
#1301 = VECTOR ( 'NONE', #5859, 1000.000000000000000 ) ;
#1302 = VERTEX_POINT ( 'NONE', #4957 ) ;
#1303 = FACE_OUTER_BOUND ( 'NONE', #7779, .T. ) ;
#1304 = ORIENTED_EDGE ( 'NONE', *, *, #8627, .F. ) ;
#1305 = CARTESIAN_POINT ( 'NONE',  ( 14.15438635627939234, 12.26893148769978659, 28.99999856948849697 ) ) ;
#1306 = CARTESIAN_POINT ( 'NONE',  ( 18.68410722892538089, -1.333217923193662724, -10.99999976158160031 ) ) ;
#1307 = DIRECTION ( 'NONE',  ( 0.000000000000000000, 0.000000000000000000, -1.000000000000000000 ) ) ;
#1308 = CARTESIAN_POINT ( 'NONE',  ( 17.93885447847770465, -2.000000000000001776, 28.99999856948849697 ) ) ;
#1309 = DIRECTION ( 'NONE',  ( 0.000000000000000000, 0.000000000000000000, 1.000000000000000000 ) ) ;
#1310 = AXIS2_PLACEMENT_3D ( 'NONE', #4389, #3722, #80 ) ;
#1311 = ORIENTED_EDGE ( 'NONE', *, *, #8509, .T. ) ;
#1312 = LINE ( 'NONE', #4912, #1291 ) ;
#1313 = ORIENTED_EDGE ( 'NONE', *, *, #6953, .F. ) ;
#1314 = ORIENTED_EDGE ( 'NONE', *, *, #9172, .T. ) ;
#1315 = AXIS2_PLACEMENT_3D ( 'NONE', #4832, #7767, #4783 ) ;
#1316 = DIRECTION ( 'NONE',  ( 0.000000000000000000, 0.000000000000000000, 1.000000000000000000 ) ) ;
#1317 = CIRCLE ( 'NONE', #3305, 21.55000000000000071 ) ;
#1318 = DIRECTION ( 'NONE',  ( 0.000000000000000000, 0.000000000000000000, 1.000000000000000000 ) ) ;
#1319 = CIRCLE ( 'NONE', #6681, 21.55000000000000071 ) ;
#1320 = ADVANCED_FACE ( 'NONE', ( #5100 ), #4328, .T. ) ;
#1321 = DIRECTION ( 'NONE',  ( 1.000000000000000000, 0.000000000000000000, 0.000000000000000000 ) ) ;
#1322 = LINE ( 'NONE', #3257, #6950 ) ;
#1323 = VECTOR ( 'NONE', #6650, 1000.000000000000000 ) ;
#1324 = AXIS2_PLACEMENT_3D ( 'NONE', #630, #5716, #3602 ) ;
#1325 = CIRCLE ( 'NONE', #5463, 1.000000000000000888 ) ;
#1326 = ORIENTED_EDGE ( 'NONE', *, *, #4745, .T. ) ;
#1327 = CARTESIAN_POINT ( 'NONE',  ( 14.57455414890835677, -20.78726131738255845, 5.500000953674160087 ) ) ;
#1328 = CARTESIAN_POINT ( 'NONE',  ( 7.377728374959410473, -7.778600389872103449, 12.50000095367419917 ) ) ;
#1329 = CARTESIAN_POINT ( 'NONE',  ( -8.097979530733990572, 6.683765968359955956, -10.99999976158160031 ) ) ;
#1330 = DIRECTION ( 'NONE',  ( -0.7452527504477930442, -0.6667820768062077130, 0.000000000000000000 ) ) ;
#1331 = AXIS2_PLACEMENT_3D ( 'NONE', #4182, #2792, #1752 ) ;
#1332 = DIRECTION ( 'NONE',  ( 0.000000000000000000, 0.000000000000000000, 1.000000000000000000 ) ) ;
#1333 = CARTESIAN_POINT ( 'NONE',  ( 22.95281151278270926, 11.44949534515204981, 5.500000953674160087 ) ) ;
#1334 = ORIENTED_EDGE ( 'NONE', *, *, #6651, .T. ) ;
#1335 = VERTEX_POINT ( 'NONE', #4375 ) ;
#1336 = VECTOR ( 'NONE', #1917, 1000.000000000000000 ) ;
#1337 = ORIENTED_EDGE ( 'NONE', *, *, #4970, .F. ) ;
#1338 = EDGE_CURVE ( 'NONE', #779, #1912, #3523, .T. ) ;
#1339 = DIRECTION ( 'NONE',  ( 0.000000000000000000, 0.000000000000000000, 1.000000000000000000 ) ) ;
#1340 = VERTEX_POINT ( 'NONE', #2713 ) ;
#1341 = DIRECTION ( 'NONE',  ( 1.000000000000000000, 0.000000000000000000, 0.000000000000000000 ) ) ;
#1342 = CARTESIAN_POINT ( 'NONE',  ( -2.228303483095367632, -25.28957345041335358, 22.50000000000000000 ) ) ;
#1343 = CIRCLE ( 'NONE', #6402, 1.000000000000000000 ) ;
#1344 = PLANE ( 'NONE',  #7103 ) ;
#1345 = ORIENTED_EDGE ( 'NONE', *, *, #9094, .T. ) ;
#1346 = CARTESIAN_POINT ( 'NONE',  ( 13.60119746897540871, 20.55796506004192636, 5.500000953674160087 ) ) ;
#1347 = AXIS2_PLACEMENT_3D ( 'NONE', #5068, #9431, #747 ) ;
#1348 = EDGE_LOOP ( 'NONE', ( #8079, #7284, #5143, #1432 ) ) ;
#1349 = AXIS2_PLACEMENT_3D ( 'NONE', #8530, #1956, #6286 ) ;
#1350 = VERTEX_POINT ( 'NONE', #1995 ) ;
#1351 = DIRECTION ( 'NONE',  ( -1.000000000000000000, 0.000000000000000000, 0.000000000000000000 ) ) ;
#1352 = ORIENTED_EDGE ( 'NONE', *, *, #7340, .T. ) ;
#1353 = FACE_OUTER_BOUND ( 'NONE', #6716, .T. ) ;
#1354 = DIRECTION ( 'NONE',  ( -1.000000000000000000, 0.000000000000000000, 0.000000000000000000 ) ) ;
#1355 = DIRECTION ( 'NONE',  ( 0.000000000000000000, 0.000000000000000000, -1.000000000000000000 ) ) ;
#1356 = VECTOR ( 'NONE', #7351, 1000.000000000000000 ) ;
#1357 = CARTESIAN_POINT ( 'NONE',  ( -11.44949534515299305, -22.95281151278305742, 22.50000000000000000 ) ) ;
#1358 = CARTESIAN_POINT ( 'NONE',  ( 0.000000000000000000, 0.000000000000000000, 0.9999999999998441247 ) ) ;
#1359 = DIRECTION ( 'NONE',  ( -0.8660254037844387076, -0.4999999999999998890, 0.000000000000000000 ) ) ;
#1360 = EDGE_CURVE ( 'NONE', #1812, #7145, #5501, .T. ) ;
#1361 = CIRCLE ( 'NONE', #7802, 0.9999999999999994449 ) ;
#1362 = CARTESIAN_POINT ( 'NONE',  ( -13.39179242963699146, 11.97757886726391519, 28.99999856948849697 ) ) ;
#1363 = CIRCLE ( 'NONE', #6728, 19.05000000000000071 ) ;
#1364 = EDGE_LOOP ( 'NONE', ( #5545, #6826, #7379, #5319, #1533, #1773, #6931, #6655 ) ) ;
#1365 = ORIENTED_EDGE ( 'NONE', *, *, #8735, .T. ) ;
#1366 = EDGE_CURVE ( 'NONE', #5618, #2730, #1361, .T. ) ;
#1367 = CIRCLE ( 'NONE', #7347, 0.9999999999999994449 ) ;
#1368 = LINE ( 'NONE', #7269, #1501 ) ;
#1369 = EDGE_CURVE ( 'NONE', #3307, #7846, #3650, .T. ) ;
#1370 = CARTESIAN_POINT ( 'NONE',  ( -1.999999999999988010, -17.93885447847809544, -10.99999976158160031 ) ) ;
#1371 = DIRECTION ( 'NONE',  ( 0.000000000000000000, 0.000000000000000000, 1.000000000000000000 ) ) ;
#1372 = ADVANCED_FACE ( 'NONE', ( #7949 ), #8611, .T. ) ;
#1373 = CARTESIAN_POINT ( 'NONE',  ( -14.15438635627909925, 12.26893148769978481, 28.99999856948849697 ) ) ;
#1374 = ORIENTED_EDGE ( 'NONE', *, *, #1589, .T. ) ;
#1375 = ADVANCED_FACE ( 'NONE', ( #641 ), #5780, .F. ) ;
#1376 = DIRECTION ( 'NONE',  ( 1.000000000000000000, 0.000000000000000000, 0.000000000000000000 ) ) ;
#1377 = PLANE ( 'NONE',  #6235 ) ;
#1378 = CARTESIAN_POINT ( 'NONE',  ( 6.683765968360607879, 8.097979530733990572, -10.99999976158160031 ) ) ;
#1379 = DIRECTION ( 'NONE',  ( -6.123233995736769734E-17, -1.000000000000000000, 0.000000000000000000 ) ) ;
#1380 = DIRECTION ( 'NONE',  ( -0.9575997404349719799, 0.2881019561177511346, 0.000000000000000000 ) ) ;
#1381 = EDGE_CURVE ( 'NONE', #5900, #6343, #3498, .T. ) ;
#1382 = LINE ( 'NONE', #5113, #6967 ) ;
#1383 = ORIENTED_EDGE ( 'NONE', *, *, #6015, .T. ) ;
#1384 = VERTEX_POINT ( 'NONE', #3852 ) ;
#1385 = ORIENTED_EDGE ( 'NONE', *, *, #6686, .F. ) ;
#1386 = CARTESIAN_POINT ( 'NONE',  ( -14.09889921082299580, -11.27047208607712037, 0.9999999999998441247 ) ) ;
#1387 = FACE_OUTER_BOUND ( 'NONE', #3799, .T. ) ;
#1388 = DIRECTION ( 'NONE',  ( 0.000000000000000000, 0.000000000000000000, 1.000000000000000000 ) ) ;
#1389 = DIRECTION ( 'NONE',  ( 0.000000000000000000, 0.000000000000000000, 1.000000000000000000 ) ) ;
#1390 = EDGE_CURVE ( 'NONE', #1649, #2053, #8894, .T. ) ;
#1391 = ORIENTED_EDGE ( 'NONE', *, *, #308, .F. ) ;
#1392 = DIRECTION ( 'NONE',  ( 1.000000000000000000, 0.000000000000000000, 0.000000000000000000 ) ) ;
#1393 = VERTEX_POINT ( 'NONE', #8127 ) ;
#1394 = ORIENTED_EDGE ( 'NONE', *, *, #604, .F. ) ;
#1395 = DIRECTION ( 'NONE',  ( 0.8660254037844387076, -0.4999999999999998890, 0.000000000000000000 ) ) ;
#1396 = ORIENTED_EDGE ( 'NONE', *, *, #8085, .T. ) ;
#1397 = CARTESIAN_POINT ( 'NONE',  ( 20.78726131738230620, 14.57455414890785050, 10.50000095367419917 ) ) ;
#1398 = CARTESIAN_POINT ( 'NONE',  ( -10.13709585383799983, 22.55796506004192992, 22.50000000000000000 ) ) ;
#1399 = VECTOR ( 'NONE', #1413, 1000.000000000000000 ) ;
#1400 = CARTESIAN_POINT ( 'NONE',  ( -24.09731931759199952, -11.02584244881199638, 16.50000095367419917 ) ) ;
#1401 = CARTESIAN_POINT ( 'NONE',  ( 11.44949534515241041, 22.95281151278294374, -4.500000000000158984 ) ) ;
#1402 = CARTESIAN_POINT ( 'NONE',  ( -20.05796506004299573, -14.46722287276003271, -4.500000000000158984 ) ) ;
#1403 = DIRECTION ( 'NONE',  ( -1.000000000000000000, 0.000000000000000000, 0.000000000000000000 ) ) ;
#1404 = ADVANCED_FACE ( 'NONE', ( #5867 ), #8940, .T. ) ;
#1405 = ORIENTED_EDGE ( 'NONE', *, *, #2834, .T. ) ;
#1406 = ORIENTED_EDGE ( 'NONE', *, *, #7530, .T. ) ;
#1407 = CARTESIAN_POINT ( 'NONE',  ( 0.000000000000000000, 0.000000000000000000, 22.50000000000000000 ) ) ;
#1408 = EDGE_CURVE ( 'NONE', #7849, #4760, #2905, .T. ) ;
#1409 = CARTESIAN_POINT ( 'NONE',  ( 10.71501930150449233, 23.01556480047699438, 5.500000953674160087 ) ) ;
#1410 = CARTESIAN_POINT ( 'NONE',  ( 10.71501930150446391, -23.01556480047798914, 12.50000095367419917 ) ) ;
#1411 = ORIENTED_EDGE ( 'NONE', *, *, #613, .T. ) ;
#1412 = VECTOR ( 'NONE', #7449, 1000.000000000000000 ) ;
#1413 = DIRECTION ( 'NONE',  ( 0.000000000000000000, 0.000000000000000000, 1.000000000000000000 ) ) ;
#1414 = AXIS2_PLACEMENT_3D ( 'NONE', #7180, #4330, #4427 ) ;
#1415 = CARTESIAN_POINT ( 'NONE',  ( -3.258827488323433830, 1.855409227461041421, 48.05698003239911031 ) ) ;
#1416 = LINE ( 'NONE', #7138, #3010 ) ;
#1417 = CARTESIAN_POINT ( 'NONE',  ( 10.71501930150449233, 23.01556480047699438, 10.50000095367419917 ) ) ;
#1418 = DIRECTION ( 'NONE',  ( -0.000000000000000000, 1.000000000000000000, 0.000000000000000000 ) ) ;
#1419 = DIRECTION ( 'NONE',  ( 0.000000000000000000, 0.000000000000000000, 1.000000000000000000 ) ) ;
#1420 = EDGE_CURVE ( 'NONE', #7700, #6704, #1643, .T. ) ;
#1421 = DIRECTION ( 'NONE',  ( -0.8660254037844387076, 0.4999999999999998890, 0.000000000000000000 ) ) ;
#1422 = VERTEX_POINT ( 'NONE', #66 ) ;
#1423 = ORIENTED_EDGE ( 'NONE', *, *, #8123, .T. ) ;
#1424 = CIRCLE ( 'NONE', #8167, 0.9999999999999992228 ) ;
#1425 = EDGE_CURVE ( 'NONE', #4073, #181, #9033, .T. ) ;
#1426 = ORIENTED_EDGE ( 'NONE', *, *, #5978, .F. ) ;
#1427 = FACE_OUTER_BOUND ( 'NONE', #570, .T. ) ;
#1428 = CARTESIAN_POINT ( 'NONE',  ( -24.60431872659797747, 1.499999999999945821, 10.50000095367419917 ) ) ;
#1429 = CYLINDRICAL_SURFACE ( 'NONE', #6092, 1.000000000000001332 ) ;
#1430 = EDGE_CURVE ( 'NONE', #6569, #645, #5958, .T. ) ;
#1431 = DIRECTION ( 'NONE',  ( -0.000000000000000000, -0.000000000000000000, -1.000000000000000000 ) ) ;
#1432 = ORIENTED_EDGE ( 'NONE', *, *, #7168, .T. ) ;
#1433 = CYLINDRICAL_SURFACE ( 'NONE', #8607, 19.05000000000000071 ) ;
#1434 = CIRCLE ( 'NONE', #2204, 1.000000000000000888 ) ;
#1435 = ORIENTED_EDGE ( 'NONE', *, *, #8753, .T. ) ;
#1436 = ORIENTED_EDGE ( 'NONE', *, *, #9453, .F. ) ;
#1437 = DIRECTION ( 'NONE',  ( 1.000000000000000000, 0.000000000000000000, 0.000000000000000000 ) ) ;
#1438 = ORIENTED_EDGE ( 'NONE', *, *, #2192, .F. ) ;
#1439 = DIRECTION ( 'NONE',  ( 0.000000000000000000, 0.000000000000000000, -1.000000000000000000 ) ) ;
#1440 = DIRECTION ( 'NONE',  ( -0.5000000000000003331, -0.8660254037844383745, 0.000000000000000000 ) ) ;
#1441 = CIRCLE ( 'NONE', #3899, 1.000000000000000444 ) ;
#1442 = FACE_OUTER_BOUND ( 'NONE', #83, .T. ) ;
#1443 = CARTESIAN_POINT ( 'NONE',  ( 24.60431872659751917, 1.499999999999945821, 22.50000000000000000 ) ) ;
#1444 = CARTESIAN_POINT ( 'NONE',  ( -2.499999999999988454, 24.60431872659696495, 22.50000000000000000 ) ) ;
#1445 = FACE_OUTER_BOUND ( 'NONE', #9325, .T. ) ;
#1446 = ORIENTED_EDGE ( 'NONE', *, *, #2108, .F. ) ;
#1447 = AXIS2_PLACEMENT_3D ( 'NONE', #6591, #2936, #2893 ) ;
#1448 = ORIENTED_EDGE ( 'NONE', *, *, #294, .F. ) ;
#1449 = ORIENTED_EDGE ( 'NONE', *, *, #3804, .T. ) ;
#1450 = EDGE_CURVE ( 'NONE', #9403, #5911, #8224, .T. ) ;
#1451 = DIRECTION ( 'NONE',  ( 0.000000000000000000, 0.000000000000000000, 1.000000000000000000 ) ) ;
#1452 = CARTESIAN_POINT ( 'NONE',  ( 25.28957345041287397, -2.228303483095355197, 10.50000095367419917 ) ) ;
#1453 = AXIS2_PLACEMENT_3D ( 'NONE', #419, #1186, #1807 ) ;
#1454 = DIRECTION ( 'NONE',  ( 0.7283034830954154826, 0.6852547238152291165, 0.000000000000000000 ) ) ;
#1455 = EDGE_CURVE ( 'NONE', #1693, #7059, #1225, .T. ) ;
#1456 = EDGE_CURVE ( 'NONE', #6214, #4423, #116, .T. ) ;
#1457 = ORIENTED_EDGE ( 'NONE', *, *, #3814, .F. ) ;
#1458 = VECTOR ( 'NONE', #4539, 1000.000000000000000 ) ;
#1459 = AXIS2_PLACEMENT_3D ( 'NONE', #4329, #6454, #7270 ) ;
#1460 = VECTOR ( 'NONE', #774, 1000.000000000000000 ) ;
#1461 = DIRECTION ( 'NONE',  ( 0.000000000000000000, 0.000000000000000000, -1.000000000000000000 ) ) ;
#1462 = DIRECTION ( 'NONE',  ( -0.2292962573396013781, 0.9733566799329275154, 0.000000000000000000 ) ) ;
#1463 = CYLINDRICAL_SURFACE ( 'NONE', #1473, 1.000000000000001110 ) ;
#1464 = DIRECTION ( 'NONE',  ( 0.6667820768063215109, -0.7452527504476912368, 0.000000000000000000 ) ) ;
#1465 = DIRECTION ( 'NONE',  ( 0.000000000000000000, 0.000000000000000000, 1.000000000000000000 ) ) ;
#1466 = CARTESIAN_POINT ( 'NONE',  ( -26.38181191654599544, 2.499999999999946709, 16.50000095367419917 ) ) ;
#1467 = CARTESIAN_POINT ( 'NONE',  ( -15.35596946773398841, -21.59731931759201018, 16.50000095367419917 ) ) ;
#1468 = VECTOR ( 'NONE', #7670, 1000.000000000000000 ) ;
#1469 = ORIENTED_EDGE ( 'NONE', *, *, #8215, .T. ) ;
#1470 = ORIENTED_EDGE ( 'NONE', *, *, #7416, .T. ) ;
#1471 = ADVANCED_FACE ( 'NONE', ( #5966 ), #7510, .T. ) ;
#1472 = ORIENTED_EDGE ( 'NONE', *, *, #7093, .T. ) ;
#1473 = AXIS2_PLACEMENT_3D ( 'NONE', #561, #7188, #7279 ) ;
#1474 = VERTEX_POINT ( 'NONE', #5240 ) ;
#1475 = DIRECTION ( 'NONE',  ( 0.000000000000000000, 0.000000000000000000, 1.000000000000000000 ) ) ;
#1476 = EDGE_CURVE ( 'NONE', #8653, #3809, #4424, .T. ) ;
#1477 = DIRECTION ( 'NONE',  ( 0.6667820768063215109, 0.7452527504476912368, 0.000000000000000000 ) ) ;
#1478 = DIRECTION ( 'NONE',  ( 0.000000000000000000, 0.000000000000000000, -1.000000000000000000 ) ) ;
#1479 = EDGE_CURVE ( 'NONE', #214, #6828, #3666, .T. ) ;
#1480 = CYLINDRICAL_SURFACE ( 'NONE', #2952, 1.000000000000000444 ) ;
#1481 = EDGE_LOOP ( 'NONE', ( #4403, #5128, #3115, #3179 ) ) ;
#1482 = VERTEX_POINT ( 'NONE', #4617 ) ;
#1483 = CARTESIAN_POINT ( 'NONE',  ( -24.60431872659797747, -2.500000000000057732, 12.50000095367419917 ) ) ;
#1484 = VERTEX_POINT ( 'NONE', #8170 ) ;
#1485 = EDGE_CURVE ( 'NONE', #277, #7382, #211, .T. ) ;
#1486 = EDGE_LOOP ( 'NONE', ( #4144, #226, #992, #7492 ) ) ;
#1487 = DIRECTION ( 'NONE',  ( 0.000000000000000000, 0.000000000000000000, 1.000000000000000000 ) ) ;
#1488 = CIRCLE ( 'NONE', #4395, 25.64999999999999858 ) ;
#1489 = ORIENTED_EDGE ( 'NONE', *, *, #1122, .T. ) ;
#1490 = CARTESIAN_POINT ( 'NONE',  ( 11.27047208607710793, -14.09889921082407938, 0.9999999999998441247 ) ) ;
#1491 = LINE ( 'NONE', #2210, #3767 ) ;
#1492 = DIRECTION ( 'NONE',  ( 0.000000000000000000, 0.000000000000000000, -1.000000000000000000 ) ) ;
#1493 = CARTESIAN_POINT ( 'NONE',  ( 1.500000000000001332, 24.60431872659696495, 5.500000953674160087 ) ) ;
#1494 = VECTOR ( 'NONE', #6368, 1000.000000000000000 ) ;
#1495 = LINE ( 'NONE', #4952, #7422 ) ;
#1496 = VERTEX_POINT ( 'NONE', #7364 ) ;
#1497 = ORIENTED_EDGE ( 'NONE', *, *, #8031, .T. ) ;
#1498 = ORIENTED_EDGE ( 'NONE', *, *, #7946, .T. ) ;
#1499 = DIRECTION ( 'NONE',  ( 0.000000000000000000, 0.000000000000000000, -1.000000000000000000 ) ) ;
#1500 = LINE ( 'NONE', #603, #2550 ) ;
#1501 = VECTOR ( 'NONE', #3566, 1000.000000000000000 ) ;
#1502 = CARTESIAN_POINT ( 'NONE',  ( 14.88000166017640424, 11.89487497173202790, -10.99999976158160031 ) ) ;
#1503 = VERTEX_POINT ( 'NONE', #5914 ) ;
#1504 = VECTOR ( 'NONE', #8903, 1000.000000000000000 ) ;
#1505 = AXIS2_PLACEMENT_3D ( 'NONE', #6770, #3698, #14 ) ;
#1506 = EDGE_CURVE ( 'NONE', #3431, #6999, #3711, .T. ) ;
#1507 = DIRECTION ( 'NONE',  ( 0.000000000000000000, 0.000000000000000000, -1.000000000000000000 ) ) ;
#1508 = CARTESIAN_POINT ( 'NONE',  ( 0.000000000000000000, 0.000000000000000000, -10.99999976158160031 ) ) ;
#1509 = LINE ( 'NONE', #933, #7770 ) ;
#1510 = DIRECTION ( 'NONE',  ( -0.6852547238153542386, -0.7283034830952977989, 0.000000000000000000 ) ) ;
#1511 = FACE_OUTER_BOUND ( 'NONE', #4022, .T. ) ;
#1512 = DIRECTION ( 'NONE',  ( 1.000000000000000000, 0.000000000000000000, 0.000000000000000000 ) ) ;
#1513 = AXIS2_PLACEMENT_3D ( 'NONE', #7479, #1763, #8388 ) ;
#1514 = DIRECTION ( 'NONE',  ( 0.6852547238153056108, 0.7283034830953436511, 0.000000000000000000 ) ) ;
#1515 = ORIENTED_EDGE ( 'NONE', *, *, #4761, .T. ) ;
#1516 = ORIENTED_EDGE ( 'NONE', *, *, #9453, .T. ) ;
#1517 = CIRCLE ( 'NONE', #8271, 1.000000000000000000 ) ;
#1518 = VERTEX_POINT ( 'NONE', #7458 ) ;
#1519 = ORIENTED_EDGE ( 'NONE', *, *, #661, .F. ) ;
#1520 = CARTESIAN_POINT ( 'NONE',  ( -21.55000000000000071, -2.639113852162546308E-15, 16.49999856948839749 ) ) ;
#1521 = DIRECTION ( 'NONE',  ( 0.000000000000000000, 0.000000000000000000, 1.000000000000000000 ) ) ;
#1522 = CARTESIAN_POINT ( 'NONE',  ( 0.000000000000000000, 0.000000000000000000, -6.499999761581589652 ) ) ;
#1523 = ADVANCED_FACE ( 'NONE', ( #4515 ), #3132, .T. ) ;
#1524 = DIRECTION ( 'NONE',  ( 0.000000000000000000, 0.000000000000000000, 1.000000000000000000 ) ) ;
#1525 = ORIENTED_EDGE ( 'NONE', *, *, #4280, .T. ) ;
#1526 = ORIENTED_EDGE ( 'NONE', *, *, #4474, .T. ) ;
#1527 = CARTESIAN_POINT ( 'NONE',  ( 12.86731210496699873, -17.28683832264909981, 5.500000953674160087 ) ) ;
#1528 = EDGE_CURVE ( 'NONE', #6473, #7331, #1847, .T. ) ;
#1529 = VERTEX_POINT ( 'NONE', #3900 ) ;
#1530 = ADVANCED_FACE ( 'NONE', ( #261 ), #5489, .T. ) ;
#1531 = EDGE_LOOP ( 'NONE', ( #1405, #4037, #8677, #3521 ) ) ;
#1532 = LINE ( 'NONE', #5086, #7806 ) ;
#1533 = ORIENTED_EDGE ( 'NONE', *, *, #8580, .F. ) ;
#1534 = CARTESIAN_POINT ( 'NONE',  ( 17.93885447847770465, 1.000000000000000888, 28.99999856948849697 ) ) ;
#1535 = DIRECTION ( 'NONE',  ( 0.000000000000000000, 0.000000000000000000, 1.000000000000000000 ) ) ;
#1536 = DIRECTION ( 'NONE',  ( 0.2292962573396013781, 0.9733566799329275154, 0.000000000000000000 ) ) ;
#1537 = EDGE_CURVE ( 'NONE', #6195, #755, #1831, .T. ) ;
#1538 = PLANE ( 'NONE',  #5241 ) ;
#1539 = CARTESIAN_POINT ( 'NONE',  ( 10.71501930150446391, -23.01556480047798914, 10.50000095367419917 ) ) ;
#1540 = VERTEX_POINT ( 'NONE', #6163 ) ;
#1541 = EDGE_CURVE ( 'NONE', #398, #4452, #1367, .T. ) ;
#1542 = ORIENTED_EDGE ( 'NONE', *, *, #1249, .F. ) ;
#1543 = ORIENTED_EDGE ( 'NONE', *, *, #586, .F. ) ;
#1544 = CIRCLE ( 'NONE', #8454, 1.000000000000000666 ) ;
#1545 = CARTESIAN_POINT ( 'NONE',  ( -16.80720077974400084, -12.59039324045807540, 16.50000095367419917 ) ) ;
#1546 = DIRECTION ( 'NONE',  ( 0.000000000000000000, 0.000000000000000000, 1.000000000000000000 ) ) ;
#1547 = DIRECTION ( 'NONE',  ( 0.000000000000000000, 0.000000000000000000, 1.000000000000000000 ) ) ;
#1548 = ORIENTED_EDGE ( 'NONE', *, *, #1425, .F. ) ;
#1549 = AXIS2_PLACEMENT_3D ( 'NONE', #3370, #9081, #6929 ) ;
#1550 = ORIENTED_EDGE ( 'NONE', *, *, #806, .T. ) ;
#1551 = VECTOR ( 'NONE', #8185, 1000.000000000000000 ) ;
#1552 = DIRECTION ( 'NONE',  ( -0.8690206635529198476, 0.4947757939896036961, 0.000000000000000000 ) ) ;
#1553 = DIRECTION ( 'NONE',  ( 0.000000000000000000, 0.000000000000000000, 1.000000000000000000 ) ) ;
#1554 = DIRECTION ( 'NONE',  ( 0.7283034830954154826, 0.6852547238152291165, 0.000000000000000000 ) ) ;
#1555 = DIRECTION ( 'NONE',  ( 0.000000000000000000, 0.000000000000000000, -1.000000000000000000 ) ) ;
#1556 = CYLINDRICAL_SURFACE ( 'NONE', #393, 1.000000000000000888 ) ;
#1557 = EDGE_CURVE ( 'NONE', #96, #4381, #3277, .T. ) ;
#1558 = CARTESIAN_POINT ( 'NONE',  ( 22.05796506004260848, 11.00312125762192750, -4.500000000000158984 ) ) ;
#1559 = AXIS2_PLACEMENT_3D ( 'NONE', #21, #4609, #6594 ) ;
#1560 = ORIENTED_EDGE ( 'NONE', *, *, #5978, .T. ) ;
#1561 = ORIENTED_EDGE ( 'NONE', *, *, #68, .F. ) ;
#1562 = ORIENTED_EDGE ( 'NONE', *, *, #32, .F. ) ;
#1563 = AXIS2_PLACEMENT_3D ( 'NONE', #5417, #7725, #8301 ) ;
#1564 = LINE ( 'NONE', #3827, #8816 ) ;
#1565 = DIRECTION ( 'NONE',  ( 0.4999999999999998890, -0.8660254037844387076, 0.000000000000000000 ) ) ;
#1566 = LINE ( 'NONE', #847, #3489 ) ;
#1567 = AXIS2_PLACEMENT_3D ( 'NONE', #3293, #6799, #990 ) ;
#1568 = EDGE_CURVE ( 'NONE', #9272, #912, #4042, .T. ) ;
#1569 = CYLINDRICAL_SURFACE ( 'NONE', #8544, 21.55000000000000071 ) ;
#1570 = AXIS2_PLACEMENT_3D ( 'NONE', #6602, #2948, #1454 ) ;
#1571 = CYLINDRICAL_SURFACE ( 'NONE', #4024, 1.000000000000000888 ) ;
#1572 = VERTEX_POINT ( 'NONE', #2615 ) ;
#1573 = EDGE_LOOP ( 'NONE', ( #1579, #1120, #4842, #7705 ) ) ;
#1574 = DIRECTION ( 'NONE',  ( 0.000000000000000000, 0.000000000000000000, -1.000000000000000000 ) ) ;
#1575 = EDGE_CURVE ( 'NONE', #9392, #8240, #6209, .T. ) ;
#1576 = EDGE_CURVE ( 'NONE', #547, #86, #3949, .T. ) ;
#1577 = VERTEX_POINT ( 'NONE', #5537 ) ;
#1578 = EDGE_CURVE ( 'NONE', #8983, #5445, #3327, .T. ) ;
#1579 = ORIENTED_EDGE ( 'NONE', *, *, #5850, .F. ) ;
#1580 = DIRECTION ( 'NONE',  ( -0.4999999999999998890, -0.8660254037844387076, 0.000000000000000000 ) ) ;
#1581 = EDGE_LOOP ( 'NONE', ( #2163, #7828, #9370, #6013, #2449, #1288, #1788, #3770 ) ) ;
#1582 = DIRECTION ( 'NONE',  ( 0.000000000000000000, 0.000000000000000000, 1.000000000000000000 ) ) ;
#1583 = LINE ( 'NONE', #8886, #2399 ) ;
#1584 = CIRCLE ( 'NONE', #5106, 1.000000000000000666 ) ;
#1585 = CARTESIAN_POINT ( 'NONE',  ( 21.39195958580511459, 14.15297018576899823, 5.500000953674160087 ) ) ;
#1586 = DIRECTION ( 'NONE',  ( -0.000000000000000000, -0.000000000000000000, -1.000000000000000000 ) ) ;
#1587 = DIRECTION ( 'NONE',  ( 0.000000000000000000, 0.000000000000000000, -1.000000000000000000 ) ) ;
#1588 = VERTEX_POINT ( 'NONE', #6261 ) ;
#1589 = EDGE_CURVE ( 'NONE', #3457, #7405, #9186, .T. ) ;
#1590 = ORIENTED_EDGE ( 'NONE', *, *, #1528, .F. ) ;
#1591 = VERTEX_POINT ( 'NONE', #9041 ) ;
#1592 = AXIS2_PLACEMENT_3D ( 'NONE', #1019, #4508, #160 ) ;
#1593 = DIRECTION ( 'NONE',  ( 0.000000000000000000, 0.000000000000000000, -1.000000000000000000 ) ) ;
#1594 = DIRECTION ( 'NONE',  ( -1.224646799147350002E-16, -1.000000000000000000, 0.000000000000000000 ) ) ;
#1595 = FACE_OUTER_BOUND ( 'NONE', #1074, .T. ) ;
#1596 = AXIS2_PLACEMENT_3D ( 'NONE', #3977, #5369, #7486 ) ;
#1597 = ORIENTED_EDGE ( 'NONE', *, *, #1848, .T. ) ;
#1598 = ORIENTED_EDGE ( 'NONE', *, *, #6381, .F. ) ;
#1599 = EDGE_CURVE ( 'NONE', #1572, #768, #4765, .T. ) ;
#1600 = CARTESIAN_POINT ( 'NONE',  ( -11.27047208607698181, 14.09889921082296738, 0.9999999999998441247 ) ) ;
#1602 = CARTESIAN_POINT ( 'NONE',  ( 20.55796506004270441, 13.60119746897492377, 10.50000095367419917 ) ) ;
#1601 = VECTOR ( 'NONE', #2716, 1000.000000000000000 ) ;
#1603 = CARTESIAN_POINT ( 'NONE',  ( -20.78726131738262239, -14.57455414890895717, 10.50000095367419917 ) ) ;
#1604 = DIRECTION ( 'NONE',  ( 0.000000000000000000, 0.000000000000000000, -1.000000000000000000 ) ) ;
#1605 = CYLINDRICAL_SURFACE ( 'NONE', #7749, 0.9999999999999995559 ) ;
#1606 = CARTESIAN_POINT ( 'NONE',  ( 17.28683832264900389, 12.86731210496694366, 22.50000000000000000 ) ) ;
#1607 = ORIENTED_EDGE ( 'NONE', *, *, #6958, .T. ) ;
#1608 = ORIENTED_EDGE ( 'NONE', *, *, #8915, .F. ) ;
#1609 = VECTOR ( 'NONE', #5625, 1000.000000000000000 ) ;
#1610 = AXIS2_PLACEMENT_3D ( 'NONE', #553, #2039, #4192 ) ;
#1611 = DIRECTION ( 'NONE',  ( 0.9984594016228911517, 0.05548714545602558001, 0.000000000000000000 ) ) ;
#1612 = CARTESIAN_POINT ( 'NONE',  ( 13.60119746897540871, 20.55796506004192636, 12.50000095367419917 ) ) ;
#1613 = CARTESIAN_POINT ( 'NONE',  ( -24.60431872659797747, -1.500000000000056843, 5.500000953674160087 ) ) ;
#1614 = LINE ( 'NONE', #4541, #4550 ) ;
#1615 = DIRECTION ( 'NONE',  ( 1.000000000000000000, 0.000000000000000000, 0.000000000000000000 ) ) ;
#1616 = VECTOR ( 'NONE', #4043, 1000.000000000000000 ) ;
#1617 = VECTOR ( 'NONE', #3428, 1000.000000000000000 ) ;
#1618 = LINE ( 'NONE', #6859, #7132 ) ;
#1619 = ADVANCED_FACE ( 'NONE', ( #6886 ), #2566, .F. ) ;
#1620 = CARTESIAN_POINT ( 'NONE',  ( 8.097979530733697473, 6.683765968359955956, 28.99999856948849697 ) ) ;
#1621 = ORIENTED_EDGE ( 'NONE', *, *, #68, .T. ) ;
#1622 = ORIENTED_EDGE ( 'NONE', *, *, #3061, .F. ) ;
#1623 = DIRECTION ( 'NONE',  ( 1.000000000000000000, 0.000000000000000000, 0.000000000000000000 ) ) ;
#1624 = CIRCLE ( 'NONE', #2710, 1.000000000000000888 ) ;
#1625 = VECTOR ( 'NONE', #7644, 1000.000000000000000 ) ;
#1626 = AXIS2_PLACEMENT_3D ( 'NONE', #2186, #9385, #7277 ) ;
#1627 = ADVANCED_FACE ( 'NONE', ( #6831 ), #4810, .T. ) ;
#1628 = VERTEX_POINT ( 'NONE', #6117 ) ;
#1629 = ORIENTED_EDGE ( 'NONE', *, *, #539, .F. ) ;
#1630 = DIRECTION ( 'NONE',  ( 0.000000000000000000, 0.000000000000000000, 1.000000000000000000 ) ) ;
#1631 = ORIENTED_EDGE ( 'NONE', *, *, #4200, .F. ) ;
#1632 = DIRECTION ( 'NONE',  ( 0.000000000000000000, 0.000000000000000000, 1.000000000000000000 ) ) ;
#1633 = FACE_OUTER_BOUND ( 'NONE', #2942, .T. ) ;
#1634 = AXIS2_PLACEMENT_3D ( 'NONE', #4605, #5476, #3074 ) ;
#1635 = CARTESIAN_POINT ( 'NONE',  ( 1.560851926977996351, -25.60246553092204636, -4.500000000000158984 ) ) ;
#1636 = LINE ( 'NONE', #7403, #4019 ) ;
#1637 = EDGE_CURVE ( 'NONE', #8826, #1591, #6278, .T. ) ;
#1638 = CARTESIAN_POINT ( 'NONE',  ( -17.28683832264898967, 12.86731210496694366, 22.50000000000000000 ) ) ;
#1639 = ORIENTED_EDGE ( 'NONE', *, *, #7273, .T. ) ;
#1640 = VECTOR ( 'NONE', #5216, 1000.000000000000000 ) ;
#1641 = ORIENTED_EDGE ( 'NONE', *, *, #4929, .F. ) ;
#1642 = ORIENTED_EDGE ( 'NONE', *, *, #73, .F. ) ;
#1643 = LINE ( 'NONE', #827, #5811 ) ;
#1644 = CARTESIAN_POINT ( 'NONE',  ( -24.60431872659797747, 1.499999999999945821, 5.500000953674160087 ) ) ;
#1645 = CIRCLE ( 'NONE', #1043, 1.000000000000000888 ) ;
#1646 = EDGE_CURVE ( 'NONE', #3372, #2560, #9188, .T. ) ;
#1647 = VECTOR ( 'NONE', #1819, 1000.000000000000000 ) ;
#1648 = CARTESIAN_POINT ( 'NONE',  ( 13.60119746897540871, -20.55796506004303836, 10.50000095367419917 ) ) ;
#1649 = VERTEX_POINT ( 'NONE', #5579 ) ;
#1650 = ORIENTED_EDGE ( 'NONE', *, *, #1048, .F. ) ;
#1651 = AXIS2_PLACEMENT_3D ( 'NONE', #7832, #9255, #4388 ) ;
#1652 = EDGE_CURVE ( 'NONE', #1496, #8861, #9088, .T. ) ;
#1653 = EDGE_CURVE ( 'NONE', #1882, #5619, #6424, .T. ) ;
#1654 = AXIS2_PLACEMENT_3D ( 'NONE', #8038, #1461, #6604 ) ;
#1655 = DIRECTION ( 'NONE',  ( 0.000000000000000000, 0.000000000000000000, 1.000000000000000000 ) ) ;
#1656 = CARTESIAN_POINT ( 'NONE',  ( 18.93269683185599916, -2.110803324099963518, -10.99999976158160031 ) ) ;
#1657 = DIRECTION ( 'NONE',  ( 0.000000000000000000, 0.000000000000000000, 1.000000000000000000 ) ) ;
#1658 = DIRECTION ( 'NONE',  ( 0.000000000000000000, 0.000000000000000000, -1.000000000000000000 ) ) ;
#1659 = CARTESIAN_POINT ( 'NONE',  ( 1.560851926977996351, 25.60246553092193622, 10.50000095367419917 ) ) ;
#1660 = VECTOR ( 'NONE', #7853, 1000.000000000000114 ) ;
#1661 = FACE_OUTER_BOUND ( 'NONE', #253, .T. ) ;
#1662 = VECTOR ( 'NONE', #8782, 1000.000000000000114 ) ;
#1663 = EDGE_CURVE ( 'NONE', #3372, #6838, #7120, .T. ) ;
#1664 = ORIENTED_EDGE ( 'NONE', *, *, #4672, .F. ) ;
#1665 = ORIENTED_EDGE ( 'NONE', *, *, #2059, .T. ) ;
#1666 = LINE ( 'NONE', #942, #7656 ) ;
#1667 = EDGE_CURVE ( 'NONE', #8109, #7104, #3504, .T. ) ;
#1668 = CIRCLE ( 'NONE', #3044, 25.64999999999999858 ) ;
#1669 = CARTESIAN_POINT ( 'NONE',  ( 23.01556480047763742, -10.71501930150547466, -4.500000000000158984 ) ) ;
#1670 = LINE ( 'NONE', #4592, #1991 ) ;
#1671 = AXIS2_PLACEMENT_3D ( 'NONE', #3155, #3254, #2444 ) ;
#1672 = DIRECTION ( 'NONE',  ( 0.9733566799329461672, -0.2292962573395214698, 0.000000000000000000 ) ) ;
#1673 = VECTOR ( 'NONE', #2653, 1000.000000000000000 ) ;
#1674 = DIRECTION ( 'NONE',  ( 0.9575997404350280462, 0.2881019561175639510, 0.000000000000000000 ) ) ;
#1675 = DIRECTION ( 'NONE',  ( -0.2292962573396013781, 0.9733566799329275154, 0.000000000000000000 ) ) ;
#1676 = CARTESIAN_POINT ( 'NONE',  ( 0.000000000000000000, 0.000000000000000000, -10.99999976158160031 ) ) ;
#1677 = ORIENTED_EDGE ( 'NONE', *, *, #5532, .T. ) ;
#1678 = VECTOR ( 'NONE', #7428, 1000.000000000000000 ) ;
#1679 = ORIENTED_EDGE ( 'NONE', *, *, #7733, .F. ) ;
#1680 = DIRECTION ( 'NONE',  ( 1.000000000000000000, 0.000000000000000000, 0.000000000000000000 ) ) ;
#1681 = ORIENTED_EDGE ( 'NONE', *, *, #8843, .F. ) ;
#1682 = EDGE_CURVE ( 'NONE', #8826, #4438, #2843, .T. ) ;
#1683 = ORIENTED_EDGE ( 'NONE', *, *, #1479, .F. ) ;
#1684 = FACE_BOUND ( 'NONE', #8953, .T. ) ;
#1685 = EDGE_LOOP ( 'NONE', ( #1548, #3226, #8829, #9248, #6451, #3537, #1562, #5396 ) ) ;
#1686 = DIRECTION ( 'NONE',  ( 0.000000000000000000, 0.000000000000000000, 1.000000000000000000 ) ) ;
#1687 = CARTESIAN_POINT ( 'NONE',  ( -11.00312125762199855, 22.05796506004198321, 22.50000000000000000 ) ) ;
#1688 = EDGE_CURVE ( 'NONE', #1230, #6987, #7795, .T. ) ;
#1689 = DIRECTION ( 'NONE',  ( -1.000000000000000000, 6.123233995736769734E-17, 0.000000000000000000 ) ) ;
#1690 = CARTESIAN_POINT ( 'NONE',  ( -11.00312125762199855, 22.05796506004198321, -4.500000000000158984 ) ) ;
#1691 = DIRECTION ( 'NONE',  ( 1.000000000000000000, 0.000000000000000000, 0.000000000000000000 ) ) ;
#1692 = EDGE_CURVE ( 'NONE', #5606, #2773, #1223, .T. ) ;
#1693 = VERTEX_POINT ( 'NONE', #8554 ) ;
#1694 = ORIENTED_EDGE ( 'NONE', *, *, #8093, .T. ) ;
#1695 = CARTESIAN_POINT ( 'NONE',  ( -14.15297018576999832, -21.39195958580497603, 10.50000095367419917 ) ) ;
#1696 = EDGE_LOOP ( 'NONE', ( #4088, #5418, #1811, #7092 ) ) ;
#1697 = ADVANCED_FACE ( 'NONE', ( #8599 ), #7883, .F. ) ;
#1698 = DIRECTION ( 'NONE',  ( 0.4999999999999998890, -0.8660254037844387076, 0.000000000000000000 ) ) ;
#1699 = FACE_OUTER_BOUND ( 'NONE', #7928, .T. ) ;
#1700 = CARTESIAN_POINT ( 'NONE',  ( 1.500000000000001332, 24.60431872659696495, 5.500000953674160087 ) ) ;
#1701 = ORIENTED_EDGE ( 'NONE', *, *, #6866, .T. ) ;
#1702 = ORIENTED_EDGE ( 'NONE', *, *, #6857, .F. ) ;
#1703 = EDGE_CURVE ( 'NONE', #5894, #2989, #2748, .T. ) ;
#1704 = AXIS2_PLACEMENT_3D ( 'NONE', #3558, #3656, #681 ) ;
#1705 = ADVANCED_FACE ( 'NONE', ( #6395 ), #4859, .T. ) ;
#1706 = ORIENTED_EDGE ( 'NONE', *, *, #5162, .T. ) ;
#1707 = CARTESIAN_POINT ( 'NONE',  ( 12.26893148769999797, -14.15438635628010466, -10.99999976158160031 ) ) ;
#1708 = CARTESIAN_POINT ( 'NONE',  ( -8.537185086044992488, 19.78683832264904652, 22.50000000000000000 ) ) ;
#1709 = CARTESIAN_POINT ( 'NONE',  ( 10.13709585383761080, 22.55796506004192992, -4.500000000000158984 ) ) ;
#1710 = CARTESIAN_POINT ( 'NONE',  ( 6.683765968360607879, -8.097979530734100706, 28.99999856948849697 ) ) ;
#1711 = DIRECTION ( 'NONE',  ( 0.000000000000000000, 0.000000000000000000, 1.000000000000000000 ) ) ;
#1712 =( NAMED_UNIT ( * ) SI_UNIT ( $, .STERADIAN. ) SOLID_ANGLE_UNIT ( ) );
#1713 = VECTOR ( 'NONE', #2063, 1000.000000000000000 ) ;
#1714 = DIRECTION ( 'NONE',  ( 0.000000000000000000, 0.000000000000000000, 1.000000000000000000 ) ) ;
#1715 = ORIENTED_EDGE ( 'NONE', *, *, #5524, .T. ) ;
#1716 = ORIENTED_EDGE ( 'NONE', *, *, #3943, .T. ) ;
#1717 = FACE_OUTER_BOUND ( 'NONE', #1364, .T. ) ;
#1718 = DIRECTION ( 'NONE',  ( 0.000000000000000000, 0.000000000000000000, -1.000000000000000000 ) ) ;
#1719 = LINE ( 'NONE', #5413, #7967 ) ;
#1720 = CARTESIAN_POINT ( 'NONE',  ( 21.55000000000000071, 0.000000000000000000, 16.49999856948839749 ) ) ;
#1721 = PLANE ( 'NONE',  #4715 ) ;
#1722 = LINE ( 'NONE', #1052, #8955 ) ;
#1723 = DIRECTION ( 'NONE',  ( 0.000000000000000000, 0.000000000000000000, 1.000000000000000000 ) ) ;
#1724 = ORIENTED_EDGE ( 'NONE', *, *, #2227, .T. ) ;
#1725 = VERTEX_POINT ( 'NONE', #7935 ) ;
#1726 = DIRECTION ( 'NONE',  ( 0.000000000000000000, 0.000000000000000000, 1.000000000000000000 ) ) ;
#1727 = EDGE_LOOP ( 'NONE', ( #2121, #3847, #2025, #7836 ) ) ;
#1728 = VERTEX_POINT ( 'NONE', #1398 ) ;
#1729 = DIRECTION ( 'NONE',  ( 0.000000000000000000, 0.000000000000000000, -1.000000000000000000 ) ) ;
#1730 = VERTEX_POINT ( 'NONE', #1306 ) ;
#1731 = ADVANCED_FACE ( 'NONE', ( #1984 ), #4908, .T. ) ;
#1732 = DIRECTION ( 'NONE',  ( 6.801708676704649362E-17, -6.085529284608839213E-17, -1.000000000000000000 ) ) ;
#1733 = AXIS2_PLACEMENT_3D ( 'NONE', #6143, #6860, #9067 ) ;
#1734 = CARTESIAN_POINT ( 'NONE',  ( -22.05796506004299573, -11.00312125762203941, -4.500000000000158984 ) ) ;
#1735 = DIRECTION ( 'NONE',  ( 0.000000000000000000, 0.000000000000000000, -1.000000000000000000 ) ) ;
#1736 = EDGE_LOOP ( 'NONE', ( #8202, #2177, #8008, #4302, #5084, #869, #8814, #3308, #6597, #2 ) ) ;
#1737 = LINE ( 'NONE', #4461, #7274 ) ;
#1738 = ORIENTED_EDGE ( 'NONE', *, *, #3565, .F. ) ;
#1739 = ORIENTED_EDGE ( 'NONE', *, *, #3246, .T. ) ;
#1740 = CARTESIAN_POINT ( 'NONE',  ( 10.71501930150449233, 23.01556480047699438, -4.500000000000158984 ) ) ;
#1741 = ORIENTED_EDGE ( 'NONE', *, *, #6052, .F. ) ;
#1742 = AXIS2_PLACEMENT_3D ( 'NONE', #2007, #4927, #4969 ) ;
#1743 = CARTESIAN_POINT ( 'NONE',  ( -8.760516488598005580, -10.17365965879601930, 12.50000095367419917 ) ) ;
#1744 = CARTESIAN_POINT ( 'NONE',  ( 22.55796506004270441, -10.13709585383804068, 22.50000000000000000 ) ) ;
#1745 = CARTESIAN_POINT ( 'NONE',  ( 2.500000000000002220, 24.60431872659696495, 12.50000095367419917 ) ) ;
#1746 = ORIENTED_EDGE ( 'NONE', *, *, #756, .T. ) ;
#1747 = EDGE_LOOP ( 'NONE', ( #1457, #581, #7989, #1116 ) ) ;
#1748 = VECTOR ( 'NONE', #6595, 1000.000000000000000 ) ;
#1749 = EDGE_CURVE ( 'NONE', #300, #3287, #3462, .T. ) ;
#1750 = ORIENTED_EDGE ( 'NONE', *, *, #125, .F. ) ;
#1751 = LINE ( 'NONE', #7042, #3196 ) ;
#1752 = DIRECTION ( 'NONE',  ( -0.2881019561176437760, -0.9575997404350040654, 0.000000000000000000 ) ) ;
#1753 = CARTESIAN_POINT ( 'NONE',  ( 2.228303483095416926, 25.28957345041219185, -4.500000000000158984 ) ) ;
#1754 = LINE ( 'NONE', #7420, #5611 ) ;
#1755 = DIRECTION ( 'NONE',  ( -0.7283034830953664107, -0.6852547238152811859, 0.000000000000000000 ) ) ;
#1756 = DIRECTION ( 'NONE',  ( 1.000000000000000000, 0.000000000000000000, 0.000000000000000000 ) ) ;
#1757 = ADVANCED_FACE ( 'NONE', ( #4995 ), #7215, .T. ) ;
#1758 = AXIS2_PLACEMENT_3D ( 'NONE', #3125, #8981, #3079 ) ;
#1759 = FACE_OUTER_BOUND ( 'NONE', #1205, .T. ) ;
#1760 = EDGE_LOOP ( 'NONE', ( #5744, #752, #4648, #6435 ) ) ;
#1761 = ORIENTED_EDGE ( 'NONE', *, *, #8562, .F. ) ;
#1762 = AXIS2_PLACEMENT_3D ( 'NONE', #4641, #905, #8962 ) ;
#1763 = DIRECTION ( 'NONE',  ( 0.000000000000000000, 0.000000000000000000, -1.000000000000000000 ) ) ;
#1764 = CARTESIAN_POINT ( 'NONE',  ( 0.000000000000000000, 0.000000000000000000, 28.99999856948849697 ) ) ;
#1765 = LINE ( 'NONE', #8958, #6282 ) ;
#1766 = DIRECTION ( 'NONE',  ( -0.7283034830954149275, 0.6852547238152297826, 0.000000000000000000 ) ) ;
#1767 = DIRECTION ( 'NONE',  ( 0.000000000000000000, 0.000000000000000000, 1.000000000000000000 ) ) ;
#1768 = DIRECTION ( 'NONE',  ( 0.000000000000000000, 0.000000000000000000, 1.000000000000000000 ) ) ;
#1769 = ADVANCED_FACE ( 'NONE', ( #7077 ), #2125, .T. ) ;
#1770 = VECTOR ( 'NONE', #1899, 1000.000000000000000 ) ;
#1771 = DIRECTION ( 'NONE',  ( 0.000000000000000000, 0.000000000000000000, -1.000000000000000000 ) ) ;
#1772 = EDGE_LOOP ( 'NONE', ( #2811, #2775, #5963, #4663, #7524, #7834, #6302, #4003 ) ) ;
#1773 = ORIENTED_EDGE ( 'NONE', *, *, #1179, .F. ) ;
#1774 = DIRECTION ( 'NONE',  ( 1.000000000000000000, 0.000000000000000000, 0.000000000000000000 ) ) ;
#1775 = ORIENTED_EDGE ( 'NONE', *, *, #2638, .F. ) ;
#1776 = EDGE_CURVE ( 'NONE', #1170, #4953, #496, .T. ) ;
#1777 = AXIS2_PLACEMENT_3D ( 'NONE', #7095, #4690, #6283 ) ;
#1778 = CIRCLE ( 'NONE', #7143, 21.55000000000000071 ) ;
#1779 = EDGE_CURVE ( 'NONE', #6791, #2401, #2558, .T. ) ;
#1780 = VERTEX_POINT ( 'NONE', #3512 ) ;
#1781 = LINE ( 'NONE', #1156, #742 ) ;
#1782 = AXIS2_PLACEMENT_3D ( 'NONE', #7044, #1946, #1036 ) ;
#1783 = ORIENTED_EDGE ( 'NONE', *, *, #7704, .F. ) ;
#1784 = DIRECTION ( 'NONE',  ( 0.000000000000000000, 0.000000000000000000, -1.000000000000000000 ) ) ;
#1785 = DIRECTION ( 'NONE',  ( 0.000000000000000000, 0.000000000000000000, 1.000000000000000000 ) ) ;
#1786 = CARTESIAN_POINT ( 'NONE',  ( 11.97757886726370735, -13.39179242963706074, 0.9999999999998441247 ) ) ;
#1787 = VECTOR ( 'NONE', #9267, 1000.000000000000000 ) ;
#1788 = ORIENTED_EDGE ( 'NONE', *, *, #4340, .F. ) ;
#1789 = DIRECTION ( 'NONE',  ( 0.7452527504476756937, 0.6667820768063390524, 0.000000000000000000 ) ) ;
#1790 = EDGE_CURVE ( 'NONE', #2360, #5619, #5462, .T. ) ;
#1791 = EDGE_LOOP ( 'NONE', ( #3270, #5757, #7913, #318, #53, #7408, #4521, #8324 ) ) ;
#1792 = ORIENTED_EDGE ( 'NONE', *, *, #925, .T. ) ;
#1793 = DIRECTION ( 'NONE',  ( 0.000000000000000000, 0.000000000000000000, 1.000000000000000000 ) ) ;
#1794 = AXIS2_PLACEMENT_3D ( 'NONE', #836, #4140, #8327 ) ;
#1795 = ORIENTED_EDGE ( 'NONE', *, *, #5809, .F. ) ;
#1796 = EDGE_CURVE ( 'NONE', #872, #2681, #6077, .T. ) ;
#1797 = DIRECTION ( 'NONE',  ( 0.000000000000000000, 0.000000000000000000, 1.000000000000000000 ) ) ;
#1798 = CARTESIAN_POINT ( 'NONE',  ( -10.71501930150438220, 23.01556480047699438, 22.50000000000000000 ) ) ;
#1799 = CARTESIAN_POINT ( 'NONE',  ( -8.097979530733990572, 6.683765968359955956, 28.99999856948849697 ) ) ;
#1800 = ORIENTED_EDGE ( 'NONE', *, *, #3638, .T. ) ;
#1801 = VECTOR ( 'NONE', #7018, 1000.000000000000000 ) ;
#1802 = ORIENTED_EDGE ( 'NONE', *, *, #2064, .T. ) ;
#1803 = ORIENTED_EDGE ( 'NONE', *, *, #3943, .F. ) ;
#1804 = DIRECTION ( 'NONE',  ( 0.000000000000000000, 0.000000000000000000, -1.000000000000000000 ) ) ;
#1805 = FACE_OUTER_BOUND ( 'NONE', #7496, .T. ) ;
#1806 = DIRECTION ( 'NONE',  ( 0.000000000000000000, 0.000000000000000000, 1.000000000000000000 ) ) ;
#1807 = DIRECTION ( 'NONE',  ( -0.7071067811865470176, 0.7071067811865480168, 0.000000000000000000 ) ) ;
#1808 = ADVANCED_FACE ( 'NONE', ( #1633 ), #8929, .F. ) ;
#1809 = CARTESIAN_POINT ( 'NONE',  ( 10.13709585383761080, -22.55796506004303836, 12.50000095367419917 ) ) ;
#1810 = AXIS2_PLACEMENT_3D ( 'NONE', #8356, #3268, #3889 ) ;
#1811 = ORIENTED_EDGE ( 'NONE', *, *, #731, .T. ) ;
#1812 = VERTEX_POINT ( 'NONE', #157 ) ;
#1813 = EDGE_CURVE ( 'NONE', #2745, #8841, #5278, .T. ) ;
#1814 = CIRCLE ( 'NONE', #5492, 21.55000000000000071 ) ;
#1815 = CARTESIAN_POINT ( 'NONE',  ( 0.000000000000000000, 0.000000000000000000, 22.50000000000000000 ) ) ;
#1816 = DIRECTION ( 'NONE',  ( 0.000000000000000000, 0.000000000000000000, -1.000000000000000000 ) ) ;
#1817 = FACE_OUTER_BOUND ( 'NONE', #9179, .T. ) ;
#1818 = FACE_OUTER_BOUND ( 'NONE', #1747, .T. ) ;
#1819 = DIRECTION ( 'NONE',  ( 0.4999999999999998890, -0.8660254037844387076, 0.000000000000000000 ) ) ;
#1820 = AXIS2_PLACEMENT_3D ( 'NONE', #3289, #9052, #4527 ) ;
#1821 = CIRCLE ( 'NONE', #3190, 25.64999999999999858 ) ;
#1822 = EDGE_CURVE ( 'NONE', #8860, #9201, #7431, .T. ) ;
#1823 = DIRECTION ( 'NONE',  ( 1.000000000000000000, 0.000000000000000000, 0.000000000000000000 ) ) ;
#1824 = CARTESIAN_POINT ( 'NONE',  ( 1.500000000000001332, 24.60431872659696495, 10.50000095367419917 ) ) ;
#1825 = CIRCLE ( 'NONE', #3806, 1.000000000000000222 ) ;
#1826 = EDGE_LOOP ( 'NONE', ( #8253, #9297, #5898, #265, #2684, #6241, #7036, #3522 ) ) ;
#1827 = EDGE_LOOP ( 'NONE', ( #8100, #7315, #7817, #1597 ) ) ;
#1828 = AXIS2_PLACEMENT_3D ( 'NONE', #7336, #5801, #7385 ) ;
#1829 = VERTEX_POINT ( 'NONE', #7499 ) ;
#1830 = CIRCLE ( 'NONE', #900, 1.000000000000001110 ) ;
#1831 = CIRCLE ( 'NONE', #5350, 25.64999999999999858 ) ;
#1832 = EDGE_CURVE ( 'NONE', #4381, #9371, #818, .T. ) ;
#1833 = ORIENTED_EDGE ( 'NONE', *, *, #1366, .T. ) ;
#1834 = DIRECTION ( 'NONE',  ( 0.2881019561176164645, 0.9575997404350123920, 0.000000000000000000 ) ) ;
#1835 = DIRECTION ( 'NONE',  ( 1.000000000000000000, -1.224646799147350002E-16, 1.224646799147350002E-16 ) ) ;
#1836 = DIRECTION ( 'NONE',  ( 0.7071067811865480168, 0.7071067811865470176, 8.659560562354929160E-17 ) ) ;
#1837 = CIRCLE ( 'NONE', #7198, 0.9999999999999991118 ) ;
#1838 = LINE ( 'NONE', #9079, #6524 ) ;
#1839 = EDGE_LOOP ( 'NONE', ( #5896, #7257, #4911, #7996 ) ) ;
#1840 = CARTESIAN_POINT ( 'NONE',  ( 0.000000000000000000, 0.000000000000000000, -10.99999976158160031 ) ) ;
#1841 = EDGE_CURVE ( 'NONE', #2871, #5306, #2859, .T. ) ;
#1842 = VERTEX_POINT ( 'NONE', #57 ) ;
#1843 = AXIS2_PLACEMENT_3D ( 'NONE', #609, #8806, #3674 ) ;
#1844 = ORIENTED_EDGE ( 'NONE', *, *, #7787, .F. ) ;
#1845 = CARTESIAN_POINT ( 'NONE',  ( 2.500000000000002220, -10.42532973099707938, 5.500000953674160087 ) ) ;
#1846 = VERTEX_POINT ( 'NONE', #5184 ) ;
#1847 = LINE ( 'NONE', #8319, #1985 ) ;
#1848 = EDGE_CURVE ( 'NONE', #1941, #768, #4226, .T. ) ;
#1849 = LINE ( 'NONE', #2567, #244 ) ;
#1850 = CARTESIAN_POINT ( 'NONE',  ( 2.500000000000002220, -20.85065946199304676, 16.50000095367419917 ) ) ;
#1851 = ORIENTED_EDGE ( 'NONE', *, *, #613, .F. ) ;
#1852 = EDGE_CURVE ( 'NONE', #6838, #1518, #1491, .T. ) ;
#1853 = EDGE_LOOP ( 'NONE', ( #2571, #1277, #3188, #2051 ) ) ;
#1854 = DIRECTION ( 'NONE',  ( 0.000000000000000000, 0.000000000000000000, 1.000000000000000000 ) ) ;
#1855 = DIRECTION ( 'NONE',  ( 0.9575997404350009568, -0.2881019561176543786, 0.000000000000000000 ) ) ;
#1856 = LINE ( 'NONE', #6359, #7000 ) ;
#1857 = DIRECTION ( 'NONE',  ( 0.000000000000000000, 0.000000000000000000, 1.000000000000000000 ) ) ;
#1858 = DIRECTION ( 'NONE',  ( -0.2881019561176437760, -0.9575997404350040654, 0.000000000000000000 ) ) ;
#1859 = VERTEX_POINT ( 'NONE', #3026 ) ;
#1860 = CARTESIAN_POINT ( 'NONE',  ( 20.55796506004270441, 13.60119746897492377, 10.50000095367419917 ) ) ;
#1861 = DIRECTION ( 'NONE',  ( 0.000000000000000000, -1.000000000000000000, 0.000000000000000000 ) ) ;
#1862 = CARTESIAN_POINT ( 'NONE',  ( 20.55796506004270441, -13.60119746897603399, -4.500000000000158984 ) ) ;
#1863 = DIRECTION ( 'NONE',  ( -0.2881019561176437760, -0.9575997404350040654, 0.000000000000000000 ) ) ;
#1864 = AXIS2_PLACEMENT_3D ( 'NONE', #9427, #5152, #5733 ) ;
#1865 = LINE ( 'NONE', #2006, #2880 ) ;
#1866 = DIRECTION ( 'NONE',  ( 0.000000000000000000, 0.000000000000000000, 1.000000000000000000 ) ) ;
#1867 = DIRECTION ( 'NONE',  ( 0.000000000000000000, 0.000000000000000000, 1.000000000000000000 ) ) ;
#1868 = ORIENTED_EDGE ( 'NONE', *, *, #633, .T. ) ;
#1869 = ORIENTED_EDGE ( 'NONE', *, *, #8491, .T. ) ;
#1870 = VERTEX_POINT ( 'NONE', #5856 ) ;
#1871 = EDGE_CURVE ( 'NONE', #764, #4266, #916, .T. ) ;
#1872 = EDGE_LOOP ( 'NONE', ( #8116, #6966, #2011, #8017, #1800, #616, #3375, #3856 ) ) ;
#1873 = CARTESIAN_POINT ( 'NONE',  ( -22.05796506004299573, 11.00312125762192750, 12.50000095367419917 ) ) ;
#1874 = LINE ( 'NONE', #4798, #1336 ) ;
#1875 = DIRECTION ( 'NONE',  ( 0.000000000000000000, 0.000000000000000000, 1.000000000000000000 ) ) ;
#1876 = EDGE_CURVE ( 'NONE', #768, #3631, #99, .T. ) ;
#1877 = CARTESIAN_POINT ( 'NONE',  ( -8.537185086044992488, -19.78683832264904652, 22.50000000000000000 ) ) ;
#1878 = EDGE_CURVE ( 'NONE', #4343, #437, #3295, .T. ) ;
#1879 = VERTEX_POINT ( 'NONE', #3120 ) ;
#1880 = DIRECTION ( 'NONE',  ( -0.7071067811865470176, 0.7071067811865480168, 0.000000000000000000 ) ) ;
#1881 = AXIS2_PLACEMENT_3D ( 'NONE', #1493, #3795, #4417 ) ;
#1882 = VERTEX_POINT ( 'NONE', #6046 ) ;
#1883 = AXIS2_PLACEMENT_3D ( 'NONE', #7434, #5218, #5316 ) ;
#1884 = ORIENTED_EDGE ( 'NONE', *, *, #4419, .F. ) ;
#1885 = CARTESIAN_POINT ( 'NONE',  ( -1.500000000000001332, 24.60431872659696495, -4.500000000000158984 ) ) ;
#1886 = ORIENTED_EDGE ( 'NONE', *, *, #5209, .F. ) ;
#1887 = CARTESIAN_POINT ( 'NONE',  ( 13.60119746897540871, -20.55796506004303836, 10.50000095367419917 ) ) ;
#1888 = AXIS2_PLACEMENT_3D ( 'NONE', #3200, #3914, #371 ) ;
#1889 = CARTESIAN_POINT ( 'NONE',  ( 25.28957345041282423, 2.228303483095289472, 22.50000000000000000 ) ) ;
#1890 = DIRECTION ( 'NONE',  ( 0.000000000000000000, 0.000000000000000000, -1.000000000000000000 ) ) ;
#1891 = EDGE_CURVE ( 'NONE', #8586, #3382, #6000, .T. ) ;
#1892 = EDGE_LOOP ( 'NONE', ( #7708, #5686, #1489, #2611 ) ) ;
#1893 = AXIS2_PLACEMENT_3D ( 'NONE', #612, #2236, #9390 ) ;
#1894 = EDGE_CURVE ( 'NONE', #8777, #4790, #7611, .T. ) ;
#1895 = EDGE_LOOP ( 'NONE', ( #659, #207, #352, #7947 ) ) ;
#1896 = DIRECTION ( 'NONE',  ( 0.000000000000000000, 0.000000000000000000, -1.000000000000000000 ) ) ;
#1897 = DIRECTION ( 'NONE',  ( 0.000000000000000000, 0.000000000000000000, 1.000000000000000000 ) ) ;
#1898 = DIRECTION ( 'NONE',  ( -0.8660254037844387076, 0.4999999999999998890, 0.000000000000000000 ) ) ;
#1899 = DIRECTION ( 'NONE',  ( 0.000000000000000000, 0.000000000000000000, -1.000000000000000000 ) ) ;
#1900 = DIRECTION ( 'NONE',  ( 0.000000000000000000, 0.000000000000000000, 1.000000000000000000 ) ) ;
#1901 = CIRCLE ( 'NONE', #3580, 1.000000000000000444 ) ;
#1902 = ORIENTED_EDGE ( 'NONE', *, *, #5654, .T. ) ;
#1903 = ADVANCED_FACE ( 'NONE', ( #7355 ), #4362, .T. ) ;
#1904 = CARTESIAN_POINT ( 'NONE',  ( 0.02258221876439378203, -3.749932005169651195, 21.30000023841839862 ) ) ;
#1905 = DIRECTION ( 'NONE',  ( 0.000000000000000000, 0.000000000000000000, 1.000000000000000000 ) ) ;
#1906 = DIRECTION ( 'NONE',  ( 0.6667820768063215109, 0.7452527504476912368, 0.000000000000000000 ) ) ;
#1907 = DIRECTION ( 'NONE',  ( 0.05548714545607766335, 0.9984594016228882651, 0.000000000000000000 ) ) ;
#1908 = AXIS2_PLACEMENT_3D ( 'NONE', #6108, #8933, #112 ) ;
#1909 = FACE_BOUND ( 'NONE', #940, .T. ) ;
#1910 = PLANE ( 'NONE',  #6361 ) ;
#1911 = ORIENTED_EDGE ( 'NONE', *, *, #7623, .T. ) ;
#1912 = VERTEX_POINT ( 'NONE', #17 ) ;
#1913 = AXIS2_PLACEMENT_3D ( 'NONE', #2075, #6491, #3653 ) ;
#1914 = ORIENTED_EDGE ( 'NONE', *, *, #1557, .T. ) ;
#1915 = ORIENTED_EDGE ( 'NONE', *, *, #1541, .F. ) ;
#1916 = CARTESIAN_POINT ( 'NONE',  ( -24.60431872659797747, -1.500000000000056843, 10.50000095367419917 ) ) ;
#1917 = DIRECTION ( 'NONE',  ( 0.000000000000000000, 0.000000000000000000, -1.000000000000000000 ) ) ;
#1918 = EDGE_CURVE ( 'NONE', #9371, #6838, #9440, .T. ) ;
#1919 = DIRECTION ( 'NONE',  ( 0.7283034830953664107, -0.6852547238152811859, 0.000000000000000000 ) ) ;
#1920 = AXIS2_PLACEMENT_3D ( 'NONE', #8624, #8092, #653 ) ;
#1921 = CARTESIAN_POINT ( 'NONE',  ( -21.40449719101199122, 2.499999999999946709, 12.50000095367419917 ) ) ;
#1923 = EDGE_CURVE ( 'NONE', #7243, #8585, #1583, .T. ) ;
#1922 = ORIENTED_EDGE ( 'NONE', *, *, #4861, .F. ) ;
#1924 = DIRECTION ( 'NONE',  ( 0.000000000000000000, 0.000000000000000000, -1.000000000000000000 ) ) ;
#1925 = CIRCLE ( 'NONE', #5134, 10.50000000000000000 ) ;
#1926 = ORIENTED_EDGE ( 'NONE', *, *, #5595, .T. ) ;
#1927 = VECTOR ( 'NONE', #1371, 1000.000000000000000 ) ;
#1928 = CIRCLE ( 'NONE', #3456, 1.000000000000000000 ) ;
#1929 = ORIENTED_EDGE ( 'NONE', *, *, #5410, .F. ) ;
#1930 = CARTESIAN_POINT ( 'NONE',  ( -12.67365965879599443, -4.430389469675999337, 12.50000095367419917 ) ) ;
#1931 = ORIENTED_EDGE ( 'NONE', *, *, #3164, .T. ) ;
#1932 = CARTESIAN_POINT ( 'NONE',  ( -22.05796506004299573, -11.00312125762203941, 10.50000095367419917 ) ) ;
#1933 = DIRECTION ( 'NONE',  ( 1.000000000000000000, 0.000000000000000000, 0.000000000000000000 ) ) ;
#1934 = CARTESIAN_POINT ( 'NONE',  ( 0.000000000000000000, 0.000000000000000000, -10.99999976158160031 ) ) ;
#1935 = ADVANCED_FACE ( 'NONE', ( #2307 ), #772, .F. ) ;
#1936 = AXIS2_PLACEMENT_3D ( 'NONE', #3818, #5925, #129 ) ;
#1937 = CARTESIAN_POINT ( 'NONE',  ( 0.000000000000000000, 0.000000000000000000, -4.500000000000158984 ) ) ;
#1938 = VERTEX_POINT ( 'NONE', #6152 ) ;
#1939 = CARTESIAN_POINT ( 'NONE',  ( 13.60119746897540871, 20.55796506004192636, -4.500000000000158984 ) ) ;
#1940 = AXIS2_PLACEMENT_3D ( 'NONE', #700, #3575, #5109 ) ;
#1941 = VERTEX_POINT ( 'NONE', #5381 ) ;
#1942 = ORIENTED_EDGE ( 'NONE', *, *, #7395, .T. ) ;
#1943 = DIRECTION ( 'NONE',  ( -0.000000000000000000, -0.000000000000000000, -1.000000000000000000 ) ) ;
#1944 = EDGE_CURVE ( 'NONE', #1112, #7508, #6821, .T. ) ;
#1945 = PLANE ( 'NONE',  #741 ) ;
#1946 = DIRECTION ( 'NONE',  ( 0.000000000000000000, 0.000000000000000000, -1.000000000000000000 ) ) ;
#1947 = DIRECTION ( 'NONE',  ( -0.2881019561176164645, 0.9575997404350123920, 0.000000000000000000 ) ) ;
#1948 = AXIS2_PLACEMENT_3D ( 'NONE', #4653, #1632, #9077 ) ;
#1949 = ADVANCED_FACE ( 'NONE', ( #4756 ), #9125, .T. ) ;
#1950 = VERTEX_POINT ( 'NONE', #9030 ) ;
#1951 = EDGE_CURVE ( 'NONE', #8967, #2644, #6874, .T. ) ;
#1952 = CIRCLE ( 'NONE', #8398, 1.000000000000000444 ) ;
#1953 = CARTESIAN_POINT ( 'NONE',  ( -13.60119746897600557, -20.55796506004303836, -4.500000000000158984 ) ) ;
#1954 = DIRECTION ( 'NONE',  ( 0.000000000000000000, 0.000000000000000000, 1.000000000000000000 ) ) ;
#1955 = CARTESIAN_POINT ( 'NONE',  ( 0.000000000000000000, 0.000000000000000000, 10.50000095367419917 ) ) ;
#1956 = DIRECTION ( 'NONE',  ( 0.000000000000000000, 0.000000000000000000, -1.000000000000000000 ) ) ;
#1957 = CARTESIAN_POINT ( 'NONE',  ( -25.64999999999999858, -3.141219039812960652E-15, -4.500000000000158984 ) ) ;
#1958 = EDGE_CURVE ( 'NONE', #462, #9072, #3221, .T. ) ;
#1959 = CARTESIAN_POINT ( 'NONE',  ( -2.499999999999988454, -24.60431872659807340, -4.500000000000158984 ) ) ;
#1960 = CIRCLE ( 'NONE', #580, 1.000000000000001110 ) ;
#1961 = ORIENTED_EDGE ( 'NONE', *, *, #2841, .F. ) ;
#1962 = ORIENTED_EDGE ( 'NONE', *, *, #2539, .T. ) ;
#1963 = EDGE_CURVE ( 'NONE', #8630, #4868, #3937, .T. ) ;
#1964 = ORIENTED_EDGE ( 'NONE', *, *, #6570, .T. ) ;
#1965 = CIRCLE ( 'NONE', #1347, 25.64999999999999858 ) ;
#1966 = ORIENTED_EDGE ( 'NONE', *, *, #3354, .F. ) ;
#1967 = VECTOR ( 'NONE', #3180, 1000.000000000000000 ) ;
#1968 = CARTESIAN_POINT ( 'NONE',  ( -21.55000000000000071, -2.639113852162546308E-15, 28.99999856948849697 ) ) ;
#1969 = LINE ( 'NONE', #8542, #3478 ) ;
#1970 = DIRECTION ( 'NONE',  ( -0.7452527504476756937, 0.6667820768063390524, 0.000000000000000000 ) ) ;
#1971 = AXIS2_PLACEMENT_3D ( 'NONE', #2852, #1316, #2178 ) ;
#1972 = FACE_OUTER_BOUND ( 'NONE', #7673, .T. ) ;
#1973 = VERTEX_POINT ( 'NONE', #2458 ) ;
#1974 = AXIS2_PLACEMENT_3D ( 'NONE', #6219, #3961, #2527 ) ;
#1975 = DIRECTION ( 'NONE',  ( 5.444759314769119984E-17, -6.085529284608870028E-17, -1.000000000000000000 ) ) ;
#1976 = AXIS2_PLACEMENT_3D ( 'NONE', #5226, #5997, #8926 ) ;
#1977 = EDGE_CURVE ( 'NONE', #1203, #4464, #4032, .T. ) ;
#1978 = ORIENTED_EDGE ( 'NONE', *, *, #2876, .T. ) ;
#1979 = ORIENTED_EDGE ( 'NONE', *, *, #8792, .F. ) ;
#1980 = DIRECTION ( 'NONE',  ( 0.000000000000000000, 0.000000000000000000, 1.000000000000000000 ) ) ;
#1981 = ORIENTED_EDGE ( 'NONE', *, *, #8107, .F. ) ;
#1983 = AXIS2_PLACEMENT_3D ( 'NONE', #4347, #1339, #8770 ) ;
#1982 = DIRECTION ( 'NONE',  ( 0.000000000000000000, 0.000000000000000000, -1.000000000000000000 ) ) ;
#1984 = FACE_OUTER_BOUND ( 'NONE', #1727, .T. ) ;
#1985 = VECTOR ( 'NONE', #8419, 1000.000000000000000 ) ;
#1986 = CARTESIAN_POINT ( 'NONE',  ( 25.60246553092200728, -1.560851926977968596, 10.50000095367419917 ) ) ;
#1987 = EDGE_CURVE ( 'NONE', #7726, #9277, #392, .T. ) ;
#1988 = DIRECTION ( 'NONE',  ( -0.2292962573396254977, -0.9733566799329216312, 0.000000000000000000 ) ) ;
#1989 = EDGE_LOOP ( 'NONE', ( #8, #8849, #239, #8736 ) ) ;
#1990 = CYLINDRICAL_SURFACE ( 'NONE', #4026, 10.50000000000000000 ) ;
#1991 = VECTOR ( 'NONE', #231, 1000.000000000000000 ) ;
#1992 = EDGE_CURVE ( 'NONE', #9229, #1529, #2508, .T. ) ;
#1993 = ORIENTED_EDGE ( 'NONE', *, *, #490, .F. ) ;
#1994 = ORIENTED_EDGE ( 'NONE', *, *, #304, .T. ) ;
#1995 = CARTESIAN_POINT ( 'NONE',  ( -12.86731210496699873, 17.28683832264898967, -4.500000000000158984 ) ) ;
#1996 = DIRECTION ( 'NONE',  ( 0.000000000000000000, 0.000000000000000000, 1.000000000000000000 ) ) ;
#1997 = CARTESIAN_POINT ( 'NONE',  ( 0.000000000000000000, 0.000000000000000000, 0.9999999999998441247 ) ) ;
#1998 = DIRECTION ( 'NONE',  ( 0.7283034830954154826, 0.6852547238152291165, 0.000000000000000000 ) ) ;
#1999 = EDGE_CURVE ( 'NONE', #3402, #8323, #4108, .T. ) ;
#2000 = ORIENTED_EDGE ( 'NONE', *, *, #4107, .F. ) ;
#2001 = ADVANCED_FACE ( 'NONE', ( #4800 ), #4079, .T. ) ;
#2002 = DIRECTION ( 'NONE',  ( -0.9733566799329479435, -0.2292962573395145309, 0.000000000000000000 ) ) ;
#2003 = LINE ( 'NONE', #2814, #3319 ) ;
#2004 = DIRECTION ( 'NONE',  ( 0.8660254037844387076, 0.4999999999999998890, 0.000000000000000000 ) ) ;
#2005 = DIRECTION ( 'NONE',  ( 0.000000000000000000, 0.000000000000000000, 1.000000000000000000 ) ) ;
#2006 = CARTESIAN_POINT ( 'NONE',  ( 14.15438635627939234, 12.26893148769978659, 0.9999999999998441247 ) ) ;
#2007 = CARTESIAN_POINT ( 'NONE',  ( 22.05796506004260848, -11.00312125762303950, 10.50000095367419917 ) ) ;
#2008 = VERTEX_POINT ( 'NONE', #3366 ) ;
#2009 = ORIENTED_EDGE ( 'NONE', *, *, #6089, .T. ) ;
#2010 = EDGE_CURVE ( 'NONE', #8653, #8801, #5490, .T. ) ;
#2011 = ORIENTED_EDGE ( 'NONE', *, *, #9378, .F. ) ;
#2012 = AXIS2_PLACEMENT_3D ( 'NONE', #9318, #2029, #5092 ) ;
#2013 = ORIENTED_EDGE ( 'NONE', *, *, #1599, .T. ) ;
#2014 = CARTESIAN_POINT ( 'NONE',  ( 21.40449719101100712, 2.499999999999946709, 16.49999856948839749 ) ) ;
#2015 = CARTESIAN_POINT ( 'NONE',  ( -11.00312125762199855, 22.05796506004198321, 10.50000095367419917 ) ) ;
#2016 = DIRECTION ( 'NONE',  ( 1.000000000000000000, 0.000000000000000000, 0.000000000000000000 ) ) ;
#2017 = CIRCLE ( 'NONE', #7381, 25.64999999999999858 ) ;
#2018 = VERTEX_POINT ( 'NONE', #2405 ) ;
#2019 = DIRECTION ( 'NONE',  ( -0.7283034830953664107, -0.6852547238152811859, 0.000000000000000000 ) ) ;
#2020 = EDGE_LOOP ( 'NONE', ( #5723, #7590, #8313, #3969 ) ) ;
#2021 = EDGE_CURVE ( 'NONE', #320, #3710, #4251, .T. ) ;
#2022 = EDGE_CURVE ( 'NONE', #7058, #4963, #123, .T. ) ;
#2023 = EDGE_LOOP ( 'NONE', ( #9024, #5587, #1260, #4987 ) ) ;
#2024 = CARTESIAN_POINT ( 'NONE',  ( -25.60246553092200728, 1.560851926976969395, 10.50000095367419917 ) ) ;
#2025 = ORIENTED_EDGE ( 'NONE', *, *, #7106, .T. ) ;
#2026 = LINE ( 'NONE', #8507, #7618 ) ;
#2027 = CARTESIAN_POINT ( 'NONE',  ( -14.09889921082299580, -11.27047208607712037, 28.99999856948849697 ) ) ;
#2028 = CARTESIAN_POINT ( 'NONE',  ( -20.55796506004299573, 13.60119746897492377, 10.50000095367419917 ) ) ;
#2029 = DIRECTION ( 'NONE',  ( 0.000000000000000000, 0.000000000000000000, 1.000000000000000000 ) ) ;
#2030 = CARTESIAN_POINT ( 'NONE',  ( -20.55796506004299573, -13.60119746897603399, 22.50000000000000000 ) ) ;
#2031 = ORIENTED_EDGE ( 'NONE', *, *, #5850, .T. ) ;
#2032 = CARTESIAN_POINT ( 'NONE',  ( 0.000000000000000000, 0.000000000000000000, -4.500000000000158984 ) ) ;
#2033 = AXIS2_PLACEMENT_3D ( 'NONE', #5683, #9018, #6239 ) ;
#2034 = ORIENTED_EDGE ( 'NONE', *, *, #268, .F. ) ;
#2035 = AXIS2_PLACEMENT_3D ( 'NONE', #9006, #4009, #4683 ) ;
#2036 = ORIENTED_EDGE ( 'NONE', *, *, #5101, .F. ) ;
#2037 = DIRECTION ( 'NONE',  ( -0.6852547238153542386, -0.7283034830952977989, 0.000000000000000000 ) ) ;
#2038 = CARTESIAN_POINT ( 'NONE',  ( 14.15438635627941899, -12.26893148770000863, 0.9999999999998441247 ) ) ;
#2039 = DIRECTION ( 'NONE',  ( 0.000000000000000000, 0.000000000000000000, 1.000000000000000000 ) ) ;
#2040 = CARTESIAN_POINT ( 'NONE',  ( 14.15297018576949739, 21.39195958580497603, -4.500000000000158984 ) ) ;
#2041 = VECTOR ( 'NONE', #6091, 1000.000000000000000 ) ;
#2042 = FACE_OUTER_BOUND ( 'NONE', #8893, .T. ) ;
#2043 = ORIENTED_EDGE ( 'NONE', *, *, #8898, .T. ) ;
#2044 = EDGE_CURVE ( 'NONE', #6598, #5588, #7031, .T. ) ;
#2045 = CARTESIAN_POINT ( 'NONE',  ( -25.28957345041333227, -2.228303483095354753, 12.50000095367419917 ) ) ;
#2046 = CARTESIAN_POINT ( 'NONE',  ( -1.500000000000001332, -24.60431872659807340, -4.500000000000158984 ) ) ;
#2047 = CARTESIAN_POINT ( 'NONE',  ( 25.60246553092200728, -1.560851926977968596, 10.50000095367419917 ) ) ;
#2048 = CARTESIAN_POINT ( 'NONE',  ( -17.93885447847799597, 2.000000000000001776, 0.9999999999998441247 ) ) ;
#2049 = CARTESIAN_POINT ( 'NONE',  ( -20.55796506004299573, 13.60119746897492377, 12.50000095367419917 ) ) ;
#2050 = DIRECTION ( 'NONE',  ( 0.000000000000000000, 0.000000000000000000, -1.000000000000000000 ) ) ;
#2051 = ORIENTED_EDGE ( 'NONE', *, *, #2974, .F. ) ;
#2052 = EDGE_LOOP ( 'NONE', ( #4010, #1724, #384, #198, #6483, #9118, #6044, #3507 ) ) ;
#2053 = VERTEX_POINT ( 'NONE', #6924 ) ;
#2054 = AXIS2_PLACEMENT_3D ( 'NONE', #3517, #5094, #8075 ) ;
#2055 = DIRECTION ( 'NONE',  ( 0.000000000000000000, 0.000000000000000000, 1.000000000000000000 ) ) ;
#2056 = ORIENTED_EDGE ( 'NONE', *, *, #670, .F. ) ;
#2057 = LINE ( 'NONE', #6294, #3045 ) ;
#2058 = CARTESIAN_POINT ( 'NONE',  ( -20.78726131738262239, -14.57455414890895717, 22.50000000000000000 ) ) ;
#2059 = EDGE_CURVE ( 'NONE', #8811, #1728, #882, .T. ) ;
#2060 = VECTOR ( 'NONE', #727, 1000.000000000000000 ) ;
#2061 = CARTESIAN_POINT ( 'NONE',  ( 2.000000000000001776, 17.93885447847687331, -10.99999976158160031 ) ) ;
#2062 = ORIENTED_EDGE ( 'NONE', *, *, #6181, .F. ) ;
#2063 = DIRECTION ( 'NONE',  ( -0.4999999999999998890, -0.8660254037844387076, 0.000000000000000000 ) ) ;
#2064 = EDGE_CURVE ( 'NONE', #2738, #2240, #250, .T. ) ;
#2065 = EDGE_LOOP ( 'NONE', ( #3019, #4673, #3855, #1411, #245, #3053, #6720, #4762 ) ) ;
#2066 = EDGE_CURVE ( 'NONE', #5894, #8373, #8407, .T. ) ;
#2067 = VECTOR ( 'NONE', #1440, 1000.000000000000114 ) ;
#2068 = AXIS2_PLACEMENT_3D ( 'NONE', #8475, #7855, #1947 ) ;
#2069 = EDGE_LOOP ( 'NONE', ( #9096, #5806, #5706, #7196, #9299, #6945, #7285, #2563 ) ) ;
#2070 = CARTESIAN_POINT ( 'NONE',  ( -9.361657171675988209, -1.000000000000000888, 28.99999856948849697 ) ) ;
#2071 = ORIENTED_EDGE ( 'NONE', *, *, #7888, .F. ) ;
#2072 = CIRCLE ( 'NONE', #7288, 19.05000000000000071 ) ;
#2073 = LINE ( 'NONE', #6344, #5767 ) ;
#2074 = DIRECTION ( 'NONE',  ( 0.000000000000000000, 0.000000000000000000, 1.000000000000000000 ) ) ;
#2075 = CARTESIAN_POINT ( 'NONE',  ( 24.60431872659751917, 1.499999999999945821, 5.500000953674160087 ) ) ;
#2076 = CARTESIAN_POINT ( 'NONE',  ( 25.60246553092200728, -1.560851926977968596, 5.500000953674160087 ) ) ;
#2077 = EDGE_CURVE ( 'NONE', #9392, #2371, #3028, .T. ) ;
#2078 = CARTESIAN_POINT ( 'NONE',  ( -21.55000000000000071, -2.639113852162546308E-15, -4.500000000000158984 ) ) ;
#2079 = DIRECTION ( 'NONE',  ( 0.2292962573396709614, -0.9733566799329110841, 0.000000000000000000 ) ) ;
#2080 = VECTOR ( 'NONE', #7090, 1000.000000000000000 ) ;
#2081 = ORIENTED_EDGE ( 'NONE', *, *, #8470, .F. ) ;
#2082 = AXIS2_PLACEMENT_3D ( 'NONE', #9127, #1017, #3409 ) ;
#2083 = DIRECTION ( 'NONE',  ( -1.000000000000000000, 0.000000000000000000, 0.000000000000000000 ) ) ;
#2084 = ADVANCED_FACE ( 'NONE', ( #1253 ), #2867, .T. ) ;
#2085 = EDGE_LOOP ( 'NONE', ( #4165, #1383, #4794, #4791 ) ) ;
#2086 = ORIENTED_EDGE ( 'NONE', *, *, #1360, .F. ) ;
#2087 = CARTESIAN_POINT ( 'NONE',  ( 0.000000000000000000, 0.000000000000000000, 12.50000095367419917 ) ) ;
#2088 = AXIS2_PLACEMENT_3D ( 'NONE', #876, #3805, #973 ) ;
#2089 = DIRECTION ( 'NONE',  ( 0.6667820768063215109, -0.7452527504476912368, 0.000000000000000000 ) ) ;
#2090 = CIRCLE ( 'NONE', #6064, 25.64999999999999858 ) ;
#2091 = DIRECTION ( 'NONE',  ( 0.000000000000000000, 0.000000000000000000, -1.000000000000000000 ) ) ;
#2092 = DIRECTION ( 'NONE',  ( 0.2292962573396013781, 0.9733566799329275154, 0.000000000000000000 ) ) ;
#2093 = AXIS2_PLACEMENT_3D ( 'NONE', #3701, #4504, #863 ) ;
#2094 = CIRCLE ( 'NONE', #1626, 1.000000000000001776 ) ;
#2095 = ORIENTED_EDGE ( 'NONE', *, *, #8335, .F. ) ;
#2096 = CARTESIAN_POINT ( 'NONE',  ( 0.000000000000000000, 0.000000000000000000, 22.50000000000000000 ) ) ;
#2097 = CARTESIAN_POINT ( 'NONE',  ( 8.537185086044910776, -19.78683832264904652, -4.500000000000158984 ) ) ;
#2098 = PLANE ( 'NONE',  #156 ) ;
#2099 = CARTESIAN_POINT ( 'NONE',  ( 0.000000000000000000, 0.000000000000000000, -4.500000000000158984 ) ) ;
#2100 = AXIS2_PLACEMENT_3D ( 'NONE', #4994, #7934, #3460 ) ;
#2101 = EDGE_CURVE ( 'NONE', #7243, #1031, #2263, .T. ) ;
#2102 = CARTESIAN_POINT ( 'NONE',  ( -22.05796506004299573, -11.00312125762203941, 10.50000095367419917 ) ) ;
#2103 = DIRECTION ( 'NONE',  ( 0.000000000000000000, 0.000000000000000000, -1.000000000000000000 ) ) ;
#2104 = ORIENTED_EDGE ( 'NONE', *, *, #1143, .T. ) ;
#2105 = VERTEX_POINT ( 'NONE', #9483 ) ;
#2106 = ORIENTED_EDGE ( 'NONE', *, *, #5964, .T. ) ;
#2107 = CARTESIAN_POINT ( 'NONE',  ( 22.95281151278260978, -11.44949534515304990, -4.500000000000158984 ) ) ;
#2108 = EDGE_CURVE ( 'NONE', #4423, #8630, #1965, .T. ) ;
#2109 = DIRECTION ( 'NONE',  ( -0.006021925003847164795, 0.9999818680452400299, 0.000000000000000000 ) ) ;
#2110 = DIRECTION ( 'NONE',  ( -0.6852547238153542386, -0.7283034830952977989, 0.000000000000000000 ) ) ;
#2111 = CIRCLE ( 'NONE', #3336, 0.9999999999999992228 ) ;
#2112 = AXIS2_PLACEMENT_3D ( 'NONE', #46, #7387, #5939 ) ;
#2113 = DIRECTION ( 'NONE',  ( 1.000000000000000000, 0.000000000000000000, 0.000000000000000000 ) ) ;
#2114 = ORIENTED_EDGE ( 'NONE', *, *, #941, .T. ) ;
#2115 = CYLINDRICAL_SURFACE ( 'NONE', #3396, 1.000000000000000888 ) ;
#2116 = ADVANCED_FACE ( 'NONE', ( #4847 ), #6296, .T. ) ;
#2117 = AXIS2_PLACEMENT_3D ( 'NONE', #8808, #8497, #1919 ) ;
#2118 = EDGE_LOOP ( 'NONE', ( #5338, #3879, #7674, #7211 ) ) ;
#2119 = EDGE_CURVE ( 'NONE', #3480, #6214, #6711, .T. ) ;
#2120 = CIRCLE ( 'NONE', #8709, 21.55000000000000071 ) ;
#2121 = ORIENTED_EDGE ( 'NONE', *, *, #6178, .F. ) ;
#2122 = DIRECTION ( 'NONE',  ( 0.000000000000000000, 0.000000000000000000, 1.000000000000000000 ) ) ;
#2123 = ORIENTED_EDGE ( 'NONE', *, *, #6592, .T. ) ;
#2124 = CARTESIAN_POINT ( 'NONE',  ( 2.228303483095367632, -25.28957345041335358, 22.50000000000000000 ) ) ;
#2125 = PLANE ( 'NONE',  #8222 ) ;
#2126 = DIRECTION ( 'NONE',  ( 1.000000000000000000, 0.000000000000000000, 0.000000000000000000 ) ) ;
#2127 = VECTOR ( 'NONE', #984, 1000.000000000000000 ) ;
#2128 = EDGE_CURVE ( 'NONE', #4173, #1350, #2580, .T. ) ;
#2129 = AXIS2_PLACEMENT_3D ( 'NONE', #3458, #582, #3551 ) ;
#2130 = CARTESIAN_POINT ( 'NONE',  ( 0.000000000000000000, 0.000000000000000000, 5.500000953674160087 ) ) ;
#2131 = CARTESIAN_POINT ( 'NONE',  ( 11.44949534515241041, -22.95281151278305742, 10.50000095367419917 ) ) ;
#2132 = DIRECTION ( 'NONE',  ( 0.000000000000000000, 0.000000000000000000, -1.000000000000000000 ) ) ;
#2133 = CIRCLE ( 'NONE', #2736, 1.000000000000000888 ) ;
#2134 = VECTOR ( 'NONE', #9289, 1000.000000000000000 ) ;
#2135 = CIRCLE ( 'NONE', #8420, 1.000000000000000444 ) ;
#2136 = ORIENTED_EDGE ( 'NONE', *, *, #7500, .F. ) ;
#2137 = EDGE_CURVE ( 'NONE', #1061, #9326, #3343, .T. ) ;
#2138 = ORIENTED_EDGE ( 'NONE', *, *, #2772, .T. ) ;
#2139 = CARTESIAN_POINT ( 'NONE',  ( 0.000000000000000000, 0.000000000000000000, -4.500000000000158984 ) ) ;
#2140 = CARTESIAN_POINT ( 'NONE',  ( 10.27860038987210523, -3.047601356036988562, 12.50000095367419917 ) ) ;
#2141 = EDGE_CURVE ( 'NONE', #2789, #6159, #8706, .T. ) ;
#2142 = AXIS2_PLACEMENT_3D ( 'NONE', #5214, #1565, #4489 ) ;
#2143 = DIRECTION ( 'NONE',  ( 0.000000000000000000, 0.000000000000000000, 1.000000000000000000 ) ) ;
#2144 = ORIENTED_EDGE ( 'NONE', *, *, #2728, .F. ) ;
#2145 = FACE_OUTER_BOUND ( 'NONE', #3935, .T. ) ;
#2146 = DIRECTION ( 'NONE',  ( -0.2292962573396013781, 0.9733566799329275154, 0.000000000000000000 ) ) ;
#2147 = CARTESIAN_POINT ( 'NONE',  ( 2.500000000000002220, -21.40449719101200543, 12.50000095367419917 ) ) ;
#2148 = DIRECTION ( 'NONE',  ( 1.000000000000000000, 0.000000000000000000, 0.000000000000000000 ) ) ;
#2149 = CARTESIAN_POINT ( 'NONE',  ( -26.38181191654599544, 2.499999999999946709, 16.50000095367419917 ) ) ;
#2150 = DIRECTION ( 'NONE',  ( -1.000000000000000000, 0.000000000000000000, 0.000000000000000000 ) ) ;
#2151 = CARTESIAN_POINT ( 'NONE',  ( -17.28683832264898967, -12.86731210496705557, 22.50000000000000000 ) ) ;
#2152 = ORIENTED_EDGE ( 'NONE', *, *, #1790, .T. ) ;
#2153 = ORIENTED_EDGE ( 'NONE', *, *, #5237, .F. ) ;
#2154 = ORIENTED_EDGE ( 'NONE', *, *, #3571, .T. ) ;
#2155 = LINE ( 'NONE', #1520, #9031 ) ;
#2156 = DIRECTION ( 'NONE',  ( 0.000000000000000000, 0.000000000000000000, 1.000000000000000000 ) ) ;
#2157 = DIRECTION ( 'NONE',  ( 0.9575997404350280462, 0.2881019561175639510, 0.000000000000000000 ) ) ;
#2158 = CARTESIAN_POINT ( 'NONE',  ( 0.000000000000000000, 0.000000000000000000, 12.50000095367419917 ) ) ;
#2159 = ORIENTED_EDGE ( 'NONE', *, *, #2247, .F. ) ;
#2160 = DIRECTION ( 'NONE',  ( 0.000000000000000000, 0.000000000000000000, -1.000000000000000000 ) ) ;
#2161 = ADVANCED_FACE ( 'NONE', ( #1511 ), #4130, .F. ) ;
#2162 = ORIENTED_EDGE ( 'NONE', *, *, #2548, .T. ) ;
#2163 = ORIENTED_EDGE ( 'NONE', *, *, #5826, .T. ) ;
#2164 = FACE_OUTER_BOUND ( 'NONE', #2601, .T. ) ;
#2165 = ORIENTED_EDGE ( 'NONE', *, *, #2870, .F. ) ;
#2166 = LINE ( 'NONE', #862, #411 ) ;
#2167 = CARTESIAN_POINT ( 'NONE',  ( -17.93885447847799597, -2.000000000000001776, 0.9999999999998441247 ) ) ;
#2168 = EDGE_CURVE ( 'NONE', #4373, #7730, #4434, .T. ) ;
#2169 = EDGE_CURVE ( 'NONE', #5871, #1842, #5794, .T. ) ;
#2170 = CIRCLE ( 'NONE', #7531, 0.9999999999999985567 ) ;
#2171 = LINE ( 'NONE', #5090, #9262 ) ;
#2172 = CARTESIAN_POINT ( 'NONE',  ( -6.683765968360996901, 8.097979530733990572, -10.99999976158160031 ) ) ;
#2173 = DIRECTION ( 'NONE',  ( 0.000000000000000000, 0.000000000000000000, -1.000000000000000000 ) ) ;
#2174 = CARTESIAN_POINT ( 'NONE',  ( 0.000000000000000000, 0.000000000000000000, 11.80000047683700082 ) ) ;
#2175 = ORIENTED_EDGE ( 'NONE', *, *, #374, .T. ) ;
#2176 = EDGE_LOOP ( 'NONE', ( #2874, #4466, #2612, #3695 ) ) ;
#2177 = ORIENTED_EDGE ( 'NONE', *, *, #8588, .T. ) ;
#2178 = DIRECTION ( 'NONE',  ( 0.9984594016228911517, 0.05548714545602558001, 0.000000000000000000 ) ) ;
#2179 = DIRECTION ( 'NONE',  ( 1.000000000000000000, 0.000000000000000000, 0.000000000000000000 ) ) ;
#2180 = EDGE_CURVE ( 'NONE', #2839, #3480, #5837, .T. ) ;
#2181 = LINE ( 'NONE', #7412, #7406 ) ;
#2182 = ORIENTED_EDGE ( 'NONE', *, *, #1776, .F. ) ;
#2183 = EDGE_CURVE ( 'NONE', #1725, #7788, #2642, .T. ) ;
#2184 = CARTESIAN_POINT ( 'NONE',  ( 10.45227248018340482, -1.000000000000000888, 28.99999856948849697 ) ) ;
#2185 = VECTOR ( 'NONE', #8252, 1000.000000000000000 ) ;
#2186 = CARTESIAN_POINT ( 'NONE',  ( -22.05796506004299573, -11.00312125762203941, 22.50000000000000000 ) ) ;
#2187 = LINE ( 'NONE', #8622, #5968 ) ;
#2188 = CARTESIAN_POINT ( 'NONE',  ( 14.88000166017640424, 11.89487497173202790, 28.99999856948849697 ) ) ;
#2189 = CARTESIAN_POINT ( 'NONE',  ( -21.39195958580499024, 14.15297018576899823, 5.500000953674160087 ) ) ;
#2190 = DIRECTION ( 'NONE',  ( -0.2292962573396013781, 0.9733566799329275154, 0.000000000000000000 ) ) ;
#2191 = DIRECTION ( 'NONE',  ( 0.000000000000000000, 0.000000000000000000, 1.000000000000000000 ) ) ;
#2192 = EDGE_CURVE ( 'NONE', #6192, #4294, #1040, .T. ) ;
#2193 = ORIENTED_EDGE ( 'NONE', *, *, #4030, .T. ) ;
#2194 = VERTEX_POINT ( 'NONE', #8002 ) ;
#2195 = ORIENTED_EDGE ( 'NONE', *, *, #404, .T. ) ;
#2196 =( GEOMETRIC_REPRESENTATION_CONTEXT ( 3 ) GLOBAL_UNCERTAINTY_ASSIGNED_CONTEXT ( ( #714 ) ) GLOBAL_UNIT_ASSIGNED_CONTEXT ( ( #1038, #9005, #1712 ) ) REPRESENTATION_CONTEXT ( 'NONE', 'WORKASPACE' ) );
#2197 = EDGE_LOOP ( 'NONE', ( #4447, #6243, #4047, #970 ) ) ;
#2198 = FACE_OUTER_BOUND ( 'NONE', #1218, .T. ) ;
#2199 = CARTESIAN_POINT ( 'NONE',  ( -19.78683832264800557, 8.537185086043951543, 16.49999856948839749 ) ) ;
#2200 = CARTESIAN_POINT ( 'NONE',  ( -11.44949534515299305, -22.95281151278305742, 12.50000095367419917 ) ) ;
#2201 = FACE_OUTER_BOUND ( 'NONE', #182, .T. ) ;
#2202 = ORIENTED_EDGE ( 'NONE', *, *, #4773, .T. ) ;
#2203 = CARTESIAN_POINT ( 'NONE',  ( 0.000000000000000000, 0.000000000000000000, 5.500000953674160087 ) ) ;
#2204 = AXIS2_PLACEMENT_3D ( 'NONE', #1028, #3232, #120 ) ;
#2205 = ORIENTED_EDGE ( 'NONE', *, *, #432, .F. ) ;
#2206 = ORIENTED_EDGE ( 'NONE', *, *, #4934, .T. ) ;
#2207 = CARTESIAN_POINT ( 'NONE',  ( -22.55796506004299928, -10.13709585383804068, 10.50000095367419917 ) ) ;
#2208 = ORIENTED_EDGE ( 'NONE', *, *, #2169, .T. ) ;
#2209 = CARTESIAN_POINT ( 'NONE',  ( 11.02584244881181519, -24.09731931759196044, 16.50000095367419917 ) ) ;
#2210 = CARTESIAN_POINT ( 'NONE',  ( 17.28683832264819742, 12.86731210496594358, 16.49999856948839749 ) ) ;
#2211 = AXIS2_PLACEMENT_3D ( 'NONE', #1257, #5573, #6338 ) ;
#2212 = CARTESIAN_POINT ( 'NONE',  ( -25.60246553092200728, -1.560851926977968596, -4.500000000000158984 ) ) ;
#2213 = FACE_OUTER_BOUND ( 'NONE', #7084, .T. ) ;
#2214 = DIRECTION ( 'NONE',  ( 0.000000000000000000, 0.000000000000000000, -1.000000000000000000 ) ) ;
#2215 = CARTESIAN_POINT ( 'NONE',  ( -24.09731931759199952, -11.02584244881199638, 16.50000095367419917 ) ) ;
#2216 = ORIENTED_EDGE ( 'NONE', *, *, #1479, .T. ) ;
#2217 = VECTOR ( 'NONE', #6238, 1000.000000000000114 ) ;
#2218 = VERTEX_POINT ( 'NONE', #2189 ) ;
#2219 = ORIENTED_EDGE ( 'NONE', *, *, #8765, .F. ) ;
#2220 = CARTESIAN_POINT ( 'NONE',  ( -13.19090595827299239, 2.499999999999946709, 22.50000000000000000 ) ) ;
#2221 = CARTESIAN_POINT ( 'NONE',  ( 20.05796506004260848, -14.46722287276003271, 22.50000000000000000 ) ) ;
#2222 = AXIS2_PLACEMENT_3D ( 'NONE', #6075, #936, #2379 ) ;
#2223 = LINE ( 'NONE', #2909, #2809 ) ;
#2224 = EDGE_LOOP ( 'NONE', ( #8842, #43, #5160, #7348 ) ) ;
#2225 = CIRCLE ( 'NONE', #6370, 0.9999999999999994449 ) ;
#2226 = APPLICATION_CONTEXT ( 'automotive_design' ) ;
#2227 = EDGE_CURVE ( 'NONE', #5866, #2920, #6562, .T. ) ;
#2228 = CIRCLE ( 'NONE', #1166, 25.64999999999999858 ) ;
#2229 = VECTOR ( 'NONE', #6409, 1000.000000000000000 ) ;
#2230 = CARTESIAN_POINT ( 'NONE',  ( 20.78726131738237370, -14.57455414890894474, 10.50000095367419917 ) ) ;
#2231 = DIRECTION ( 'NONE',  ( 0.000000000000000000, 0.000000000000000000, -1.000000000000000000 ) ) ;
#2232 = DIRECTION ( 'NONE',  ( 0.000000000000000000, 0.000000000000000000, 1.000000000000000000 ) ) ;
#2233 = DIRECTION ( 'NONE',  ( 0.000000000000000000, 0.000000000000000000, -1.000000000000000000 ) ) ;
#2234 = CARTESIAN_POINT ( 'NONE',  ( 0.000000000000000000, 0.000000000000000000, 5.500000953674160087 ) ) ;
#2235 = DIRECTION ( 'NONE',  ( 1.000000000000000000, 0.000000000000000000, 0.000000000000000000 ) ) ;
#2236 = DIRECTION ( 'NONE',  ( 0.000000000000000000, 0.000000000000000000, 1.000000000000000000 ) ) ;
#2237 = ADVANCED_FACE ( 'NONE', ( #6608 ), #2689, .F. ) ;
#2238 = AXIS2_PLACEMENT_3D ( 'NONE', #2167, #8210, #6590 ) ;
#2239 = ADVANCED_FACE ( 'NONE', ( #8718 ), #4898, .T. ) ;
#2240 = VERTEX_POINT ( 'NONE', #5251 ) ;
#2241 = ORIENTED_EDGE ( 'NONE', *, *, #2355, .T. ) ;
#2242 = VERTEX_POINT ( 'NONE', #8135 ) ;
#2243 = VECTOR ( 'NONE', #6606, 1000.000000000000000 ) ;
#2244 = EDGE_LOOP ( 'NONE', ( #7585, #7072, #2698, #4473 ) ) ;
#2245 = FACE_OUTER_BOUND ( 'NONE', #7642, .T. ) ;
#2246 = DIRECTION ( 'NONE',  ( 1.000000000000000000, 0.000000000000000000, 0.000000000000000000 ) ) ;
#2247 = EDGE_CURVE ( 'NONE', #6999, #547, #8329, .T. ) ;
#2248 = DIRECTION ( 'NONE',  ( 1.000000000000000000, 0.000000000000000000, 0.000000000000000000 ) ) ;
#2249 = DIRECTION ( 'NONE',  ( -0.4999999999999998890, -0.8660254037844387076, 0.000000000000000000 ) ) ;
#2250 = VECTOR ( 'NONE', #4555, 1000.000000000000000 ) ;
#2251 = ORIENTED_EDGE ( 'NONE', *, *, #7248, .F. ) ;
#2252 = EDGE_CURVE ( 'NONE', #9086, #7112, #2706, .T. ) ;
#2253 = VERTEX_POINT ( 'NONE', #9003 ) ;
#2254 = CARTESIAN_POINT ( 'NONE',  ( -2.499999999999988454, 21.40449719101200543, 5.500000953674160087 ) ) ;
#2255 = ORIENTED_EDGE ( 'NONE', *, *, #7762, .F. ) ;
#2256 = ORIENTED_EDGE ( 'NONE', *, *, #6444, .T. ) ;
#2257 = DIRECTION ( 'NONE',  ( 0.000000000000000000, 0.000000000000000000, -1.000000000000000000 ) ) ;
#2258 = AXIS2_PLACEMENT_3D ( 'NONE', #667, #6576, #761 ) ;
#2259 = ORIENTED_EDGE ( 'NONE', *, *, #946, .T. ) ;
#2260 = DIRECTION ( 'NONE',  ( 0.000000000000000000, 0.000000000000000000, 1.000000000000000000 ) ) ;
#2261 = DIRECTION ( 'NONE',  ( 1.000000000000000000, 0.000000000000000000, 0.000000000000000000 ) ) ;
#2262 = DIRECTION ( 'NONE',  ( 1.000000000000000000, 0.000000000000000000, 0.000000000000000000 ) ) ;
#2263 = CIRCLE ( 'NONE', #2117, 1.000000000000000888 ) ;
#2264 = CARTESIAN_POINT ( 'NONE',  ( -18.93269683185599916, -2.110803324099963518, 0.9999999999998441247 ) ) ;
#2265 = AXIS2_PLACEMENT_3D ( 'NONE', #6087, #9013, #4637 ) ;
#2266 = DIRECTION ( 'NONE',  ( 0.6852547238153542386, -0.7283034830952977989, 0.000000000000000000 ) ) ;
#2267 = ORIENTED_EDGE ( 'NONE', *, *, #2311, .T. ) ;
#2268 = EDGE_LOOP ( 'NONE', ( #4255, #5731, #9457, #7912 ) ) ;
#2269 = ORIENTED_EDGE ( 'NONE', *, *, #3362, .F. ) ;
#2270 = CARTESIAN_POINT ( 'NONE',  ( -8.097979530733990572, 6.683765968359955956, -6.499999761581589652 ) ) ;
#2271 = VECTOR ( 'NONE', #1219, 1000.000000000000000 ) ;
#2272 = DIRECTION ( 'NONE',  ( 0.000000000000000000, 0.000000000000000000, 1.000000000000000000 ) ) ;
#2273 = AXIS2_PLACEMENT_3D ( 'NONE', #2758, #4289, #3611 ) ;
#2274 = DIRECTION ( 'NONE',  ( 1.220876328034555964E-16, 6.784746809680940233E-18, -1.000000000000000000 ) ) ;
#2275 = ORIENTED_EDGE ( 'NONE', *, *, #9043, .F. ) ;
#2276 = ORIENTED_EDGE ( 'NONE', *, *, #1578, .F. ) ;
#2277 = AXIS2_PLACEMENT_3D ( 'NONE', #1370, #4290, #2089 ) ;
#2278 = VECTOR ( 'NONE', #2109, 1000.000000000000114 ) ;
#2279 = VECTOR ( 'NONE', #2517, 1000.000000000000000 ) ;
#2280 = ADVANCED_FACE ( 'NONE', ( #9053 ), #5356, .T. ) ;
#2281 = CARTESIAN_POINT ( 'NONE',  ( 3.236245269559021143, 1.894522777708637973, 21.30000023841839862 ) ) ;
#2282 = FACE_OUTER_BOUND ( 'NONE', #5665, .T. ) ;
#2283 = CARTESIAN_POINT ( 'NONE',  ( 14.46722287275990837, -20.05796506004298152, 10.50000095367419917 ) ) ;
#2284 = DIRECTION ( 'NONE',  ( 0.6667820768063215109, 0.7452527504476912368, 0.000000000000000000 ) ) ;
#2285 = CARTESIAN_POINT ( 'NONE',  ( 14.15297018576949739, 21.39195958580497603, 10.50000095367419917 ) ) ;
#2286 = AXIS2_PLACEMENT_3D ( 'NONE', #4691, #5366, #9062 ) ;
#2287 = EDGE_CURVE ( 'NONE', #1882, #8366, #6840, .T. ) ;
#2288 = DIRECTION ( 'NONE',  ( 0.000000000000000000, 0.000000000000000000, 1.000000000000000000 ) ) ;
#2289 = EDGE_CURVE ( 'NONE', #3335, #8169, #6845, .T. ) ;
#2290 = EDGE_LOOP ( 'NONE', ( #4483, #72, #6882, #5827 ) ) ;
#2291 = ORIENTED_EDGE ( 'NONE', *, *, #1198, .F. ) ;
#2292 = VERTEX_POINT ( 'NONE', #3862 ) ;
#2293 = LINE ( 'NONE', #88, #8516 ) ;
#2294 = PLANE ( 'NONE',  #2142 ) ;
#2295 = LINE ( 'NONE', #4399, #7025 ) ;
#2296 = DIRECTION ( 'NONE',  ( 1.000000000000000000, 0.000000000000000000, 0.000000000000000000 ) ) ;
#2297 = EDGE_CURVE ( 'NONE', #3609, #5306, #6069, .T. ) ;
#2298 = DIRECTION ( 'NONE',  ( -0.8660254037844387076, 0.4999999999999998890, 0.000000000000000000 ) ) ;
#2299 = VERTEX_POINT ( 'NONE', #1710 ) ;
#2300 = VERTEX_POINT ( 'NONE', #3144 ) ;
#2301 = CARTESIAN_POINT ( 'NONE',  ( 0.000000000000000000, 0.000000000000000000, 28.99999856948849697 ) ) ;
#2302 = ORIENTED_EDGE ( 'NONE', *, *, #2610, .F. ) ;
#2303 = ORIENTED_EDGE ( 'NONE', *, *, #3708, .F. ) ;
#2304 = DIRECTION ( 'NONE',  ( 0.7283034830953664107, -0.6852547238152811859, 0.000000000000000000 ) ) ;
#2305 = ORIENTED_EDGE ( 'NONE', *, *, #5482, .F. ) ;
#2306 = LINE ( 'NONE', #9458, #870 ) ;
#2307 = FACE_OUTER_BOUND ( 'NONE', #306, .T. ) ;
#2308 = LINE ( 'NONE', #5231, #8822 ) ;
#2309 = DIRECTION ( 'NONE',  ( 1.000000000000000000, 0.000000000000000000, 0.000000000000000000 ) ) ;
#2310 = FACE_OUTER_BOUND ( 'NONE', #292, .T. ) ;
#2311 = EDGE_CURVE ( 'NONE', #6764, #4869, #8181, .T. ) ;
#2312 = ORIENTED_EDGE ( 'NONE', *, *, #6285, .F. ) ;
#2313 = VERTEX_POINT ( 'NONE', #4627 ) ;
#2314 = ORIENTED_EDGE ( 'NONE', *, *, #3360, .F. ) ;
#2315 = AXIS2_PLACEMENT_3D ( 'NONE', #8650, #9461, #5000 ) ;
#2316 = CARTESIAN_POINT ( 'NONE',  ( 22.05796506004260848, 11.00312125762192750, 12.50000095367419917 ) ) ;
#2317 = CARTESIAN_POINT ( 'NONE',  ( -18.72331434335298894, -1.000000000000000888, 3.999999999999840572 ) ) ;
#2318 = CARTESIAN_POINT ( 'NONE',  ( -8.760516488598005580, -10.17365965879601930, 22.50000000000000000 ) ) ;
#2319 = ORIENTED_EDGE ( 'NONE', *, *, #2359, .T. ) ;
#2320 = ORIENTED_EDGE ( 'NONE', *, *, #3345, .T. ) ;
#2321 = CIRCLE ( 'NONE', #5695, 1.000000000000000444 ) ;
#2322 = EDGE_CURVE ( 'NONE', #9080, #7977, #7765, .T. ) ;
#2323 = DIRECTION ( 'NONE',  ( -1.000000000000000000, 0.000000000000000000, 0.000000000000000000 ) ) ;
#2324 = LINE ( 'NONE', #5354, #3616 ) ;
#2325 = DIRECTION ( 'NONE',  ( 0.000000000000000000, 0.000000000000000000, 1.000000000000000000 ) ) ;
#2326 = DIRECTION ( 'NONE',  ( 0.000000000000000000, 0.000000000000000000, 1.000000000000000000 ) ) ;
#2327 = DIRECTION ( 'NONE',  ( 0.9733566799329029795, 0.2292962573397054060, 0.000000000000000000 ) ) ;
#2328 = EDGE_CURVE ( 'NONE', #2778, #8628, #6531, .T. ) ;
#2330 = CARTESIAN_POINT ( 'NONE',  ( 20.05796506004270441, 14.46722287275992258, -4.500000000000158984 ) ) ;
#2329 = AXIS2_PLACEMENT_3D ( 'NONE', #7166, #866, #202 ) ;
#2331 = ORIENTED_EDGE ( 'NONE', *, *, #6467, .F. ) ;
#2332 = VERTEX_POINT ( 'NONE', #8904 ) ;
#2333 = ORIENTED_EDGE ( 'NONE', *, *, #4530, .F. ) ;
#2334 = AXIS2_PLACEMENT_3D ( 'NONE', #7153, #9353, #4308 ) ;
#2335 = DIRECTION ( 'NONE',  ( 1.000000000000000000, 0.000000000000000000, 0.000000000000000000 ) ) ;
#2336 = CARTESIAN_POINT ( 'NONE',  ( -13.39179242963699146, 11.97757886726391519, -10.99999976158160031 ) ) ;
#2337 = CARTESIAN_POINT ( 'NONE',  ( 17.93885447847770465, -1.000000000000000888, 28.99999856948849697 ) ) ;
#2338 = FACE_BOUND ( 'NONE', #4260, .T. ) ;
#2339 = VECTOR ( 'NONE', #3967, 1000.000000000000000 ) ;
#2340 = DIRECTION ( 'NONE',  ( -0.9733566799329479435, -0.2292962573395145309, 0.000000000000000000 ) ) ;
#2341 = VECTOR ( 'NONE', #4379, 1000.000000000000114 ) ;
#2342 = DIRECTION ( 'NONE',  ( 0.000000000000000000, 0.000000000000000000, 1.000000000000000000 ) ) ;
#2343 = ORIENTED_EDGE ( 'NONE', *, *, #6880, .T. ) ;
#2344 = ORIENTED_EDGE ( 'NONE', *, *, #5583, .F. ) ;
#2345 = LINE ( 'NONE', #2971, #2631 ) ;
#2346 = CIRCLE ( 'NONE', #6798, 1.000000000000000888 ) ;
#2347 = ORIENTED_EDGE ( 'NONE', *, *, #2875, .F. ) ;
#2348 = EDGE_CURVE ( 'NONE', #9310, #1529, #8526, .T. ) ;
#2349 = ORIENTED_EDGE ( 'NONE', *, *, #8900, .F. ) ;
#2350 = CARTESIAN_POINT ( 'NONE',  ( 20.55796506004270441, -13.60119746897603399, 5.500000953674160087 ) ) ;
#2351 = ORIENTED_EDGE ( 'NONE', *, *, #4831, .T. ) ;
#2352 = DIRECTION ( 'NONE',  ( 0.9575997404350280462, 0.2881019561175639510, 0.000000000000000000 ) ) ;
#2353 = DIRECTION ( 'NONE',  ( 0.000000000000000000, 0.000000000000000000, 1.000000000000000000 ) ) ;
#2354 = DIRECTION ( 'NONE',  ( -0.4999999999999998890, 0.8660254037844387076, 0.000000000000000000 ) ) ;
#2355 = EDGE_CURVE ( 'NONE', #1030, #7289, #8065, .T. ) ;
#2356 = AXIS2_PLACEMENT_3D ( 'NONE', #9414, #1309, #6633 ) ;
#2357 = CARTESIAN_POINT ( 'NONE',  ( -14.46722287275999186, 20.05796506004198321, 22.50000000000000000 ) ) ;
#2358 = LINE ( 'NONE', #1539, #7736 ) ;
#2359 = EDGE_CURVE ( 'NONE', #8157, #5294, #6129, .T. ) ;
#2360 = VERTEX_POINT ( 'NONE', #3093 ) ;
#2361 = EDGE_CURVE ( 'NONE', #6721, #3431, #5297, .T. ) ;
#2362 = ORIENTED_EDGE ( 'NONE', *, *, #262, .F. ) ;
#2363 = VERTEX_POINT ( 'NONE', #2378 ) ;
#2364 = VECTOR ( 'NONE', #3451, 1000.000000000000000 ) ;
#2365 = DIRECTION ( 'NONE',  ( 1.000000000000000000, 0.000000000000000000, 0.000000000000000000 ) ) ;
#2366 = ADVANCED_FACE ( 'NONE', ( #3911 ), #3050, .T. ) ;
#2367 = DIRECTION ( 'NONE',  ( 0.7283034830953664107, -0.6852547238152811859, 0.000000000000000000 ) ) ;
#2368 = DIRECTION ( 'NONE',  ( -1.836970198721029688E-16, -1.000000000000000000, 0.000000000000000000 ) ) ;
#2369 = CIRCLE ( 'NONE', #3590, 21.55000000000000071 ) ;
#2370 = VERTEX_POINT ( 'NONE', #5976 ) ;
#2371 = VERTEX_POINT ( 'NONE', #2480 ) ;
#2372 = EDGE_CURVE ( 'NONE', #4206, #615, #1754, .T. ) ;
#2373 = CARTESIAN_POINT ( 'NONE',  ( 0.000000000000000000, 0.000000000000000000, -10.99999976158160031 ) ) ;
#2375 = DIRECTION ( 'NONE',  ( -0.6852547238153542386, -0.7283034830952977989, 0.000000000000000000 ) ) ;
#2374 = CIRCLE ( 'NONE', #3753, 1.000000000000000888 ) ;
#2376 = FACE_OUTER_BOUND ( 'NONE', #1772, .T. ) ;
#2377 = VECTOR ( 'NONE', #6946, 1000.000000000000000 ) ;
#2378 = CARTESIAN_POINT ( 'NONE',  ( -21.39195958580499024, -14.15297018576999832, -4.500000000000158984 ) ) ;
#2379 = DIRECTION ( 'NONE',  ( -0.2292962573396013781, 0.9733566799329275154, 0.000000000000000000 ) ) ;
#2380 = CARTESIAN_POINT ( 'NONE',  ( 14.15297018576949739, 21.39195958580497603, 12.50000095367419917 ) ) ;
#2381 = ORIENTED_EDGE ( 'NONE', *, *, #7273, .F. ) ;
#2382 = ORIENTED_EDGE ( 'NONE', *, *, #2876, .F. ) ;
#2383 = EDGE_CURVE ( 'NONE', #1529, #113, #4582, .T. ) ;
#2384 = AXIS2_PLACEMENT_3D ( 'NONE', #8320, #5342, #3712 ) ;
#2385 = VECTOR ( 'NONE', #6823, 1000.000000000000000 ) ;
#2386 = EDGE_CURVE ( 'NONE', #2240, #5983, #6996, .T. ) ;
#2387 = CARTESIAN_POINT ( 'NONE',  ( 11.44949534515241041, 22.95281151278294374, 5.500000953674160087 ) ) ;
#2388 = DIRECTION ( 'NONE',  ( -0.9733566799329479435, -0.2292962573395145309, 0.000000000000000000 ) ) ;
#2389 = DIRECTION ( 'NONE',  ( 1.000000000000000000, 0.000000000000000000, 0.000000000000000000 ) ) ;
#2390 = DIRECTION ( 'NONE',  ( 0.000000000000000000, 0.000000000000000000, 1.000000000000000000 ) ) ;
#2391 = DIRECTION ( 'NONE',  ( 0.000000000000000000, 0.000000000000000000, -1.000000000000000000 ) ) ;
#2392 = AXIS2_PLACEMENT_3D ( 'NONE', #4006, #1898, #4873 ) ;
#2393 = CARTESIAN_POINT ( 'NONE',  ( -1.333217923193666277, 18.68410722892456377, 28.99999856948849697 ) ) ;
#2394 = CARTESIAN_POINT ( 'NONE',  ( 22.05796506004260848, 11.00312125762192750, 10.50000095367419917 ) ) ;
#2395 = ORIENTED_EDGE ( 'NONE', *, *, #1338, .T. ) ;
#2396 = VERTEX_POINT ( 'NONE', #4150 ) ;
#2397 = CARTESIAN_POINT ( 'NONE',  ( 2.110803324100005263, 18.93269683185605601, 0.9999999999998441247 ) ) ;
#2398 = AXIS2_PLACEMENT_3D ( 'NONE', #1932, #7162, #4858 ) ;
#2399 = VECTOR ( 'NONE', #4413, 1000.000000000000000 ) ;
#2400 = ORIENTED_EDGE ( 'NONE', *, *, #2946, .F. ) ;
#2401 = VERTEX_POINT ( 'NONE', #7711 ) ;
#2402 = DIRECTION ( 'NONE',  ( 0.000000000000000000, 0.000000000000000000, -1.000000000000000000 ) ) ;
#2403 = ORIENTED_EDGE ( 'NONE', *, *, #8005, .T. ) ;
#2404 = DIRECTION ( 'NONE',  ( 1.000000000000000000, 0.000000000000000000, 0.000000000000000000 ) ) ;
#2405 = CARTESIAN_POINT ( 'NONE',  ( 17.93885447847770465, -1.000000000000000888, -10.99999976158160031 ) ) ;
#2406 = EDGE_CURVE ( 'NONE', #922, #4604, #4732, .T. ) ;
#2407 = DIRECTION ( 'NONE',  ( -0.8660254037844383745, 0.5000000000000003331, 0.000000000000000000 ) ) ;
#2408 = PLANE ( 'NONE',  #1559 ) ;
#2409 = LINE ( 'NONE', #8214, #2676 ) ;
#2410 = EDGE_CURVE ( 'NONE', #3421, #2753, #7089, .T. ) ;
#2411 = EDGE_LOOP ( 'NONE', ( #1469, #2929, #1423, #7342 ) ) ;
#2412 = AXIS2_PLACEMENT_3D ( 'NONE', #9399, #8731, #6 ) ;
#2413 = ORIENTED_EDGE ( 'NONE', *, *, #8177, .T. ) ;
#2414 = CARTESIAN_POINT ( 'NONE',  ( 2.000000000000001776, -17.93885447847809544, 0.9999999999998441247 ) ) ;
#2415 = ORIENTED_EDGE ( 'NONE', *, *, #6887, .F. ) ;
#2416 = CARTESIAN_POINT ( 'NONE',  ( -1.000000000000000888, -2.958039891549968381, -10.99999976158160031 ) ) ;
#2417 = CARTESIAN_POINT ( 'NONE',  ( -13.60119746897600557, 20.55796506004192636, 22.50000000000000000 ) ) ;
#2418 = CIRCLE ( 'NONE', #8851, 0.9999999999999995559 ) ;
#2419 = CARTESIAN_POINT ( 'NONE',  ( 22.55796506004270441, 10.13709585383704237, -4.500000000000158984 ) ) ;
#2420 = ORIENTED_EDGE ( 'NONE', *, *, #4110, .F. ) ;
#2421 = ORIENTED_EDGE ( 'NONE', *, *, #6226, .F. ) ;
#2422 = AXIS2_PLACEMENT_3D ( 'NONE', #2149, #1418, #8287 ) ;
#2423 = EDGE_CURVE ( 'NONE', #5893, #7380, #4077, .T. ) ;
#2424 = AXIS2_PLACEMENT_3D ( 'NONE', #3995, #6259, #5576 ) ;
#2425 = ORIENTED_EDGE ( 'NONE', *, *, #6396, .F. ) ;
#2426 = CARTESIAN_POINT ( 'NONE',  ( -22.05796506004299573, -11.00312125762203941, 10.50000095367419917 ) ) ;
#2427 = DIRECTION ( 'NONE',  ( 0.000000000000000000, 0.000000000000000000, 1.000000000000000000 ) ) ;
#2428 = DIRECTION ( 'NONE',  ( -0.2881019561176164645, 0.9575997404350123920, 0.000000000000000000 ) ) ;
#2429 = AXIS2_PLACEMENT_3D ( 'NONE', #9050, #4674, #6270 ) ;
#2430 = DIRECTION ( 'NONE',  ( 0.000000000000000000, 0.000000000000000000, -1.000000000000000000 ) ) ;
#2431 = CARTESIAN_POINT ( 'NONE',  ( 0.000000000000000000, 0.000000000000000000, 22.50000000000000000 ) ) ;
#2432 = DIRECTION ( 'NONE',  ( 0.2881019561176107469, -0.9575997404350141684, 0.000000000000000000 ) ) ;
#2433 = AXIS2_PLACEMENT_3D ( 'NONE', #128, #3049, #3624 ) ;
#2434 = DIRECTION ( 'NONE',  ( 0.000000000000000000, 0.000000000000000000, 1.000000000000000000 ) ) ;
#2435 = CIRCLE ( 'NONE', #1976, 1.000000000000000444 ) ;
#2436 = VERTEX_POINT ( 'NONE', #3290 ) ;
#2437 = EDGE_LOOP ( 'NONE', ( #7029, #7041, #9391, #2267 ) ) ;
#2438 = EDGE_CURVE ( 'NONE', #5483, #5530, #8474, .T. ) ;
#2439 = CARTESIAN_POINT ( 'NONE',  ( -9.361657171675988209, -1.000000000000000888, 28.99999856948849697 ) ) ;
#2440 = CIRCLE ( 'NONE', #7813, 0.9999999999999994449 ) ;
#2441 = CARTESIAN_POINT ( 'NONE',  ( -19.78683832264900744, 8.537185086044951632, 12.50000095367419917 ) ) ;
#2442 = CARTESIAN_POINT ( 'NONE',  ( 24.60431872659751917, -1.500000000000056843, 10.50000095367419917 ) ) ;
#2443 = AXIS2_PLACEMENT_3D ( 'NONE', #3730, #7483, #1477 ) ;
#2444 = DIRECTION ( 'NONE',  ( 0.000000000000000000, 0.000000000000000000, -1.000000000000000000 ) ) ;
#2445 = VECTOR ( 'NONE', #7553, 1000.000000000000000 ) ;
#2446 = DIRECTION ( 'NONE',  ( -0.8660254037844387076, 0.4999999999999998890, 0.000000000000000000 ) ) ;
#2447 = DIRECTION ( 'NONE',  ( -0.4999999999999998890, 0.8660254037844387076, 0.000000000000000000 ) ) ;
#2448 = CARTESIAN_POINT ( 'NONE',  ( -11.00312125762199855, -22.05796506004298152, 10.50000095367419917 ) ) ;
#2449 = ORIENTED_EDGE ( 'NONE', *, *, #4567, .F. ) ;
#2450 = ORIENTED_EDGE ( 'NONE', *, *, #3354, .T. ) ;
#2451 = DIRECTION ( 'NONE',  ( 0.000000000000000000, 0.000000000000000000, 1.000000000000000000 ) ) ;
#2452 = ORIENTED_EDGE ( 'NONE', *, *, #474, .F. ) ;
#2453 = ORIENTED_EDGE ( 'NONE', *, *, #2632, .F. ) ;
#2454 = ORIENTED_EDGE ( 'NONE', *, *, #4975, .F. ) ;
#2455 = DIRECTION ( 'NONE',  ( 0.000000000000000000, 0.000000000000000000, -1.000000000000000000 ) ) ;
#2456 = ORIENTED_EDGE ( 'NONE', *, *, #8728, .F. ) ;
#2457 = CARTESIAN_POINT ( 'NONE',  ( 14.46722287275990837, -20.05796506004298152, 12.50000095367419917 ) ) ;
#2458 = CARTESIAN_POINT ( 'NONE',  ( 12.86731210496699873, -17.28683832264909981, 22.50000000000000000 ) ) ;
#2459 = FACE_OUTER_BOUND ( 'NONE', #9093, .T. ) ;
#2461 = EDGE_CURVE ( 'NONE', #5588, #6195, #1856, .T. ) ;
#2460 = VERTEX_POINT ( 'NONE', #6273 ) ;
#2462 = CARTESIAN_POINT ( 'NONE',  ( -12.67365965879599443, -4.430389469675999337, 5.500000953674160087 ) ) ;
#2463 = ORIENTED_EDGE ( 'NONE', *, *, #1944, .F. ) ;
#2464 = EDGE_CURVE ( 'NONE', #9403, #8125, #9436, .T. ) ;
#2465 = ORIENTED_EDGE ( 'NONE', *, *, #2801, .T. ) ;
#2466 = CARTESIAN_POINT ( 'NONE',  ( -1.384543285148989611, 2.798756847520955660, -10.99999976158160031 ) ) ;
#2467 = ORIENTED_EDGE ( 'NONE', *, *, #6444, .F. ) ;
#2468 = ADVANCED_FACE ( 'NONE', ( #5636 ), #4822, .T. ) ;
#2469 = CARTESIAN_POINT ( 'NONE',  ( -3.047601356036988562, -10.27860038987304847, -4.500000000000158984 ) ) ;
#2470 = CARTESIAN_POINT ( 'NONE',  ( 11.00312125762210869, 22.05796506004198321, 5.500000953674160087 ) ) ;
#2471 = FACE_OUTER_BOUND ( 'NONE', #5699, .T. ) ;
#2472 = ORIENTED_EDGE ( 'NONE', *, *, #1822, .T. ) ;
#2473 = ORIENTED_EDGE ( 'NONE', *, *, #1258, .T. ) ;
#2474 = AXIS2_PLACEMENT_3D ( 'NONE', #2301, #1574, #5221 ) ;
#2475 = EDGE_LOOP ( 'NONE', ( #8987, #4070, #1608, #6328 ) ) ;
#2476 = CARTESIAN_POINT ( 'NONE',  ( 0.000000000000000000, 0.000000000000000000, 28.99999856948849697 ) ) ;
#2477 = ADVANCED_FACE ( 'NONE', ( #4051 ), #7811, .T. ) ;
#2478 = DIRECTION ( 'NONE',  ( 0.000000000000000000, 0.000000000000000000, 1.000000000000000000 ) ) ;
#2479 = DIRECTION ( 'NONE',  ( 0.000000000000000000, 0.000000000000000000, 1.000000000000000000 ) ) ;
#2480 = CARTESIAN_POINT ( 'NONE',  ( -19.78683832264900744, -8.537185086044951632, 22.50000000000000000 ) ) ;
#2481 = CARTESIAN_POINT ( 'NONE',  ( 11.27047208607710793, -14.09889921082407938, 28.99999856948849697 ) ) ;
#2482 = DIRECTION ( 'NONE',  ( 0.000000000000000000, 0.000000000000000000, 1.000000000000000000 ) ) ;
#2483 = VECTOR ( 'NONE', #9306, 1000.000000000000000 ) ;
#2484 = LINE ( 'NONE', #5406, #6482 ) ;
#2485 = ADVANCED_FACE ( 'NONE', ( #9148 ), #2528, .T. ) ;
#2486 = ORIENTED_EDGE ( 'NONE', *, *, #3804, .F. ) ;
#2487 = EDGE_LOOP ( 'NONE', ( #3898, #5469, #447, #3228 ) ) ;
#2488 = CIRCLE ( 'NONE', #343, 1.000000000000000888 ) ;
#2489 = ADVANCED_FACE ( 'NONE', ( #4777 ), #1185, .F. ) ;
#2490 = CARTESIAN_POINT ( 'NONE',  ( -13.19090595827299239, 2.499999999999946709, 5.500000953674160087 ) ) ;
#2491 = CARTESIAN_POINT ( 'NONE',  ( -2.499999999999988454, -13.19090595827310253, 22.50000000000000000 ) ) ;
#2492 = DIRECTION ( 'NONE',  ( 0.000000000000000000, 0.000000000000000000, 1.000000000000000000 ) ) ;
#2493 = DIRECTION ( 'NONE',  ( 0.000000000000000000, 0.000000000000000000, -1.000000000000000000 ) ) ;
#2494 = CYLINDRICAL_SURFACE ( 'NONE', #8242, 0.9999999999999985567 ) ;
#2495 = EDGE_CURVE ( 'NONE', #5606, #4612, #9426, .T. ) ;
#2496 = LINE ( 'NONE', #3925, #3903 ) ;
#2497 = DIRECTION ( 'NONE',  ( 0.000000000000000000, 0.000000000000000000, -1.000000000000000000 ) ) ;
#2498 = ORIENTED_EDGE ( 'NONE', *, *, #3481, .F. ) ;
#2499 = EDGE_LOOP ( 'NONE', ( #6404, #7571, #1271, #4179 ) ) ;
#2500 = CARTESIAN_POINT ( 'NONE',  ( 0.000000000000000000, 0.000000000000000000, 5.500000953674160087 ) ) ;
#2501 = ADVANCED_FACE ( 'NONE', ( #465 ), #368, .T. ) ;
#2502 = VERTEX_POINT ( 'NONE', #6317 ) ;
#2503 = ORIENTED_EDGE ( 'NONE', *, *, #6250, .T. ) ;
#2504 = DIRECTION ( 'NONE',  ( 0.2881019561176164645, 0.9575997404350123920, 0.000000000000000000 ) ) ;
#2505 = ORIENTED_EDGE ( 'NONE', *, *, #2183, .F. ) ;
#2506 = CARTESIAN_POINT ( 'NONE',  ( -2.499999999999988454, 24.60431872659696495, 5.500000953674160087 ) ) ;
#2507 = AXIS2_PLACEMENT_3D ( 'NONE', #6035, #6662, #190 ) ;
#2508 = LINE ( 'NONE', #5477, #6262 ) ;
#2509 = LINE ( 'NONE', #3368, #8975 ) ;
#2510 = ORIENTED_EDGE ( 'NONE', *, *, #9445, .T. ) ;
#2511 = CARTESIAN_POINT ( 'NONE',  ( -13.19090595827299239, 2.499999999999946709, 22.50000000000000000 ) ) ;
#2512 = ORIENTED_EDGE ( 'NONE', *, *, #178, .T. ) ;
#2513 = ORIENTED_EDGE ( 'NONE', *, *, #6528, .T. ) ;
#2514 = LINE ( 'NONE', #1845, #3346 ) ;
#2515 = ORIENTED_EDGE ( 'NONE', *, *, #6678, .F. ) ;
#2516 = EDGE_CURVE ( 'NONE', #5306, #2218, #9237, .T. ) ;
#2517 = DIRECTION ( 'NONE',  ( 0.000000000000000000, 0.000000000000000000, -1.000000000000000000 ) ) ;
#2518 = CARTESIAN_POINT ( 'NONE',  ( -11.00312125762199855, -22.05796506004298152, -4.500000000000158984 ) ) ;
#2519 = ADVANCED_FACE ( 'NONE', ( #5591 ), #5449, .T. ) ;
#2520 = DIRECTION ( 'NONE',  ( -0.2292962573396254977, -0.9733566799329216312, 0.000000000000000000 ) ) ;
#2521 = ORIENTED_EDGE ( 'NONE', *, *, #2410, .F. ) ;
#2522 = VERTEX_POINT ( 'NONE', #1234 ) ;
#2523 = CIRCLE ( 'NONE', #6499, 1.000000000000000666 ) ;
#2524 = EDGE_CURVE ( 'NONE', #6479, #7698, #7854, .T. ) ;
#2525 = VERTEX_POINT ( 'NONE', #8614 ) ;
#2526 = CARTESIAN_POINT ( 'NONE',  ( -14.57455414890890744, 20.78726131738163474, -4.500000000000158984 ) ) ;
#2527 = DIRECTION ( 'NONE',  ( 0.2292962573396709614, -0.9733566799329110841, 0.000000000000000000 ) ) ;
#2528 = CYLINDRICAL_SURFACE ( 'NONE', #1013, 1.000000000000000888 ) ;
#2529 = CARTESIAN_POINT ( 'NONE',  ( -3.258827488323449373, 1.855409227461014110, 21.30000023841839862 ) ) ;
#2530 = CARTESIAN_POINT ( 'NONE',  ( 0.000000000000000000, 0.000000000000000000, 22.50000000000000000 ) ) ;
#2531 = ORIENTED_EDGE ( 'NONE', *, *, #7115, .T. ) ;
#2532 = ORIENTED_EDGE ( 'NONE', *, *, #7905, .T. ) ;
#2533 = ADVANCED_FACE ( 'NONE', ( #2760 ), #5681, .F. ) ;
#2534 = AXIS2_PLACEMENT_3D ( 'NONE', #2794, #9315, #4950 ) ;
#2535 = CARTESIAN_POINT ( 'NONE',  ( -13.60119746897600557, -20.55796506004303836, 5.500000953674160087 ) ) ;
#2536 = CARTESIAN_POINT ( 'NONE',  ( -2.499999999999988454, -13.19090595827310253, 5.500000953674160087 ) ) ;
#2537 = CARTESIAN_POINT ( 'NONE',  ( 0.02258221876439378203, -3.749932005169651195, 28.99999856948849697 ) ) ;
#2538 = PLANE ( 'NONE',  #5632 ) ;
#2539 = EDGE_CURVE ( 'NONE', #5534, #5951, #7130, .T. ) ;
#2540 = DIRECTION ( 'NONE',  ( 1.000000000000000000, 0.000000000000000000, 0.000000000000000000 ) ) ;
#2541 = EDGE_CURVE ( 'NONE', #9222, #3994, #5329, .T. ) ;
#2542 = DIRECTION ( 'NONE',  ( -0.8660254037844387076, -0.4999999999999998890, 0.000000000000000000 ) ) ;
#2543 = AXIS2_PLACEMENT_3D ( 'NONE', #4968, #6561, #2916 ) ;
#2544 = DIRECTION ( 'NONE',  ( 0.000000000000000000, 0.000000000000000000, -1.000000000000000000 ) ) ;
#2545 = VERTEX_POINT ( 'NONE', #8212 ) ;
#2546 = ORIENTED_EDGE ( 'NONE', *, *, #6545, .F. ) ;
#2547 = ORIENTED_EDGE ( 'NONE', *, *, #1292, .T. ) ;
#2548 = EDGE_CURVE ( 'NONE', #6192, #9397, #4459, .T. ) ;
#2549 = AXIS2_PLACEMENT_3D ( 'NONE', #8957, #1718, #2388 ) ;
#2550 = VECTOR ( 'NONE', #3477, 1000.000000000000000 ) ;
#2551 = ORIENTED_EDGE ( 'NONE', *, *, #7272, .F. ) ;
#2552 = CARTESIAN_POINT ( 'NONE',  ( -3.047601356036988562, -10.27860038987205016, 12.50000095367419917 ) ) ;
#2553 = LINE ( 'NONE', #5426, #7932 ) ;
#2554 = DIRECTION ( 'NONE',  ( -0.000000000000000000, -0.000000000000000000, -1.000000000000000000 ) ) ;
#2555 = ADVANCED_FACE ( 'NONE', ( #8161 ), #7402, .T. ) ;
#2556 = CIRCLE ( 'NONE', #3766, 10.50000000000000000 ) ;
#2557 = LINE ( 'NONE', #1786, #247 ) ;
#2558 = CIRCLE ( 'NONE', #711, 21.55000000000000071 ) ;
#2559 = VECTOR ( 'NONE', #8999, 1000.000000000000000 ) ;
#2560 = VERTEX_POINT ( 'NONE', #7546 ) ;
#2561 = CARTESIAN_POINT ( 'NONE',  ( 14.15297018576960930, -21.39195958580497603, -4.500000000000158984 ) ) ;
#2562 = ORIENTED_EDGE ( 'NONE', *, *, #1951, .T. ) ;
#2563 = ORIENTED_EDGE ( 'NONE', *, *, #4072, .F. ) ;
#2564 = FACE_OUTER_BOUND ( 'NONE', #1989, .T. ) ;
#2565 = ORIENTED_EDGE ( 'NONE', *, *, #3835, .F. ) ;
#2566 = PLANE ( 'NONE',  #3361 ) ;
#2567 = CARTESIAN_POINT ( 'NONE',  ( 22.55796506004270441, 10.13709585383704237, 10.50000095367419917 ) ) ;
#2568 = CARTESIAN_POINT ( 'NONE',  ( 24.60431872659751917, -2.500000000000057732, 22.50000000000000000 ) ) ;
#2569 = ORIENTED_EDGE ( 'NONE', *, *, #8776, .T. ) ;
#2570 = VECTOR ( 'NONE', #6536, 1000.000000000000000 ) ;
#2571 = ORIENTED_EDGE ( 'NONE', *, *, #7062, .F. ) ;
#2572 = ADVANCED_FACE ( 'NONE', ( #4506 ), #6775, .F. ) ;
#2573 = ORIENTED_EDGE ( 'NONE', *, *, #6041, .T. ) ;
#2574 = DIRECTION ( 'NONE',  ( 0.000000000000000000, 0.000000000000000000, 1.000000000000000000 ) ) ;
#2575 = FACE_OUTER_BOUND ( 'NONE', #2023, .T. ) ;
#2576 = VECTOR ( 'NONE', #2248, 1000.000000000000000 ) ;
#2577 = DIRECTION ( 'NONE',  ( 0.000000000000000000, -1.000000000000000000, 0.000000000000000000 ) ) ;
#2578 = PLANE ( 'NONE',  #1453 ) ;
#2579 = DIRECTION ( 'NONE',  ( 0.000000000000000000, 0.000000000000000000, 1.000000000000000000 ) ) ;
#2580 = CIRCLE ( 'NONE', #5023, 21.55000000000000071 ) ;
#2581 = EDGE_LOOP ( 'NONE', ( #8131, #1438, #2162, #7588, #1915, #7201, #2086, #2165 ) ) ;
#2582 = EDGE_CURVE ( 'NONE', #8934, #3137, #5188, .T. ) ;
#2583 = VECTOR ( 'NONE', #9481, 1000.000000000000000 ) ;
#2584 = CARTESIAN_POINT ( 'NONE',  ( 0.000000000000000000, 0.000000000000000000, 5.500000953674160087 ) ) ;
#2585 = DIRECTION ( 'NONE',  ( 0.7452527504477821640, -0.6667820768062199255, 0.000000000000000000 ) ) ;
#2586 = CYLINDRICAL_SURFACE ( 'NONE', #6433, 1.000000000000000888 ) ;
#2587 = ADVANCED_FACE ( 'NONE', ( #8120 ), #251, .T. ) ;
#2588 = DIRECTION ( 'NONE',  ( 0.000000000000000000, 0.000000000000000000, -1.000000000000000000 ) ) ;
#2589 = EDGE_CURVE ( 'NONE', #3789, #1950, #2090, .T. ) ;
#2590 = DIRECTION ( 'NONE',  ( -1.000000000000000000, 0.000000000000000000, 0.000000000000000000 ) ) ;
#2591 = AXIS2_PLACEMENT_3D ( 'NONE', #8807, #2233, #1510 ) ;
#2592 = AXIS2_PLACEMENT_3D ( 'NONE', #5815, #3072, #197 ) ;
#2593 = LINE ( 'NONE', #5517, #370 ) ;
#2594 = CARTESIAN_POINT ( 'NONE',  ( -14.46722287275999186, 20.05796506004198321, 12.50000095367419917 ) ) ;
#2595 = AXIS2_PLACEMENT_3D ( 'NONE', #5008, #8658, #689 ) ;
#2596 = EDGE_LOOP ( 'NONE', ( #5433, #4374, #1270, #4237 ) ) ;
#2597 = ORIENTED_EDGE ( 'NONE', *, *, #3811, .F. ) ;
#2598 = AXIS2_PLACEMENT_3D ( 'NONE', #3919, #6853, #1611 ) ;
#2599 = EDGE_LOOP ( 'NONE', ( #708, #6468, #1706, #8316, #5099, #191, #2095, #2546 ) ) ;
#2600 = AXIS2_PLACEMENT_3D ( 'NONE', #5475, #6970, #2504 ) ;
#2601 = EDGE_LOOP ( 'NONE', ( #4422, #4643, #5494, #9209 ) ) ;
#2602 = DIRECTION ( 'NONE',  ( 6.123233995736769734E-17, 1.000000000000000000, 0.000000000000000000 ) ) ;
#2603 = DIRECTION ( 'NONE',  ( 0.000000000000000000, 0.000000000000000000, 1.000000000000000000 ) ) ;
#2604 = CARTESIAN_POINT ( 'NONE',  ( 7.377728374959410473, -7.778600389872103449, 12.50000095367419917 ) ) ;
#2605 = EDGE_CURVE ( 'NONE', #7331, #7598, #1928, .T. ) ;
#2606 = AXIS2_PLACEMENT_3D ( 'NONE', #429, #512, #7860 ) ;
#2607 = CARTESIAN_POINT ( 'NONE',  ( 11.27047208607710793, -14.09889921082407938, 0.9999999999998441247 ) ) ;
#2608 = EDGE_LOOP ( 'NONE', ( #149, #798, #1406, #4704 ) ) ;
#2609 = FACE_OUTER_BOUND ( 'NONE', #362, .T. ) ;
#2610 = EDGE_CURVE ( 'NONE', #2253, #872, #3744, .T. ) ;
#2611 = ORIENTED_EDGE ( 'NONE', *, *, #8284, .T. ) ;
#2612 = ORIENTED_EDGE ( 'NONE', *, *, #6049, .F. ) ;
#2613 = CARTESIAN_POINT ( 'NONE',  ( -20.05796506004299573, -14.46722287276003271, 22.50000000000000000 ) ) ;
#2614 = VERTEX_POINT ( 'NONE', #6105 ) ;
#2615 = CARTESIAN_POINT ( 'NONE',  ( -18.68410722892567222, -1.333217923193662724, 28.99999856948849697 ) ) ;
#2616 = CARTESIAN_POINT ( 'NONE',  ( -1.560851926977996351, -25.60246553092204636, 10.50000095367419917 ) ) ;
#2617 = DIRECTION ( 'NONE',  ( 1.000000000000000000, 0.000000000000000000, 0.000000000000000000 ) ) ;
#2618 = ORIENTED_EDGE ( 'NONE', *, *, #1390, .F. ) ;
#2619 = VERTEX_POINT ( 'NONE', #6674 ) ;
#2620 = CARTESIAN_POINT ( 'NONE',  ( 0.000000000000000000, 0.000000000000000000, 11.80000047683700082 ) ) ;
#2621 = CARTESIAN_POINT ( 'NONE',  ( 1.500000000000001332, -24.60431872659807340, 5.500000953674160087 ) ) ;
#2622 = DIRECTION ( 'NONE',  ( 0.000000000000000000, 0.000000000000000000, 1.000000000000000000 ) ) ;
#2623 = LINE ( 'NONE', #6274, #2080 ) ;
#2624 = CARTESIAN_POINT ( 'NONE',  ( -1.000000000000000888, -10.45227248018398925, 28.99999856948849697 ) ) ;
#2625 = ORIENTED_EDGE ( 'NONE', *, *, #537, .F. ) ;
#2626 = ADVANCED_FACE ( 'NONE', ( #2459 ), #5383, .T. ) ;
#2627 = DIRECTION ( 'NONE',  ( 0.000000000000000000, 0.000000000000000000, 1.000000000000000000 ) ) ;
#2628 = LINE ( 'NONE', #6321, #3758 ) ;
#2629 = CARTESIAN_POINT ( 'NONE',  ( 25.28957345041282423, 2.228303483095289472, -4.500000000000158984 ) ) ;
#2630 = DIRECTION ( 'NONE',  ( 1.000000000000000000, 0.000000000000000000, 0.000000000000000000 ) ) ;
#2631 = VECTOR ( 'NONE', #7583, 1000.000000000000000 ) ;
#2632 = EDGE_CURVE ( 'NONE', #3618, #1780, #8312, .T. ) ;
#2633 = CARTESIAN_POINT ( 'NONE',  ( 0.000000000000000000, 0.000000000000000000, -6.499999761581589652 ) ) ;
#2634 = DIRECTION ( 'NONE',  ( -0.9575997404349968489, -0.2881019561176680344, 0.000000000000000000 ) ) ;
#2635 = VERTEX_POINT ( 'NONE', #8930 ) ;
#2636 = ORIENTED_EDGE ( 'NONE', *, *, #874, .F. ) ;
#2637 = ORIENTED_EDGE ( 'NONE', *, *, #279, .T. ) ;
#2638 = EDGE_CURVE ( 'NONE', #8791, #4751, #2308, .T. ) ;
#2639 = ORIENTED_EDGE ( 'NONE', *, *, #3595, .T. ) ;
#2640 = CARTESIAN_POINT ( 'NONE',  ( 13.60119746897540871, -20.55796506004303836, -4.500000000000158984 ) ) ;
#2641 = DIRECTION ( 'NONE',  ( 0.000000000000000000, 0.000000000000000000, -1.000000000000000000 ) ) ;
#2642 = LINE ( 'NONE', #5567, #8248 ) ;
#2643 = CARTESIAN_POINT ( 'NONE',  ( 19.78683832264890796, -8.537185086044951632, 5.500000953674160087 ) ) ;
#2644 = VERTEX_POINT ( 'NONE', #1635 ) ;
#2645 = FACE_OUTER_BOUND ( 'NONE', #8584, .T. ) ;
#2646 = EDGE_LOOP ( 'NONE', ( #9120, #9038, #673, #3584 ) ) ;
#2647 = EDGE_CURVE ( 'NONE', #952, #5082, #7356, .T. ) ;
#2648 = CIRCLE ( 'NONE', #2507, 1.000000000000000888 ) ;
#2649 = ORIENTED_EDGE ( 'NONE', *, *, #8773, .T. ) ;
#2650 = DIRECTION ( 'NONE',  ( 0.000000000000000000, 0.000000000000000000, 1.000000000000000000 ) ) ;
#2651 = ORIENTED_EDGE ( 'NONE', *, *, #5063, .F. ) ;
#2652 = CARTESIAN_POINT ( 'NONE',  ( -25.28957345041333227, -2.228303483095354753, 5.500000953674160087 ) ) ;
#2653 = DIRECTION ( 'NONE',  ( 0.000000000000000000, 0.000000000000000000, -1.000000000000000000 ) ) ;
#2654 = EDGE_CURVE ( 'NONE', #5385, #2360, #3151, .T. ) ;
#2655 = CARTESIAN_POINT ( 'NONE',  ( -13.60119746897600557, -20.55796506004303836, 12.50000095367419917 ) ) ;
#2656 = ADVANCED_FACE ( 'NONE', ( #4557 ), #3844, .T. ) ;
#2657 = VECTOR ( 'NONE', #69, 1000.000000000000000 ) ;
#2658 = CARTESIAN_POINT ( 'NONE',  ( 25.60246553092200728, 1.560851926976969395, 10.50000095367419917 ) ) ;
#2659 = VERTEX_POINT ( 'NONE', #1585 ) ;
#2660 = FACE_OUTER_BOUND ( 'NONE', #5676, .T. ) ;
#2661 = AXIS2_PLACEMENT_3D ( 'NONE', #8004, #5739, #4300 ) ;
#2662 = VERTEX_POINT ( 'NONE', #5957 ) ;
#2663 = ADVANCED_FACE ( 'NONE', ( #8888 ), #6925, .T. ) ;
#2664 = ORIENTED_EDGE ( 'NONE', *, *, #8488, .F. ) ;
#2665 = DIRECTION ( 'NONE',  ( -1.000000000000000000, 0.000000000000000000, 0.000000000000000000 ) ) ;
#2666 = DIRECTION ( 'NONE',  ( -0.6667820768063215109, 0.7452527504476912368, 0.000000000000000000 ) ) ;
#2667 = DIRECTION ( 'NONE',  ( 0.000000000000000000, 0.000000000000000000, 1.000000000000000000 ) ) ;
#2668 = DIRECTION ( 'NONE',  ( -0.8660254037844387076, -0.4999999999999998890, 0.000000000000000000 ) ) ;
#2669 = ADVANCED_FACE ( 'NONE', ( #7784 ), #4848, .F. ) ;
#2670 = AXIS2_PLACEMENT_3D ( 'NONE', #2752, #6940, #5673 ) ;
#2671 = ORIENTED_EDGE ( 'NONE', *, *, #9347, .T. ) ;
#2672 = CARTESIAN_POINT ( 'NONE',  ( 14.57455414890835677, -20.78726131738255845, 22.50000000000000000 ) ) ;
#2673 = CYLINDRICAL_SURFACE ( 'NONE', #9278, 1.000000000000000888 ) ;
#2674 = CARTESIAN_POINT ( 'NONE',  ( -1.999999999999988010, 17.93885447847687331, -10.99999976158160031 ) ) ;
#2675 = DIRECTION ( 'NONE',  ( 5.444759314766969722E-17, -6.085529284608629672E-17, -1.000000000000000000 ) ) ;
#2676 = VECTOR ( 'NONE', #4561, 1000.000000000000000 ) ;
#2677 = DIRECTION ( 'NONE',  ( 0.000000000000000000, 0.000000000000000000, -1.000000000000000000 ) ) ;
#2678 = CYLINDRICAL_SURFACE ( 'NONE', #1742, 1.000000000000001110 ) ;
#2679 = EDGE_CURVE ( 'NONE', #373, #8644, #2557, .T. ) ;
#2680 = ORIENTED_EDGE ( 'NONE', *, *, #5263, .T. ) ;
#2681 = VERTEX_POINT ( 'NONE', #6298 ) ;
#2682 = CIRCLE ( 'NONE', #386, 1.000000000000000444 ) ;
#2683 = EDGE_CURVE ( 'NONE', #296, #4173, #1838, .T. ) ;
#2684 = ORIENTED_EDGE ( 'NONE', *, *, #2541, .T. ) ;
#2685 = ORIENTED_EDGE ( 'NONE', *, *, #828, .F. ) ;
#2686 = EDGE_CURVE ( 'NONE', #893, #5210, #7645, .T. ) ;
#2687 = CARTESIAN_POINT ( 'NONE',  ( -6.683765968360996901, 8.097979530733990572, 28.99999856948849697 ) ) ;
#2688 = CARTESIAN_POINT ( 'NONE',  ( -8.260266221535985665, -19.30720077974512705, 16.50000095367419917 ) ) ;
#2689 = CYLINDRICAL_SURFACE ( 'NONE', #7796, 0.9999999999999985567 ) ;
#2690 = AXIS2_PLACEMENT_3D ( 'NONE', #611, #703, #2235 ) ;
#2691 = CARTESIAN_POINT ( 'NONE',  ( -14.09889921082299580, 11.27047208607690010, 0.9999999999998441247 ) ) ;
#2692 = ORIENTED_EDGE ( 'NONE', *, *, #8290, .F. ) ;
#2693 = EDGE_CURVE ( 'NONE', #4602, #4023, #5605, .T. ) ;
#2694 = CARTESIAN_POINT ( 'NONE',  ( 1.000000000000000888, -18.72331434335306000, 3.999999999999840572 ) ) ;
#2695 = AXIS2_PLACEMENT_3D ( 'NONE', #943, #801, #8245 ) ;
#2696 = ORIENTED_EDGE ( 'NONE', *, *, #1076, .F. ) ;
#2697 = VECTOR ( 'NONE', #3567, 1000.000000000000000 ) ;
#2698 = ORIENTED_EDGE ( 'NONE', *, *, #9211, .T. ) ;
#2699 = LINE ( 'NONE', #4314, #7183 ) ;
#2700 = ORIENTED_EDGE ( 'NONE', *, *, #474, .T. ) ;
#2701 = LINE ( 'NONE', #8553, #5005 ) ;
#2702 = DIRECTION ( 'NONE',  ( 0.000000000000000000, 0.000000000000000000, 1.000000000000000000 ) ) ;
#2703 = EDGE_CURVE ( 'NONE', #4840, #6790, #4688, .T. ) ;
#2704 = LINE ( 'NONE', #6937, #7756 ) ;
#2705 = EDGE_CURVE ( 'NONE', #7112, #3390, #5529, .T. ) ;
#2706 = CIRCLE ( 'NONE', #408, 1.000000000000000888 ) ;
#2707 = DIRECTION ( 'NONE',  ( -0.9733566799329479435, -0.2292962573395145309, 0.000000000000000000 ) ) ;
#2708 = ORIENTED_EDGE ( 'NONE', *, *, #867, .T. ) ;
#2709 = CARTESIAN_POINT ( 'NONE',  ( -5.912584488049987819, -7.326798050423022346, -10.99999976158160031 ) ) ;
#2710 = AXIS2_PLACEMENT_3D ( 'NONE', #7418, #3142, #9000 ) ;
#2711 = ORIENTED_EDGE ( 'NONE', *, *, #4990, .T. ) ;
#2712 = ORIENTED_EDGE ( 'NONE', *, *, #2981, .T. ) ;
#2713 = CARTESIAN_POINT ( 'NONE',  ( -22.55796506004299928, 10.13709585383704237, 5.500000953674160087 ) ) ;
#2714 = CARTESIAN_POINT ( 'NONE',  ( 24.60431872659751917, -2.500000000000057732, -4.500000000000158984 ) ) ;
#2715 = DIRECTION ( 'NONE',  ( 1.000000000000000000, 0.000000000000000000, 0.000000000000000000 ) ) ;
#2716 = DIRECTION ( 'NONE',  ( 0.000000000000000000, 0.000000000000000000, -1.000000000000000000 ) ) ;
#2717 = AXIS2_PLACEMENT_3D ( 'NONE', #8635, #7732, #8589 ) ;
#2718 = ORIENTED_EDGE ( 'NONE', *, *, #8171, .F. ) ;
#2719 = CIRCLE ( 'NONE', #4245, 1.000000000000000000 ) ;
#2720 = CARTESIAN_POINT ( 'NONE',  ( -8.537185086043994175, -19.78683832264804821, 16.49999856948839749 ) ) ;
#2721 = DIRECTION ( 'NONE',  ( 0.000000000000000000, 0.000000000000000000, -1.000000000000000000 ) ) ;
#2722 = DIRECTION ( 'NONE',  ( 0.000000000000000000, 0.000000000000000000, -1.000000000000000000 ) ) ;
#2723 = FACE_OUTER_BOUND ( 'NONE', #5225, .T. ) ;
#2724 = DIRECTION ( 'NONE',  ( -0.000000000000000000, 1.000000000000000000, 0.000000000000000000 ) ) ;
#2725 = LINE ( 'NONE', #6423, #6204 ) ;
#2726 = APPLICATION_CONTEXT ( 'automotive_design' ) ;
#2727 = AXIS2_PLACEMENT_3D ( 'NONE', #4834, #7189, #1907 ) ;
#2728 = EDGE_CURVE ( 'NONE', #5193, #952, #8059, .T. ) ;
#2729 = VERTEX_POINT ( 'NONE', #6199 ) ;
#2730 = VERTEX_POINT ( 'NONE', #7735 ) ;
#2731 = ORIENTED_EDGE ( 'NONE', *, *, #163, .T. ) ;
#2732 = ORIENTED_EDGE ( 'NONE', *, *, #6535, .F. ) ;
#2733 = VECTOR ( 'NONE', #8274, 1000.000000000000227 ) ;
#2734 = CARTESIAN_POINT ( 'NONE',  ( -22.05796506004299573, 11.00312125762192750, -4.500000000000158984 ) ) ;
#2735 = CARTESIAN_POINT ( 'NONE',  ( -1.999999999999988010, -17.93885447847809544, 28.99999856948849697 ) ) ;
#2736 = AXIS2_PLACEMENT_3D ( 'NONE', #5679, #601, #7225 ) ;
#2737 = LINE ( 'NONE', #8687, #3717 ) ;
#2738 = VERTEX_POINT ( 'NONE', #2643 ) ;
#2739 = CIRCLE ( 'NONE', #3966, 0.9999999999999994449 ) ;
#2740 = CARTESIAN_POINT ( 'NONE',  ( 0.000000000000000000, 0.000000000000000000, 0.9999999999998441247 ) ) ;
#2741 = CIRCLE ( 'NONE', #3655, 25.64999999999999858 ) ;
#2742 = ORIENTED_EDGE ( 'NONE', *, *, #1841, .F. ) ;
#2743 = ORIENTED_EDGE ( 'NONE', *, *, #6480, .T. ) ;
#2744 = CARTESIAN_POINT ( 'NONE',  ( -14.09889921082299580, 11.27047208607690010, 28.99999856948849697 ) ) ;
#2745 = VERTEX_POINT ( 'NONE', #5569 ) ;
#2747 = CIRCLE ( 'NONE', #6428, 1.000000000000000888 ) ;
#2746 = CARTESIAN_POINT ( 'NONE',  ( -1.500000000000001332, -24.60431872659807340, 10.50000095367419917 ) ) ;
#2748 = LINE ( 'NONE', #9459, #1787 ) ;
#2749 = CARTESIAN_POINT ( 'NONE',  ( -14.09889921082299580, 11.27047208607690010, 28.99999856948849697 ) ) ;
#2750 = EDGE_CURVE ( 'NONE', #3885, #4914, #8545, .T. ) ;
#2751 = CYLINDRICAL_SURFACE ( 'NONE', #5685, 1.500000000000000222 ) ;
#2752 = CARTESIAN_POINT ( 'NONE',  ( 24.60431872659751917, -1.500000000000056843, 12.50000095367419917 ) ) ;
#2753 = VERTEX_POINT ( 'NONE', #1921 ) ;
#2754 = FILL_AREA_STYLE ('',( #9273 ) ) ;
#2755 = AXIS2_PLACEMENT_3D ( 'NONE', #7918, #7200, #3586 ) ;
#2756 = ORIENTED_EDGE ( 'NONE', *, *, #6918, .F. ) ;
#2757 = ORIENTED_EDGE ( 'NONE', *, *, #686, .F. ) ;
#2758 = CARTESIAN_POINT ( 'NONE',  ( -1.500000000000001332, 24.60431872659696495, 10.50000095367419917 ) ) ;
#2759 = DIRECTION ( 'NONE',  ( 1.000000000000000000, 0.000000000000000000, 0.000000000000000000 ) ) ;
#2760 = FACE_OUTER_BOUND ( 'NONE', #9106, .T. ) ;
#2761 = LINE ( 'NONE', #2140, #4687 ) ;
#2762 = DIRECTION ( 'NONE',  ( 0.7283034830954154826, 0.6852547238152291165, 0.000000000000000000 ) ) ;
#2763 = VERTEX_POINT ( 'NONE', #4656 ) ;
#2764 = ADVANCED_FACE ( 'NONE', ( #4757 ), #7692, .F. ) ;
#2765 = DIRECTION ( 'NONE',  ( 0.000000000000000000, 0.000000000000000000, -1.000000000000000000 ) ) ;
#2766 = CARTESIAN_POINT ( 'NONE',  ( -24.60431872659797747, 1.499999999999945821, -4.500000000000158984 ) ) ;
#2767 = LINE ( 'NONE', #5690, #5304 ) ;
#2768 = CARTESIAN_POINT ( 'NONE',  ( -1.000000000000000888, -5.916079783100047784, 3.999999999999840572 ) ) ;
#2769 = FACE_OUTER_BOUND ( 'NONE', #2941, .T. ) ;
#2770 = EDGE_CURVE ( 'NONE', #7158, #2943, #5910, .T. ) ;
#2771 = DIRECTION ( 'NONE',  ( 0.000000000000000000, 0.000000000000000000, 1.000000000000000000 ) ) ;
#2772 = EDGE_CURVE ( 'NONE', #724, #8801, #7594, .T. ) ;
#2773 = VERTEX_POINT ( 'NONE', #1877 ) ;
#2774 = ORIENTED_EDGE ( 'NONE', *, *, #5732, .F. ) ;
#2775 = ORIENTED_EDGE ( 'NONE', *, *, #4185, .F. ) ;
#2776 = VECTOR ( 'NONE', #6095, 1000.000000000000000 ) ;
#2777 = DIRECTION ( 'NONE',  ( 0.2881019561176107469, -0.9575997404350141684, 0.000000000000000000 ) ) ;
#2778 = VERTEX_POINT ( 'NONE', #1161 ) ;
#2779 = CARTESIAN_POINT ( 'NONE',  ( -21.40449719101199122, -2.500000000000057732, 12.50000095367419917 ) ) ;
#2780 = EDGE_CURVE ( 'NONE', #4360, #5220, #7067, .T. ) ;
#2781 = DIRECTION ( 'NONE',  ( -0.9575997404349968489, -0.2881019561176680344, 0.000000000000000000 ) ) ;
#2782 = CARTESIAN_POINT ( 'NONE',  ( -2.499999999999988454, -24.60431872659807340, 22.50000000000000000 ) ) ;
#2783 = AXIS2_PLACEMENT_3D ( 'NONE', #7649, #4985, #3641 ) ;
#2784 = ORIENTED_EDGE ( 'NONE', *, *, #7587, .F. ) ;
#2785 = ADVANCED_FACE ( 'NONE', ( #3939 ), #446, .F. ) ;
#2786 = DIRECTION ( 'NONE',  ( 1.000000000000000000, 0.000000000000000000, 0.000000000000000000 ) ) ;
#2787 = ORIENTED_EDGE ( 'NONE', *, *, #1796, .F. ) ;
#2788 = AXIS2_PLACEMENT_3D ( 'NONE', #7752, #6078, #8383 ) ;
#2789 = VERTEX_POINT ( 'NONE', #6153 ) ;
#2790 = DIRECTION ( 'NONE',  ( -1.000000000000000000, 1.224646799147350002E-16, 0.000000000000000000 ) ) ;
#2791 = ORIENTED_EDGE ( 'NONE', *, *, #8031, .F. ) ;
#2792 = DIRECTION ( 'NONE',  ( 0.000000000000000000, 0.000000000000000000, 1.000000000000000000 ) ) ;
#2793 = CARTESIAN_POINT ( 'NONE',  ( 11.27047208607710793, 14.09889921082296738, -10.99999976158160031 ) ) ;
#2794 = CARTESIAN_POINT ( 'NONE',  ( 2.000000000000001776, 17.93885447847687331, 0.9999999999998441247 ) ) ;
#2795 = VECTOR ( 'NONE', #3845, 1000.000000000000000 ) ;
#2796 = DIRECTION ( 'NONE',  ( 0.000000000000000000, 0.000000000000000000, 1.000000000000000000 ) ) ;
#2797 = LINE ( 'NONE', #422, #3249 ) ;
#2798 = CARTESIAN_POINT ( 'NONE',  ( -7.778600389871992427, -7.377728374959979796, -4.500000000000158984 ) ) ;
#2799 = ORIENTED_EDGE ( 'NONE', *, *, #3685, .F. ) ;
#2800 = CARTESIAN_POINT ( 'NONE',  ( 14.46722287275990837, 20.05796506004198321, -4.500000000000158984 ) ) ;
#2801 = EDGE_CURVE ( 'NONE', #2919, #1588, #2509, .T. ) ;
#2802 = ORIENTED_EDGE ( 'NONE', *, *, #8343, .F. ) ;
#2803 = CIRCLE ( 'NONE', #8162, 10.50000000000000000 ) ;
#2804 = ORIENTED_EDGE ( 'NONE', *, *, #4977, .T. ) ;
#2805 = ADVANCED_FACE ( 'NONE', ( #8636 ), #6384, .T. ) ;
#2806 = CARTESIAN_POINT ( 'NONE',  ( -1.500000000000001332, 24.60431872659696495, 5.500000953674160087 ) ) ;
#2807 = CARTESIAN_POINT ( 'NONE',  ( -21.39195958580499024, 14.15297018576899823, 12.50000095367419917 ) ) ;
#2808 = CARTESIAN_POINT ( 'NONE',  ( 0.000000000000000000, 0.000000000000000000, -4.500000000000158984 ) ) ;
#2809 = VECTOR ( 'NONE', #5830, 1000.000000000000000 ) ;
#2810 = DIRECTION ( 'NONE',  ( 0.000000000000000000, 0.000000000000000000, 1.000000000000000000 ) ) ;
#2811 = ORIENTED_EDGE ( 'NONE', *, *, #9424, .T. ) ;
#2812 = ADVANCED_FACE ( 'NONE', ( #8590 ), #4265, .T. ) ;
#2813 = CYLINDRICAL_SURFACE ( 'NONE', #4111, 0.9999999999999991118 ) ;
#2814 = CARTESIAN_POINT ( 'NONE',  ( -12.86731210496699873, -17.28683832264810150, 16.49999856948839749 ) ) ;
#2815 = FACE_OUTER_BOUND ( 'NONE', #4984, .T. ) ;
#2816 = LINE ( 'NONE', #8670, #2583 ) ;
#2817 = CARTESIAN_POINT ( 'NONE',  ( 2.500000000000002220, -21.40449719101200543, -4.500000000000158984 ) ) ;
#2818 = EDGE_CURVE ( 'NONE', #721, #4331, #94, .T. ) ;
#2819 = CARTESIAN_POINT ( 'NONE',  ( -2.499999999999988454, -21.40449719101200543, -4.500000000000158984 ) ) ;
#2820 = EDGE_CURVE ( 'NONE', #2932, #3262, #1319, .T. ) ;
#2821 = ORIENTED_EDGE ( 'NONE', *, *, #5237, .T. ) ;
#2822 = ORIENTED_EDGE ( 'NONE', *, *, #4451, .F. ) ;
#2823 = ORIENTED_EDGE ( 'NONE', *, *, #7301, .F. ) ;
#2824 = CIRCLE ( 'NONE', #1140, 1.000000000000000888 ) ;
#2825 = EDGE_CURVE ( 'NONE', #583, #5930, #4989, .T. ) ;
#2826 = DIRECTION ( 'NONE',  ( -0.7283034830953664107, -0.6852547238152811859, 0.000000000000000000 ) ) ;
#2827 = VERTEX_POINT ( 'NONE', #574 ) ;
#2828 = CARTESIAN_POINT ( 'NONE',  ( 1.560851926977996351, -25.60246553092204636, 12.50000095367419917 ) ) ;
#2829 = DIRECTION ( 'NONE',  ( 0.000000000000000000, 0.000000000000000000, 1.000000000000000000 ) ) ;
#2830 = AXIS2_PLACEMENT_3D ( 'NONE', #382, #1768, #4697 ) ;
#2831 = CARTESIAN_POINT ( 'NONE',  ( -20.55796506004299573, 13.60119746897492377, 10.50000095367419917 ) ) ;
#2832 = ORIENTED_EDGE ( 'NONE', *, *, #243, .T. ) ;
#2833 = CARTESIAN_POINT ( 'NONE',  ( 0.000000000000000000, 0.000000000000000000, 16.49999856948839749 ) ) ;
#2834 = EDGE_CURVE ( 'NONE', #6195, #6215, #6228, .T. ) ;
#2835 = ORIENTED_EDGE ( 'NONE', *, *, #8375, .F. ) ;
#2836 = VECTOR ( 'NONE', #5592, 1000.000000000000000 ) ;
#2837 = VERTEX_POINT ( 'NONE', #5752 ) ;
#2838 = CARTESIAN_POINT ( 'NONE',  ( 10.27860038987210523, -3.047601356036988562, 5.500000953674160087 ) ) ;
#2839 = VERTEX_POINT ( 'NONE', #4983 ) ;
#2840 = CIRCLE ( 'NONE', #3600, 8.000000000000000000 ) ;
#2841 = EDGE_CURVE ( 'NONE', #1340, #2300, #2737, .T. ) ;
#2842 = CARTESIAN_POINT ( 'NONE',  ( 0.000000000000000000, 0.000000000000000000, -4.500000000000158984 ) ) ;
#2843 = LINE ( 'NONE', #1265, #600 ) ;
#2844 = CARTESIAN_POINT ( 'NONE',  ( 3.236245269559039350, 1.894522777708609329, 48.05698003239911031 ) ) ;
#2845 = CARTESIAN_POINT ( 'NONE',  ( 2.500000000000002220, -24.60431872659807340, 12.50000095367419917 ) ) ;
#2846 = CARTESIAN_POINT ( 'NONE',  ( 2.228303483095367632, -25.28957345041335358, 12.50000095367419917 ) ) ;
#2847 = CARTESIAN_POINT ( 'NONE',  ( 14.88000166017640424, -11.89487497173302799, 28.99999856948849697 ) ) ;
#2848 = AXIS2_PLACEMENT_3D ( 'NONE', #4733, #5012, #4959 ) ;
#2849 = VECTOR ( 'NONE', #9330, 1000.000000000000000 ) ;
#2850 = ORIENTED_EDGE ( 'NONE', *, *, #6638, .F. ) ;
#2851 = VERTEX_POINT ( 'NONE', #9447 ) ;
#2852 = CARTESIAN_POINT ( 'NONE',  ( 11.27047208607710793, 14.09889921082296738, 28.99999856948849697 ) ) ;
#2853 = CIRCLE ( 'NONE', #9435, 1.000000000000001332 ) ;
#2854 = AXIS2_PLACEMENT_3D ( 'NONE', #8235, #1555, #6020 ) ;
#2855 = CYLINDRICAL_SURFACE ( 'NONE', #3150, 1.000000000000000888 ) ;
#2856 = LINE ( 'NONE', #5916, #6792 ) ;
#2857 = AXIS2_PLACEMENT_3D ( 'NONE', #1602, #2427, #3002 ) ;
#2858 = EDGE_CURVE ( 'NONE', #7334, #2614, #8012, .T. ) ;
#2859 = CIRCLE ( 'NONE', #7456, 1.000000000000000000 ) ;
#2860 = ORIENTED_EDGE ( 'NONE', *, *, #3164, .F. ) ;
#2861 = FACE_OUTER_BOUND ( 'NONE', #6122, .T. ) ;
#2862 = CARTESIAN_POINT ( 'NONE',  ( 0.000000000000000000, 0.000000000000000000, 12.50000095367419917 ) ) ;
#2863 = DIRECTION ( 'NONE',  ( 0.000000000000000000, 0.000000000000000000, 1.000000000000000000 ) ) ;
#2864 = CLOSED_SHELL ( 'NONE', ( #4372, #5057, #7738, #189, #2116, #5473, #3231, #1372, #5170, #9482, #3983, #3529, #2485, #1082, #8154, #3015, #666, #6515, #2987, #4941, #2084, #1949, #7952, #9307, #9420, #4486, #8631, #4049, #7814, #5638, #8237, #9362, #8534, #4319, #6224, #2805, #4709, #204, #4649, #8358, #7920, #7465, #7086, #3376, #7686, #6600, #7464, #3583, #1530, #6836, #7091, #1070, #6774, #4805, #8873, #8276, #485, #6683, #6544, #7242, #2907, #1935, #1808, #6458, #2785, #5687, #3614, #7862, #8047, #8023, #9256, #3134, #3680, #6697, #8679, #3535, #2501, #8095, #6387, #5425, #7878, #948, #4349, #4158, #4217, #8391, #6081, #720, #2468, #4793, #7559, #7001, #4376, #2555, #9404, #8138, #8046, #3371, #1000, #3956, #9477, #3864, #9275, #7639, #2366, #3629, #7764, #3992, #3389, #5538, #1705, #7129, #3156, #82, #5640, #3384, #1471, #8393, #7515, #4826, #8663, #3235, #2928, #3857, #7480, #2477, #8990, #4382, #2812, #7929, #5989, #3676, #1320, #5351, #8062, #2572, #6324, #4896, #6990, #2533, #2237, #4505, #7659, #3279, #2764, #87, #4468, #7857, #4154, #757, #7209, #8463, #683, #8970, #2489, #6267, #8165, #329, #4458, #977, #7516, #6904, #3398, #7191, #1697, #9394, #4509, #4175, #5929, #6216, #6349, #8458, #2663, #6505, #3403, #2940, #4522, #5011, #6985, #5488, #7983, #1619, #647, #4976, #6096, #1375, #8969, #1289, #2280, #767, #5928, #6109, #3064, #2921, #1731, #3183, #7439, #10, #1523, #546, #834, #2161, #9212, #7997, #3186, #8645, #6495, #2519, #980, #8680, #8408, #7232, #9288, #2669, #3760, #108, #7149, #5570, #6023, #2239, #5399, #439, #7061, #472, #7586, #142, #5883, #751, #6331, #5392, #5543, #2001, #5149, #1757, #9328, #6208, #3107, #7286, #3391, #1404, #4839, #1903, #7206, #2626, #5185, #3752, #5387, #2587, #1627, #1769, #9056, #7292, #3757, #5728, #7543, #3127, #1173, #218, #6895, #9434, #12, #6571, #381, #9047, #6355, #6760, #8606, #2958, #3505, #884, #8268, #8924, #2656, #5873, #5123, #8037 ) ) ;
#2865 = CARTESIAN_POINT ( 'NONE',  ( -10.45227248018298916, -1.000000000000000888, -10.99999976158160031 ) ) ;
#2866 = AXIS2_PLACEMENT_3D ( 'NONE', #7782, #7065, #483 ) ;
#2867 = CYLINDRICAL_SURFACE ( 'NONE', #4875, 1.000000000000000888 ) ;
#2868 = CARTESIAN_POINT ( 'NONE',  ( -21.39195958580499024, -14.15297018576999832, 22.50000000000000000 ) ) ;
#2869 = LINE ( 'NONE', #4391, #8176 ) ;
#2870 = EDGE_CURVE ( 'NONE', #7409, #1812, #9090, .T. ) ;
#2871 = VERTEX_POINT ( 'NONE', #5661 ) ;
#2872 = ORIENTED_EDGE ( 'NONE', *, *, #4342, .T. ) ;
#2873 = CIRCLE ( 'NONE', #6256, 1.000000000000001110 ) ;
#2874 = ORIENTED_EDGE ( 'NONE', *, *, #6398, .F. ) ;
#2875 = EDGE_CURVE ( 'NONE', #6968, #6828, #4178, .T. ) ;
#2876 = EDGE_CURVE ( 'NONE', #1302, #7330, #3591, .T. ) ;
#2877 = DIRECTION ( 'NONE',  ( 0.000000000000000000, 0.000000000000000000, -1.000000000000000000 ) ) ;
#2878 = CARTESIAN_POINT ( 'NONE',  ( -10.13709585383799983, -22.55796506004303836, -4.500000000000158984 ) ) ;
#2879 = CYLINDRICAL_SURFACE ( 'NONE', #273, 10.50000000000000000 ) ;
#2880 = VECTOR ( 'NONE', #6369, 1000.000000000000000 ) ;
#2881 = CARTESIAN_POINT ( 'NONE',  ( 14.09889921082331554, -11.27047208607712037, -10.99999976158160031 ) ) ;
#2882 = ORIENTED_EDGE ( 'NONE', *, *, #1703, .T. ) ;
#2883 = DIRECTION ( 'NONE',  ( 0.000000000000000000, 0.000000000000000000, -1.000000000000000000 ) ) ;
#2884 = AXIS2_PLACEMENT_3D ( 'NONE', #3316, #5427, #8978 ) ;
#2885 = VERTEX_POINT ( 'NONE', #3546 ) ;
#2886 = AXIS2_PLACEMENT_3D ( 'NONE', #9311, #1395, #4992 ) ;
#2887 = EDGE_CURVE ( 'NONE', #8447, #3309, #3869, .T. ) ;
#2888 = EDGE_LOOP ( 'NONE', ( #1738, #319, #7780, #6671 ) ) ;
#2889 = CYLINDRICAL_SURFACE ( 'NONE', #2592, 1.000000000000000888 ) ;
#2890 = ORIENTED_EDGE ( 'NONE', *, *, #6737, .T. ) ;
#2891 = LINE ( 'NONE', #2933, #6392 ) ;
#2892 = DIRECTION ( 'NONE',  ( 0.000000000000000000, 0.000000000000000000, 1.000000000000000000 ) ) ;
#2893 = DIRECTION ( 'NONE',  ( -0.6852547238153542386, -0.7283034830952977989, 0.000000000000000000 ) ) ;
#2894 = CIRCLE ( 'NONE', #4117, 1.000000000000000888 ) ;
#2895 = EDGE_CURVE ( 'NONE', #164, #1628, #7873, .T. ) ;
#2896 = AXIS2_PLACEMENT_3D ( 'NONE', #2350, #7397, #7303 ) ;
#2897 = DIRECTION ( 'NONE',  ( 0.000000000000000000, 0.000000000000000000, 1.000000000000000000 ) ) ;
#2898 = CARTESIAN_POINT ( 'NONE',  ( -1.560851926977996351, -25.60246553092204636, 5.500000953674160087 ) ) ;
#2899 = DIRECTION ( 'NONE',  ( 0.000000000000000000, 0.000000000000000000, 1.000000000000000000 ) ) ;
#2900 = ORIENTED_EDGE ( 'NONE', *, *, #6297, .T. ) ;
#2901 = VECTOR ( 'NONE', #2055, 1000.000000000000000 ) ;
#2902 = CIRCLE ( 'NONE', #5016, 25.64999999999999858 ) ;
#2903 = ORIENTED_EDGE ( 'NONE', *, *, #1987, .F. ) ;
#2904 = VERTEX_POINT ( 'NONE', #3499 ) ;
#2905 = CIRCLE ( 'NONE', #8871, 1.000000000000000444 ) ;
#2906 = DIRECTION ( 'NONE',  ( 0.000000000000000000, 0.000000000000000000, -1.000000000000000000 ) ) ;
#2907 = ADVANCED_FACE ( 'NONE', ( #7 ), #5847, .F. ) ;
#2908 = LINE ( 'NONE', #3667, #3759 ) ;
#2909 = CARTESIAN_POINT ( 'NONE',  ( 21.40449719101100712, -2.500000000000057732, 16.49999856948839749 ) ) ;
#2910 = VERTEX_POINT ( 'NONE', #2925 ) ;
#2911 = CARTESIAN_POINT ( 'NONE',  ( 20.55796506004270441, -13.60119746897603399, 12.50000095367419917 ) ) ;
#2912 = DIRECTION ( 'NONE',  ( 0.000000000000000000, 0.000000000000000000, 1.000000000000000000 ) ) ;
#2913 = CARTESIAN_POINT ( 'NONE',  ( 0.000000000000000000, 0.000000000000000000, 5.500000953674160087 ) ) ;
#2914 = PLANE ( 'NONE',  #7491 ) ;
#2915 = DIRECTION ( 'NONE',  ( 3.770471112782770013E-19, -6.784746809671409961E-18, -1.000000000000000000 ) ) ;
#2916 = DIRECTION ( 'NONE',  ( 1.000000000000000000, 0.000000000000000000, 0.000000000000000000 ) ) ;
#2917 = DIRECTION ( 'NONE',  ( 0.000000000000000000, 0.000000000000000000, 1.000000000000000000 ) ) ;
#2918 = ORIENTED_EDGE ( 'NONE', *, *, #3693, .F. ) ;
#2919 = VERTEX_POINT ( 'NONE', #2782 ) ;
#2920 = VERTEX_POINT ( 'NONE', #5705 ) ;
#2921 = ADVANCED_FACE ( 'NONE', ( #1972 ), #1344, .F. ) ;
#2922 = CYLINDRICAL_SURFACE ( 'NONE', #148, 1.000000000000000888 ) ;
#2923 = LINE ( 'NONE', #5936, #9009 ) ;
#2924 = CARTESIAN_POINT ( 'NONE',  ( 22.55796506004270441, -10.13709585383804068, 10.50000095367419917 ) ) ;
#2925 = CARTESIAN_POINT ( 'NONE',  ( 21.39195958580511459, -14.15297018576999832, 5.500000953674160087 ) ) ;
#2926 = ORIENTED_EDGE ( 'NONE', *, *, #5710, .F. ) ;
#2927 = DIRECTION ( 'NONE',  ( 0.000000000000000000, 0.000000000000000000, 1.000000000000000000 ) ) ;
#2928 = ADVANCED_FACE ( 'NONE', ( #8824 ), #5941, .T. ) ;
#2929 = ORIENTED_EDGE ( 'NONE', *, *, #2524, .T. ) ;
#2930 = ORIENTED_EDGE ( 'NONE', *, *, #8511, .T. ) ;
#2931 = LINE ( 'NONE', #5853, #1662 ) ;
#2932 = VERTEX_POINT ( 'NONE', #5125 ) ;
#2933 = CARTESIAN_POINT ( 'NONE',  ( -2.958039891549995914, 1.000000000000000888, -10.99999976158160031 ) ) ;
#2934 = CARTESIAN_POINT ( 'NONE',  ( 0.000000000000000000, 0.000000000000000000, 5.500000953674160087 ) ) ;
#2935 = VECTOR ( 'NONE', #7345, 1000.000000000000000 ) ;
#2936 = DIRECTION ( 'NONE',  ( 0.000000000000000000, 0.000000000000000000, -1.000000000000000000 ) ) ;
#2937 = DIRECTION ( 'NONE',  ( 0.6852547238153056108, 0.7283034830953436511, 0.000000000000000000 ) ) ;
#2938 = FACE_OUTER_BOUND ( 'NONE', #2085, .T. ) ;
#2939 = FACE_OUTER_BOUND ( 'NONE', #1018, .T. ) ;
#2940 = ADVANCED_FACE ( 'NONE', ( #4493 ), #762, .T. ) ;
#2941 = EDGE_LOOP ( 'NONE', ( #500, #5374, #5098, #3528 ) ) ;
#2942 = EDGE_LOOP ( 'NONE', ( #5992, #2013, #4700, #6252 ) ) ;
#2943 = VERTEX_POINT ( 'NONE', #8874 ) ;
#2944 = EDGE_CURVE ( 'NONE', #5283, #277, #2648, .T. ) ;
#2945 = DIRECTION ( 'NONE',  ( 0.000000000000000000, 0.000000000000000000, -1.000000000000000000 ) ) ;
#2946 = EDGE_CURVE ( 'NONE', #4099, #779, #95, .T. ) ;
#2947 = CARTESIAN_POINT ( 'NONE',  ( -14.57455414890890744, 20.78726131738163474, 10.50000095367419917 ) ) ;
#2948 = DIRECTION ( 'NONE',  ( 0.000000000000000000, 0.000000000000000000, -1.000000000000000000 ) ) ;
#2949 = ORIENTED_EDGE ( 'NONE', *, *, #5524, .F. ) ;
#2950 = EDGE_CURVE ( 'NONE', #2194, #2105, #7713, .T. ) ;
#2951 = CARTESIAN_POINT ( 'NONE',  ( 0.000000000000000000, 0.000000000000000000, 5.500000953674160087 ) ) ;
#2952 = AXIS2_PLACEMENT_3D ( 'NONE', #2394, #4544, #8060 ) ;
#2953 = CARTESIAN_POINT ( 'NONE',  ( -20.55796506004299573, 13.60119746897492377, 5.500000953674160087 ) ) ;
#2954 = DIRECTION ( 'NONE',  ( 0.000000000000000000, 0.000000000000000000, -1.000000000000000000 ) ) ;
#2955 = LINE ( 'NONE', #5878, #295 ) ;
#2956 = CARTESIAN_POINT ( 'NONE',  ( 11.00312125762210869, -22.05796506004298152, 10.50000095367419917 ) ) ;
#2957 = DIRECTION ( 'NONE',  ( 0.000000000000000000, 0.000000000000000000, -1.000000000000000000 ) ) ;
#2958 = ADVANCED_FACE ( 'NONE', ( #8148 ), #1480, .T. ) ;
#2959 = DIRECTION ( 'NONE',  ( 0.000000000000000000, 0.000000000000000000, 1.000000000000000000 ) ) ;
#2960 = ORIENTED_EDGE ( 'NONE', *, *, #2679, .F. ) ;
#2961 = ORIENTED_EDGE ( 'NONE', *, *, #5360, .T. ) ;
#2962 = ORIENTED_EDGE ( 'NONE', *, *, #2834, .F. ) ;
#2963 = AXIS2_PLACEMENT_3D ( 'NONE', #9207, #2050, #8581 ) ;
#2964 = ORIENTED_EDGE ( 'NONE', *, *, #4632, .T. ) ;
#2965 = DIRECTION ( 'NONE',  ( 0.000000000000000000, 0.000000000000000000, 1.000000000000000000 ) ) ;
#2966 = CARTESIAN_POINT ( 'NONE',  ( 0.000000000000000000, 0.000000000000000000, 22.50000000000000000 ) ) ;
#2967 = CARTESIAN_POINT ( 'NONE',  ( 10.45227248018340482, 1.000000000000000888, -10.99999976158160031 ) ) ;
#2968 = DIRECTION ( 'NONE',  ( 1.000000000000000000, 0.000000000000000000, 0.000000000000000000 ) ) ;
#2969 = EDGE_LOOP ( 'NONE', ( #2144, #2743, #2415, #227, #8229, #3082, #372, #4573, #4863, #6941, #7240, #1100, #5577, #2731, #1542, #7063, #4807, #3259, #8996, #1334, #3824, #2975, #1922, #4706, #2472, #260, #1761, #1091 ) ) ;
#2970 = ORIENTED_EDGE ( 'NONE', *, *, #6686, .T. ) ;
#2971 = CARTESIAN_POINT ( 'NONE',  ( -7.778600389871992427, -7.377728374959979796, -4.500000000000158984 ) ) ;
#2972 = AXIS2_PLACEMENT_3D ( 'NONE', #1648, #830, #8279 ) ;
#2973 = ORIENTED_EDGE ( 'NONE', *, *, #6425, .F. ) ;
#2974 = EDGE_CURVE ( 'NONE', #8401, #1029, #4402, .T. ) ;
#2975 = ORIENTED_EDGE ( 'NONE', *, *, #7909, .T. ) ;
#2976 = DIRECTION ( 'NONE',  ( 0.000000000000000000, 0.000000000000000000, 1.000000000000000000 ) ) ;
#2977 = ORIENTED_EDGE ( 'NONE', *, *, #4767, .T. ) ;
#2978 = DIRECTION ( 'NONE',  ( -0.8660254037844387076, -0.4999999999999998890, 0.000000000000000000 ) ) ;
#2979 = DIRECTION ( 'NONE',  ( 0.000000000000000000, 0.000000000000000000, -1.000000000000000000 ) ) ;
#2980 = CIRCLE ( 'NONE', #1908, 10.50000000000000000 ) ;
#2981 = EDGE_CURVE ( 'NONE', #9233, #3137, #960, .T. ) ;
#2982 = CARTESIAN_POINT ( 'NONE',  ( -12.67365965879599443, -4.430389469675999337, -4.500000000000158984 ) ) ;
#2983 = DIRECTION ( 'NONE',  ( 0.000000000000000000, 0.000000000000000000, 1.000000000000000000 ) ) ;
#2984 = PLANE ( 'NONE',  #9112 ) ;
#2985 = ORIENTED_EDGE ( 'NONE', *, *, #3774, .F. ) ;
#2986 = VECTOR ( 'NONE', #9460, 1000.000000000000000 ) ;
#2987 = ADVANCED_FACE ( 'NONE', ( #3689 ), #1571, .T. ) ;
#2988 = VERTEX_POINT ( 'NONE', #5171 ) ;
#2989 = VERTEX_POINT ( 'NONE', #1620 ) ;
#2990 = DIRECTION ( 'NONE',  ( 0.000000000000000000, 0.000000000000000000, -1.000000000000000000 ) ) ;
#2991 = EDGE_CURVE ( 'NONE', #3442, #4840, #145, .T. ) ;
#2992 = DIRECTION ( 'NONE',  ( -0.9733566799329020913, 0.2292962573397090698, 0.000000000000000000 ) ) ;
#2993 = CIRCLE ( 'NONE', #8363, 19.05000000000000071 ) ;
#2994 = CARTESIAN_POINT ( 'NONE',  ( 19.78683832264890796, 8.537185086044951632, 12.50000095367419917 ) ) ;
#2995 = EDGE_LOOP ( 'NONE', ( #4752, #309, #2123, #2649 ) ) ;
#2996 = ORIENTED_EDGE ( 'NONE', *, *, #8773, .F. ) ;
#2997 = VECTOR ( 'NONE', #1905, 1000.000000000000000 ) ;
#2998 = CIRCLE ( 'NONE', #9425, 0.9999999999999994449 ) ;
#2999 = AXIS2_PLACEMENT_3D ( 'NONE', #2691, #5614, #3222 ) ;
#3000 = CARTESIAN_POINT ( 'NONE',  ( -2.499999999999988454, 21.40449719101100712, 16.49999856948839749 ) ) ;
#3001 = EDGE_CURVE ( 'NONE', #5784, #1950, #3260, .T. ) ;
#3002 = DIRECTION ( 'NONE',  ( 0.2292962573396013781, 0.9733566799329275154, 0.000000000000000000 ) ) ;
#3003 = DIRECTION ( 'NONE',  ( 0.000000000000000000, 0.000000000000000000, 1.000000000000000000 ) ) ;
#3004 = DIRECTION ( 'NONE',  ( 1.000000000000000000, 0.000000000000000000, 0.000000000000000000 ) ) ;
#3005 = CARTESIAN_POINT ( 'NONE',  ( 23.01556480047760900, 10.71501930150427384, -4.500000000000158984 ) ) ;
#3006 = FACE_OUTER_BOUND ( 'NONE', #8461, .T. ) ;
#3007 = ORIENTED_EDGE ( 'NONE', *, *, #706, .F. ) ;
#3008 = ORIENTED_EDGE ( 'NONE', *, *, #3001, .T. ) ;
#3009 = ORIENTED_EDGE ( 'NONE', *, *, #8692, .F. ) ;
#3010 = VECTOR ( 'NONE', #8041, 1000.000000000000000 ) ;
#3011 = DIRECTION ( 'NONE',  ( -6.123233995736769734E-17, -1.000000000000000000, 0.000000000000000000 ) ) ;
#3012 = DIRECTION ( 'NONE',  ( 0.7452527504476756937, 0.6667820768063390524, 0.000000000000000000 ) ) ;
#3013 = PLANE ( 'NONE',  #4576 ) ;
#3014 = DIRECTION ( 'NONE',  ( -0.2292962573396013781, 0.9733566799329275154, 0.000000000000000000 ) ) ;
#3015 = ADVANCED_FACE ( 'NONE', ( #3065 ), #3160, .T. ) ;
#3016 = CARTESIAN_POINT ( 'NONE',  ( -24.60431872659797747, -2.500000000000057732, 10.50000095367419917 ) ) ;
#3017 = AXIS2_PLACEMENT_3D ( 'NONE', #391, #4129, #6247 ) ;
#3018 = ORIENTED_EDGE ( 'NONE', *, *, #7034, .T. ) ;
#3019 = ORIENTED_EDGE ( 'NONE', *, *, #578, .T. ) ;
#3020 = DIRECTION ( 'NONE',  ( -0.2292962573396254977, -0.9733566799329216312, 0.000000000000000000 ) ) ;
#3021 = ORIENTED_EDGE ( 'NONE', *, *, #9082, .T. ) ;
#3022 = ORIENTED_EDGE ( 'NONE', *, *, #2770, .F. ) ;
#3023 = CARTESIAN_POINT ( 'NONE',  ( 0.000000000000000000, 0.000000000000000000, -10.99999976158160031 ) ) ;
#3024 = ORIENTED_EDGE ( 'NONE', *, *, #5150, .F. ) ;
#3025 = CARTESIAN_POINT ( 'NONE',  ( 2.228303483095367632, -25.28957345041335358, -4.500000000000158984 ) ) ;
#3026 = CARTESIAN_POINT ( 'NONE',  ( 12.26893148769999797, -14.15438635628010466, 28.99999856948849697 ) ) ;
#3027 = CARTESIAN_POINT ( 'NONE',  ( -20.85065946199300768, -2.500000000000057732, 16.50000095367419917 ) ) ;
#3028 = CIRCLE ( 'NONE', #8402, 21.55000000000000071 ) ;
#3029 = CARTESIAN_POINT ( 'NONE',  ( 19.78683832264890796, 8.537185086044951632, -4.500000000000158984 ) ) ;
#3030 = AXIS2_PLACEMENT_3D ( 'NONE', #2048, #4967, #7904 ) ;
#3031 = CARTESIAN_POINT ( 'NONE',  ( 24.60431872659751917, -2.500000000000057732, 5.500000953674160087 ) ) ;
#3032 = ORIENTED_EDGE ( 'NONE', *, *, #3792, .T. ) ;
#3033 = EDGE_LOOP ( 'NONE', ( #4806, #7424, #8565, #2562 ) ) ;
#3034 = EDGE_LOOP ( 'NONE', ( #8016, #658, #4510, #7919 ) ) ;
#3035 = EDGE_CURVE ( 'NONE', #2681, #5141, #5990, .T. ) ;
#3036 = VECTOR ( 'NONE', #4102, 1000.000000000000000 ) ;
#3037 = DIRECTION ( 'NONE',  ( 0.000000000000000000, 0.000000000000000000, 1.000000000000000000 ) ) ;
#3038 = AXIS2_PLACEMENT_3D ( 'NONE', #9455, #6391, #8551 ) ;
#3039 = DIRECTION ( 'NONE',  ( 0.000000000000000000, 0.000000000000000000, -1.000000000000000000 ) ) ;
#3040 = VECTOR ( 'NONE', #4820, 1000.000000000000000 ) ;
#3041 = CARTESIAN_POINT ( 'NONE',  ( -24.60431872659797747, 2.499999999999946709, 12.50000095367419917 ) ) ;
#3042 = ORIENTED_EDGE ( 'NONE', *, *, #8556, .T. ) ;
#3043 = VERTEX_POINT ( 'NONE', #5266 ) ;
#3044 = AXIS2_PLACEMENT_3D ( 'NONE', #4538, #3204, #3250 ) ;
#3045 = VECTOR ( 'NONE', #7064, 1000.000000000000000 ) ;
#3046 = VECTOR ( 'NONE', #6983, 1000.000000000000000 ) ;
#3047 = DIRECTION ( 'NONE',  ( 0.000000000000000000, 0.000000000000000000, -1.000000000000000000 ) ) ;
#3048 = DIRECTION ( 'NONE',  ( 0.000000000000000000, 0.000000000000000000, -1.000000000000000000 ) ) ;
#3049 = DIRECTION ( 'NONE',  ( 0.000000000000000000, 0.000000000000000000, 1.000000000000000000 ) ) ;
#3050 = CYLINDRICAL_SURFACE ( 'NONE', #8217, 10.50000000000000000 ) ;
#3051 = FACE_OUTER_BOUND ( 'NONE', #4216, .T. ) ;
#3052 = CIRCLE ( 'NONE', #1, 0.9999999999999985567 ) ;
#3053 = ORIENTED_EDGE ( 'NONE', *, *, #6762, .F. ) ;
#3054 = ORIENTED_EDGE ( 'NONE', *, *, #6887, .T. ) ;
#3055 = EDGE_CURVE ( 'NONE', #7107, #7965, #8476, .T. ) ;
#3056 = AXIS2_PLACEMENT_3D ( 'NONE', #4385, #9386, #4248 ) ;
#3057 = ORIENTED_EDGE ( 'NONE', *, *, #234, .F. ) ;
#3058 = DIRECTION ( 'NONE',  ( 0.000000000000000000, 0.000000000000000000, 1.000000000000000000 ) ) ;
#3059 = CARTESIAN_POINT ( 'NONE',  ( 22.55796506004270441, 10.13709585383704237, 12.50000095367419917 ) ) ;
#3060 = DIRECTION ( 'NONE',  ( 0.000000000000000000, 0.000000000000000000, -1.000000000000000000 ) ) ;
#3061 = EDGE_CURVE ( 'NONE', #6987, #3710, #6811, .T. ) ;
#3062 = FACE_OUTER_BOUND ( 'NONE', #2290, .T. ) ;
#3063 = EDGE_CURVE ( 'NONE', #3262, #2932, #6182, .T. ) ;
#3064 = ADVANCED_FACE ( 'NONE', ( #2201 ), #8345, .T. ) ;
#3065 = FACE_OUTER_BOUND ( 'NONE', #9083, .T. ) ;
#3066 = ORIENTED_EDGE ( 'NONE', *, *, #7946, .F. ) ;
#3067 = VERTEX_POINT ( 'NONE', #605 ) ;
#3068 = DIRECTION ( 'NONE',  ( 0.000000000000000000, 0.000000000000000000, 1.000000000000000000 ) ) ;
#3069 = VERTEX_POINT ( 'NONE', #3211 ) ;
#3070 = EDGE_CURVE ( 'NONE', #5346, #3996, #9333, .T. ) ;
#3071 = ORIENTED_EDGE ( 'NONE', *, *, #224, .F. ) ;
#3072 = DIRECTION ( 'NONE',  ( 0.000000000000000000, 0.000000000000000000, -1.000000000000000000 ) ) ;
#3073 = ORIENTED_EDGE ( 'NONE', *, *, #4171, .T. ) ;
#3074 = DIRECTION ( 'NONE',  ( 0.000000000000000000, 0.000000000000000000, -1.000000000000000000 ) ) ;
#3075 = DIRECTION ( 'NONE',  ( 0.000000000000000000, 0.000000000000000000, -1.000000000000000000 ) ) ;
#3076 = EDGE_CURVE ( 'NONE', #2560, #2659, #3413, .T. ) ;
#3077 = CARTESIAN_POINT ( 'NONE',  ( 21.59731931759170820, -15.35596946773398841, 16.50000095367419917 ) ) ;
#3078 = CARTESIAN_POINT ( 'NONE',  ( 22.95281151278260978, -11.44949534515304990, 5.500000953674160087 ) ) ;
#3079 = DIRECTION ( 'NONE',  ( 0.9984594016228911517, 0.05548714545602558001, 0.000000000000000000 ) ) ;
#3080 = ORIENTED_EDGE ( 'NONE', *, *, #6373, .F. ) ;
#3081 = EDGE_LOOP ( 'NONE', ( #594, #2712, #1165, #3272 ) ) ;
#3082 = ORIENTED_EDGE ( 'NONE', *, *, #828, .T. ) ;
#3083 = AXIS2_PLACEMENT_3D ( 'NONE', #3464, #9412, #728 ) ;
#3084 = DIRECTION ( 'NONE',  ( 0.9575997404350009568, -0.2881019561176543786, 0.000000000000000000 ) ) ;
#3085 = CARTESIAN_POINT ( 'NONE',  ( -25.28957345041333227, -2.228303483095354753, 22.50000000000000000 ) ) ;
#3086 = DIRECTION ( 'NONE',  ( 0.000000000000000000, 0.000000000000000000, -1.000000000000000000 ) ) ;
#3087 = VERTEX_POINT ( 'NONE', #4748 ) ;
#3088 = EDGE_CURVE ( 'NONE', #912, #3927, #7682, .T. ) ;
#3089 = ORIENTED_EDGE ( 'NONE', *, *, #6564, .F. ) ;
#3090 = PLANE ( 'NONE',  #4533 ) ;
#3091 = CARTESIAN_POINT ( 'NONE',  ( 0.000000000000000000, 0.000000000000000000, 22.50000000000000000 ) ) ;
#3092 = DIRECTION ( 'NONE',  ( 0.000000000000000000, 0.000000000000000000, 1.000000000000000000 ) ) ;
#3093 = CARTESIAN_POINT ( 'NONE',  ( -10.71501930150438220, 23.01556480047699438, 12.50000095367419917 ) ) ;
#3094 = DIRECTION ( 'NONE',  ( 0.000000000000000000, 0.000000000000000000, 1.000000000000000000 ) ) ;
#3095 = CYLINDRICAL_SURFACE ( 'NONE', #5872, 0.9999999999999994449 ) ;
#3097 = CARTESIAN_POINT ( 'NONE',  ( -0.02258221876439383061, 3.749932005169651195, 28.99999856948849697 ) ) ;
#3096 = AXIS2_PLACEMENT_3D ( 'NONE', #3704, #6632, #8889 ) ;
#3098 = ORIENTED_EDGE ( 'NONE', *, *, #5943, .T. ) ;
#3099 = ORIENTED_EDGE ( 'NONE', *, *, #871, .T. ) ;
#3100 = VECTOR ( 'NONE', #7534, 1000.000000000000000 ) ;
#3101 = LINE ( 'NONE', #330, #3810 ) ;
#3102 = CARTESIAN_POINT ( 'NONE',  ( 0.000000000000000000, 0.000000000000000000, 22.50000000000000000 ) ) ;
#3103 = DIRECTION ( 'NONE',  ( 0.000000000000000000, 0.000000000000000000, 1.000000000000000000 ) ) ;
#3104 = EDGE_CURVE ( 'NONE', #2363, #8705, #5864, .T. ) ;
#3105 = CARTESIAN_POINT ( 'NONE',  ( 11.44949534515241041, -22.95281151278305742, -4.500000000000158984 ) ) ;
#3106 = FACE_OUTER_BOUND ( 'NONE', #1573, .T. ) ;
#3107 = ADVANCED_FACE ( 'NONE', ( #6964 ), #1053, .T. ) ;
#3108 = FACE_OUTER_BOUND ( 'NONE', #6354, .T. ) ;
#3109 = AXIS2_PLACEMENT_3D ( 'NONE', #928, #4668, #2368 ) ;
#3110 = CARTESIAN_POINT ( 'NONE',  ( 0.000000000000000000, 0.000000000000000000, 12.50000095367419917 ) ) ;
#3111 = ORIENTED_EDGE ( 'NONE', *, *, #6104, .F. ) ;
#3112 = EDGE_LOOP ( 'NONE', ( #3450, #7552, #4903, #2784, #8779, #4075, #7350, #7570 ) ) ;
#3113 = LINE ( 'NONE', #2397, #4449 ) ;
#3114 = CIRCLE ( 'NONE', #9103, 1.000000000000001332 ) ;
#3115 = ORIENTED_EDGE ( 'NONE', *, *, #9378, .T. ) ;
#3116 = ORIENTED_EDGE ( 'NONE', *, *, #7049, .T. ) ;
#3117 = LINE ( 'NONE', #8206, #7962 ) ;
#3118 = VERTEX_POINT ( 'NONE', #7580 ) ;
#3119 = CYLINDRICAL_SURFACE ( 'NONE', #6249, 0.9999999999999994449 ) ;
#3120 = CARTESIAN_POINT ( 'NONE',  ( -2.228303483095367632, -25.28957345041335358, -4.500000000000158984 ) ) ;
#3121 = CARTESIAN_POINT ( 'NONE',  ( 4.430389469675014347, -12.67365965879607614, 12.50000095367419917 ) ) ;
#3122 = EDGE_CURVE ( 'NONE', #2910, #8098, #8620, .T. ) ;
#3123 = CIRCLE ( 'NONE', #7884, 1.000000000000000222 ) ;
#3124 = CARTESIAN_POINT ( 'NONE',  ( 25.28957345041287397, -2.228303483095355197, 10.50000095367419917 ) ) ;
#3125 = CARTESIAN_POINT ( 'NONE',  ( 11.27047208607710793, 14.09889921082296738, 28.99999856948849697 ) ) ;
#3126 = VERTEX_POINT ( 'NONE', #6914 ) ;
#3127 = ADVANCED_FACE ( 'NONE', ( #5370 ), #3926, .T. ) ;
#3128 = ORIENTED_EDGE ( 'NONE', *, *, #9167, .F. ) ;
#3129 = CARTESIAN_POINT ( 'NONE',  ( 24.60431872659751917, 1.499999999999945821, 10.50000095367419917 ) ) ;
#3130 = ORIENTED_EDGE ( 'NONE', *, *, #7361, .F. ) ;
#3131 = VECTOR ( 'NONE', #8456, 1000.000000000000000 ) ;
#3132 = CYLINDRICAL_SURFACE ( 'NONE', #7964, 0.9999999999999994449 ) ;
#3133 = CARTESIAN_POINT ( 'NONE',  ( 0.000000000000000000, 0.000000000000000000, 12.50000095367419917 ) ) ;
#3134 = ADVANCED_FACE ( 'NONE', ( #3306 ), #1150, .T. ) ;
#3135 = DIRECTION ( 'NONE',  ( 0.7283034830954154826, 0.6852547238152291165, 0.000000000000000000 ) ) ;
#3136 = AXIS2_PLACEMENT_3D ( 'NONE', #4747, #1098, #6963 ) ;
#3137 = VERTEX_POINT ( 'NONE', #2594 ) ;
#3138 = ORIENTED_EDGE ( 'NONE', *, *, #5232, .T. ) ;
#3139 = ORIENTED_EDGE ( 'NONE', *, *, #8465, .F. ) ;
#3140 = DIRECTION ( 'NONE',  ( 0.000000000000000000, 0.000000000000000000, -1.000000000000000000 ) ) ;
#3142 = DIRECTION ( 'NONE',  ( 0.000000000000000000, 0.000000000000000000, 1.000000000000000000 ) ) ;
#3141 = VECTOR ( 'NONE', #8182, 1000.000000000000000 ) ;
#3143 = PLANE ( 'NONE',  #889 ) ;
#3144 = CARTESIAN_POINT ( 'NONE',  ( -19.78683832264900744, 8.537185086044951632, 5.500000953674160087 ) ) ;
#3145 = DIRECTION ( 'NONE',  ( 1.000000000000000000, 0.000000000000000000, 0.000000000000000000 ) ) ;
#3147 = CARTESIAN_POINT ( 'NONE',  ( 0.000000000000000000, 0.000000000000000000, -4.500000000000158984 ) ) ;
#3146 = CIRCLE ( 'NONE', #3452, 25.64999999999999858 ) ;
#3148 = ORIENTED_EDGE ( 'NONE', *, *, #925, .F. ) ;
#3149 = ORIENTED_EDGE ( 'NONE', *, *, #7395, .F. ) ;
#3150 = AXIS2_PLACEMENT_3D ( 'NONE', #5781, #1546, #6062 ) ;
#3151 = CIRCLE ( 'NONE', #7444, 0.9999999999999994449 ) ;
#3152 = DIRECTION ( 'NONE',  ( -1.000000000000000000, 0.000000000000000000, 0.000000000000000000 ) ) ;
#3153 = DIRECTION ( 'NONE',  ( 0.000000000000000000, 0.000000000000000000, 1.000000000000000000 ) ) ;
#3154 = DIRECTION ( 'NONE',  ( 0.000000000000000000, 0.000000000000000000, 1.000000000000000000 ) ) ;
#3155 = CARTESIAN_POINT ( 'NONE',  ( 19.30720077974440585, -8.260266221536083364, 16.50000095367419917 ) ) ;
#3156 = ADVANCED_FACE ( 'NONE', ( #4789 ), #289, .T. ) ;
#3157 = CARTESIAN_POINT ( 'NONE',  ( 14.15297018576949739, -21.39195958580497603, 12.50000095367419917 ) ) ;
#3158 = VECTOR ( 'NONE', #2430, 1000.000000000000000 ) ;
#3159 = DIRECTION ( 'NONE',  ( 0.000000000000000000, 0.000000000000000000, 1.000000000000000000 ) ) ;
#3160 = CYLINDRICAL_SURFACE ( 'NONE', #508, 1.000000000000000666 ) ;
#3161 = EDGE_LOOP ( 'NONE', ( #1590, #1664, #6497, #4514 ) ) ;
#3162 = ORIENTED_EDGE ( 'NONE', *, *, #8203, .T. ) ;
#3163 = CARTESIAN_POINT ( 'NONE',  ( -25.28957345041323279, 2.228303483095335213, -4.500000000000158984 ) ) ;
#3164 = EDGE_CURVE ( 'NONE', #8583, #9086, #5704, .T. ) ;
#3165 = EDGE_CURVE ( 'NONE', #5211, #8373, #1322, .T. ) ;
#3166 = VERTEX_POINT ( 'NONE', #6190 ) ;
#3167 = ORIENTED_EDGE ( 'NONE', *, *, #8931, .F. ) ;
#3168 = DIRECTION ( 'NONE',  ( 0.000000000000000000, 0.000000000000000000, 1.000000000000000000 ) ) ;
#3169 = ORIENTED_EDGE ( 'NONE', *, *, #4681, .F. ) ;
#3170 = CARTESIAN_POINT ( 'NONE',  ( -2.499999999999988454, 24.60431872659696495, 12.50000095367419917 ) ) ;
#3171 = DIRECTION ( 'NONE',  ( -6.123233995736769734E-17, -1.000000000000000000, 0.000000000000000000 ) ) ;
#3172 = CIRCLE ( 'NONE', #266, 1.000000000000000888 ) ;
#3173 = DIRECTION ( 'NONE',  ( -0.8660254037844387076, 0.4999999999999998890, 0.000000000000000000 ) ) ;
#3174 = VERTEX_POINT ( 'NONE', #5467 ) ;
#3175 = DIRECTION ( 'NONE',  ( 0.000000000000000000, 0.000000000000000000, 1.000000000000000000 ) ) ;
#3176 = EDGE_LOOP ( 'NONE', ( #812, #23, #5607, #2331, #9407, #7856, #3755, #8604 ) ) ;
#3177 = EDGE_CURVE ( 'NONE', #6067, #9276, #6010, .T. ) ;
#3178 = CIRCLE ( 'NONE', #6861, 1.000000000000000444 ) ;
#3179 = ORIENTED_EDGE ( 'NONE', *, *, #1987, .T. ) ;
#3180 = DIRECTION ( 'NONE',  ( 0.000000000000000000, 0.000000000000000000, 1.000000000000000000 ) ) ;
#3181 = ORIENTED_EDGE ( 'NONE', *, *, #8725, .F. ) ;
#3182 = DIRECTION ( 'NONE',  ( 0.9733566799329461672, -0.2292962573395214698, 0.000000000000000000 ) ) ;
#3183 = ADVANCED_FACE ( 'NONE', ( #4069 ), #7133, .T. ) ;
#3184 = CARTESIAN_POINT ( 'NONE',  ( 23.01556480047760900, 10.71501930150427384, 5.500000953674160087 ) ) ;
#3185 = AXIS2_PLACEMENT_3D ( 'NONE', #4785, #378, #1672 ) ;
#3186 = ADVANCED_FACE ( 'NONE', ( #2042 ), #4243, .T. ) ;
#3187 = CARTESIAN_POINT ( 'NONE',  ( -3.258827488323433830, 1.855409227461041421, 21.30000023841839862 ) ) ;
#3188 = ORIENTED_EDGE ( 'NONE', *, *, #3284, .F. ) ;
#3189 = ORIENTED_EDGE ( 'NONE', *, *, #5654, .F. ) ;
#3190 = AXIS2_PLACEMENT_3D ( 'NONE', #2096, #208, #1376 ) ;
#3191 = EDGE_CURVE ( 'NONE', #5377, #4890, #5561, .T. ) ;
#3192 = ORIENTED_EDGE ( 'NONE', *, *, #5070, .F. ) ;
#3193 = CARTESIAN_POINT ( 'NONE',  ( 11.02584244881181519, -24.09731931759196044, 16.50000095367419917 ) ) ;
#3194 = DIRECTION ( 'NONE',  ( -0.8660254037844387076, 0.4999999999999998890, 0.000000000000000000 ) ) ;
#3195 = DIRECTION ( 'NONE',  ( 0.000000000000000000, 0.000000000000000000, 1.000000000000000000 ) ) ;
#3196 = VECTOR ( 'NONE', #3959, 1000.000000000000000 ) ;
#3197 = DIRECTION ( 'NONE',  ( -0.6852547238153542386, -0.7283034830952977989, 0.000000000000000000 ) ) ;
#3198 = CARTESIAN_POINT ( 'NONE',  ( -1.500000000000000222, 0.000000000000000000, 21.30000023841839862 ) ) ;
#3199 = VECTOR ( 'NONE', #7810, 1000.000000000000000 ) ;
#3200 = CARTESIAN_POINT ( 'NONE',  ( 0.000000000000000000, 0.000000000000000000, -10.99999976158160031 ) ) ;
#3201 = AXIS2_PLACEMENT_3D ( 'NONE', #6196, #7641, #6818 ) ;
#3202 = ORIENTED_EDGE ( 'NONE', *, *, #7349, .T. ) ;
#3203 = VERTEX_POINT ( 'NONE', #5014 ) ;
#3204 = DIRECTION ( 'NONE',  ( 0.000000000000000000, 0.000000000000000000, 1.000000000000000000 ) ) ;
#3205 = VECTOR ( 'NONE', #4149, 1000.000000000000000 ) ;
#3206 = DIRECTION ( 'NONE',  ( 0.000000000000000000, 0.000000000000000000, -1.000000000000000000 ) ) ;
#3207 = DIRECTION ( 'NONE',  ( 0.000000000000000000, 0.000000000000000000, -1.000000000000000000 ) ) ;
#3208 = CARTESIAN_POINT ( 'NONE',  ( -1.000000000000000888, 10.45227248018298916, -6.499999761581589652 ) ) ;
#3209 = CARTESIAN_POINT ( 'NONE',  ( 0.000000000000000000, 0.000000000000000000, 16.49999856948839749 ) ) ;
#3210 = DIRECTION ( 'NONE',  ( 0.000000000000000000, 0.000000000000000000, -1.000000000000000000 ) ) ;
#3211 = CARTESIAN_POINT ( 'NONE',  ( 22.55796506004270441, -10.13709585383804068, 5.500000953674160087 ) ) ;
#3212 = EDGE_LOOP ( 'NONE', ( #1598, #3202, #2680, #4011 ) ) ;
#3213 = VECTOR ( 'NONE', #8867, 1000.000000000000000 ) ;
#3214 = ORIENTED_EDGE ( 'NONE', *, *, #9270, .T. ) ;
#3215 = FACE_OUTER_BOUND ( 'NONE', #8641, .T. ) ;
#3216 = ORIENTED_EDGE ( 'NONE', *, *, #6743, .T. ) ;
#3217 = ORIENTED_EDGE ( 'NONE', *, *, #2944, .F. ) ;
#3218 = DIRECTION ( 'NONE',  ( 0.000000000000000000, 0.000000000000000000, -1.000000000000000000 ) ) ;
#3219 = EDGE_LOOP ( 'NONE', ( #598, #9028, #7664, #4272 ) ) ;
#3220 = DIRECTION ( 'NONE',  ( 0.000000000000000000, 0.000000000000000000, 1.000000000000000000 ) ) ;
#3221 = LINE ( 'NONE', #7734, #1625 ) ;
#3222 = DIRECTION ( 'NONE',  ( -0.05548714545610360788, 0.9984594016228869329, 0.000000000000000000 ) ) ;
#3223 = ORIENTED_EDGE ( 'NONE', *, *, #5634, .T. ) ;
#3224 = CARTESIAN_POINT ( 'NONE',  ( 0.000000000000000000, 0.000000000000000000, -10.99999976158160031 ) ) ;
#3225 = ORIENTED_EDGE ( 'NONE', *, *, #530, .F. ) ;
#3226 = ORIENTED_EDGE ( 'NONE', *, *, #5472, .T. ) ;
#3227 = CARTESIAN_POINT ( 'NONE',  ( 11.44949534515241041, -22.95281151278305742, 5.500000953674160087 ) ) ;
#3228 = ORIENTED_EDGE ( 'NONE', *, *, #3, .T. ) ;
#3229 = CARTESIAN_POINT ( 'NONE',  ( 20.55796506004270441, 13.60119746897492377, 5.500000953674160087 ) ) ;
#3230 = CARTESIAN_POINT ( 'NONE',  ( 7.377728374959410473, -7.778600389873102650, 22.50000000000000000 ) ) ;
#3231 = ADVANCED_FACE ( 'NONE', ( #8083 ), #8034, .T. ) ;
#3232 = DIRECTION ( 'NONE',  ( 0.000000000000000000, 0.000000000000000000, 1.000000000000000000 ) ) ;
#3233 = VERTEX_POINT ( 'NONE', #1502 ) ;
#3234 = EDGE_LOOP ( 'NONE', ( #3725, #3471, #7436, #5326 ) ) ;
#3235 = ADVANCED_FACE ( 'NONE', ( #7953 ), #644, .T. ) ;
#3236 = AXIS2_PLACEMENT_3D ( 'NONE', #2500, #5420, #1774 ) ;
#3237 = EDGE_CURVE ( 'NONE', #342, #8325, #2181, .T. ) ;
#3238 = ORIENTED_EDGE ( 'NONE', *, *, #4929, .T. ) ;
#3239 = DIRECTION ( 'NONE',  ( 1.000000000000000000, 0.000000000000000000, 0.000000000000000000 ) ) ;
#3240 = CARTESIAN_POINT ( 'NONE',  ( -4.890406913856989668, -3.476193351483969352, 3.999999999999840572 ) ) ;
#3241 = CARTESIAN_POINT ( 'NONE',  ( 2.500000000000002220, -10.42532973099707938, 22.50000000000000000 ) ) ;
#3242 = DIRECTION ( 'NONE',  ( 0.000000000000000000, 0.000000000000000000, -1.000000000000000000 ) ) ;
#3243 = CARTESIAN_POINT ( 'NONE',  ( -24.09731931759199952, -11.02584244881199638, 16.50000095367419917 ) ) ;
#3244 = CIRCLE ( 'NONE', #2783, 19.05000000000000071 ) ;
#3245 = DIRECTION ( 'NONE',  ( 0.2881019561176164645, 0.9575997404350123920, 0.000000000000000000 ) ) ;
#3246 = EDGE_CURVE ( 'NONE', #6413, #3618, #7318, .T. ) ;
#3247 = EDGE_LOOP ( 'NONE', ( #8723, #2822, #6056, #3904 ) ) ;
#3248 = VERTEX_POINT ( 'NONE', #5104 ) ;
#3249 = VECTOR ( 'NONE', #9463, 1000.000000000000000 ) ;
#3250 = DIRECTION ( 'NONE',  ( 1.000000000000000000, 0.000000000000000000, 0.000000000000000000 ) ) ;
#3251 = EDGE_CURVE ( 'NONE', #6269, #2885, #4031, .T. ) ;
#3252 = CARTESIAN_POINT ( 'NONE',  ( 11.44949534515241041, -22.95281151278305742, 10.50000095367419917 ) ) ;
#3253 = DIRECTION ( 'NONE',  ( 0.2292962573396013781, 0.9733566799329275154, 0.000000000000000000 ) ) ;
#3254 = DIRECTION ( 'NONE',  ( 0.4999999999999998890, 0.8660254037844387076, 0.000000000000000000 ) ) ;
#3255 = LINE ( 'NONE', #4639, #573 ) ;
#3256 = DIRECTION ( 'NONE',  ( 0.000000000000000000, 0.000000000000000000, 1.000000000000000000 ) ) ;
#3257 = CARTESIAN_POINT ( 'NONE',  ( 13.39179242963679783, 11.97757886726391519, 0.9999999999998441247 ) ) ;
#3258 = EDGE_LOOP ( 'NONE', ( #8029, #8966, #770, #6356 ) ) ;
#3259 = ORIENTED_EDGE ( 'NONE', *, *, #661, .T. ) ;
#3260 = CIRCLE ( 'NONE', #4943, 0.9999999999999994449 ) ;
#3261 = ORIENTED_EDGE ( 'NONE', *, *, #7038, .F. ) ;
#3262 = VERTEX_POINT ( 'NONE', #7229 ) ;
#3263 = AXIS2_PLACEMENT_3D ( 'NONE', #4629, #6905, #8907 ) ;
#3264 = ORIENTED_EDGE ( 'NONE', *, *, #3661, .F. ) ;
#3265 = DIRECTION ( 'NONE',  ( 0.000000000000000000, 0.000000000000000000, 1.000000000000000000 ) ) ;
#3266 = CARTESIAN_POINT ( 'NONE',  ( -2.228303483095368520, -25.28957345041335358, 10.50000095367419917 ) ) ;
#3267 = CIRCLE ( 'NONE', #5247, 1.000000000000000000 ) ;
#3268 = DIRECTION ( 'NONE',  ( 0.000000000000000000, 0.000000000000000000, -1.000000000000000000 ) ) ;
#3269 = DIRECTION ( 'NONE',  ( 0.000000000000000000, 0.000000000000000000, 1.000000000000000000 ) ) ;
#3270 = ORIENTED_EDGE ( 'NONE', *, *, #2410, .T. ) ;
#3271 = LINE ( 'NONE', #4713, #7584 ) ;
#3272 = ORIENTED_EDGE ( 'NONE', *, *, #8673, .T. ) ;
#3273 = VERTEX_POINT ( 'NONE', #1373 ) ;
#3274 = CARTESIAN_POINT ( 'NONE',  ( -10.71501930150438753, -23.01556480047799980, 22.50000000000000000 ) ) ;
#3275 = ORIENTED_EDGE ( 'NONE', *, *, #2654, .F. ) ;
#3276 = AXIS2_PLACEMENT_3D ( 'NONE', #4203, #433, #5558 ) ;
#3277 = LINE ( 'NONE', #2469, #8421 ) ;
#3278 = DIRECTION ( 'NONE',  ( -0.4999999999999998890, 0.8660254037844387076, 0.000000000000000000 ) ) ;
#3279 = ADVANCED_FACE ( 'NONE', ( #9377 ), #6502, .F. ) ;
#3280 = CARTESIAN_POINT ( 'NONE',  ( -1.384543285148989611, 2.798756847521954860, 28.99999856948849697 ) ) ;
#3281 = ORIENTED_EDGE ( 'NONE', *, *, #4516, .F. ) ;
#3282 = EDGE_LOOP ( 'NONE', ( #5721, #5336, #4027, #2985 ) ) ;
#3283 = EDGE_CURVE ( 'NONE', #5044, #338, #1424, .T. ) ;
#3284 = EDGE_CURVE ( 'NONE', #1029, #1350, #2856, .T. ) ;
#3285 = VECTOR ( 'NONE', #5244, 1000.000000000000000 ) ;
#3286 = EDGE_CURVE ( 'NONE', #6968, #4406, #8129, .T. ) ;
#3287 = VERTEX_POINT ( 'NONE', #7994 ) ;
#3288 = LINE ( 'NONE', #6126, #4411 ) ;
#3289 = CARTESIAN_POINT ( 'NONE',  ( -24.60431872659797747, 1.499999999999945821, 12.50000095367419917 ) ) ;
#3290 = CARTESIAN_POINT ( 'NONE',  ( -8.537185086044992488, 19.78683832264904652, 12.50000095367419917 ) ) ;
#3291 = PLANE ( 'NONE',  #5596 ) ;
#3292 = AXIS2_PLACEMENT_3D ( 'NONE', #4543, #3210, #6090 ) ;
#3293 = CARTESIAN_POINT ( 'NONE',  ( -14.09889921082299580, -11.27047208607712037, -10.99999976158160031 ) ) ;
#3294 = ORIENTED_EDGE ( 'NONE', *, *, #58, .T. ) ;
#3295 = CIRCLE ( 'NONE', #4997, 25.64999999999999858 ) ;
#3296 = EDGE_CURVE ( 'NONE', #4611, #8049, #6956, .T. ) ;
#3297 = AXIS2_PLACEMENT_3D ( 'NONE', #4679, #888, #5357 ) ;
#3298 = DIRECTION ( 'NONE',  ( 0.000000000000000000, 0.000000000000000000, 1.000000000000000000 ) ) ;
#3299 = CIRCLE ( 'NONE', #7435, 25.64999999999999858 ) ;
#3300 = FACE_OUTER_BOUND ( 'NONE', #519, .T. ) ;
#3301 = LINE ( 'NONE', #2537, #5511 ) ;
#3302 = CYLINDRICAL_SURFACE ( 'NONE', #7477, 1.000000000000000888 ) ;
#3303 = FACE_BOUND ( 'NONE', #3112, .T. ) ;
#3304 = DIRECTION ( 'NONE',  ( 0.000000000000000000, 0.000000000000000000, 1.000000000000000000 ) ) ;
#3305 = AXIS2_PLACEMENT_3D ( 'NONE', #737, #8798, #5682 ) ;
#3306 = FACE_OUTER_BOUND ( 'NONE', #3670, .T. ) ;
#3307 = VERTEX_POINT ( 'NONE', #6455 ) ;
#3308 = ORIENTED_EDGE ( 'NONE', *, *, #8562, .T. ) ;
#3309 = VERTEX_POINT ( 'NONE', #4293 ) ;
#3310 = CIRCLE ( 'NONE', #2384, 1.000000000000000888 ) ;
#3311 = ORIENTED_EDGE ( 'NONE', *, *, #555, .F. ) ;
#3312 = LINE ( 'NONE', #6246, #8869 ) ;
#3313 = AXIS2_PLACEMENT_3D ( 'NONE', #7520, #6649, #3004 ) ;
#3314 = EDGE_CURVE ( 'NONE', #3738, #6473, #7718, .T. ) ;
#3315 = FACE_OUTER_BOUND ( 'NONE', #5551, .T. ) ;
#3316 = CARTESIAN_POINT ( 'NONE',  ( 24.60431872659751917, 1.499999999999945821, 22.50000000000000000 ) ) ;
#3317 = DIRECTION ( 'NONE',  ( 1.000000000000000000, 0.000000000000000000, 0.000000000000000000 ) ) ;
#3318 = AXIS2_PLACEMENT_3D ( 'NONE', #726, #1535, #3652 ) ;
#3319 = VECTOR ( 'NONE', #8715, 1000.000000000000000 ) ;
#3320 = VERTEX_POINT ( 'NONE', #5148 ) ;
#3321 = DIRECTION ( 'NONE',  ( 0.000000000000000000, 0.000000000000000000, 1.000000000000000000 ) ) ;
#3322 = ORIENTED_EDGE ( 'NONE', *, *, #8211, .F. ) ;
#3323 = VERTEX_POINT ( 'NONE', #1410 ) ;
#3324 = CARTESIAN_POINT ( 'NONE',  ( 2.000000000000001776, -17.93885447847809544, 28.99999856948849697 ) ) ;
#3325 = VECTOR ( 'NONE', #6629, 1000.000000000000000 ) ;
#3326 = ORIENTED_EDGE ( 'NONE', *, *, #962, .F. ) ;
#3327 = LINE ( 'NONE', #9135, #1673 ) ;
#3328 = LINE ( 'NONE', #3230, #6063 ) ;
#3329 = EDGE_CURVE ( 'NONE', #9201, #4972, #2223, .T. ) ;
#3330 = CARTESIAN_POINT ( 'NONE',  ( -20.55796506004299573, -13.60119746897603399, 12.50000095367419917 ) ) ;
#3331 = ORIENTED_EDGE ( 'NONE', *, *, #7778, .F. ) ;
#3332 = CIRCLE ( 'NONE', #8387, 1.000000000000000888 ) ;
#3333 = ORIENTED_EDGE ( 'NONE', *, *, #5874, .T. ) ;
#3334 = EDGE_CURVE ( 'NONE', #1780, #2525, #3713, .T. ) ;
#3335 = VERTEX_POINT ( 'NONE', #2994 ) ;
#3336 = AXIS2_PLACEMENT_3D ( 'NONE', #430, #2675, #1330 ) ;
#3337 = DIRECTION ( 'NONE',  ( 0.8660254037844387076, 0.4999999999999998890, 0.000000000000000000 ) ) ;
#3338 = DIRECTION ( 'NONE',  ( -0.000000000000000000, 1.000000000000000000, 0.000000000000000000 ) ) ;
#3339 = AXIS2_PLACEMENT_3D ( 'NONE', #8532, #515, #3437 ) ;
#3340 = DIRECTION ( 'NONE',  ( 0.000000000000000000, 0.000000000000000000, -1.000000000000000000 ) ) ;
#3341 = LINE ( 'NONE', #2529, #4988 ) ;
#3342 = DIRECTION ( 'NONE',  ( 1.000000000000000000, 0.000000000000000000, 0.000000000000000000 ) ) ;
#3343 = CIRCLE ( 'NONE', #6106, 21.55000000000000071 ) ;
#3344 = ORIENTED_EDGE ( 'NONE', *, *, #3122, .F. ) ;
#3345 = EDGE_CURVE ( 'NONE', #914, #7698, #3267, .T. ) ;
#3346 = VECTOR ( 'NONE', #1119, 1000.000000000000000 ) ;
#3347 = CARTESIAN_POINT ( 'NONE',  ( 1.000000000000000888, -9.361657171677029154, -10.99999976158160031 ) ) ;
#3348 = FACE_OUTER_BOUND ( 'NONE', #6037, .T. ) ;
#3349 = CARTESIAN_POINT ( 'NONE',  ( -12.67365965879599443, -4.430389469675999337, -4.500000000000158984 ) ) ;
#3350 = DIRECTION ( 'NONE',  ( 1.000000000000000000, 0.000000000000000000, 0.000000000000000000 ) ) ;
#3351 = CARTESIAN_POINT ( 'NONE',  ( -1.000000000000000888, -17.93885447847809544, 0.9999999999998441247 ) ) ;
#3352 = AXIS2_PLACEMENT_3D ( 'NONE', #4005, #3092, #6795 ) ;
#3353 = CARTESIAN_POINT ( 'NONE',  ( 1.560851926977996351, 25.60246553092193622, 12.50000095367419917 ) ) ;
#3354 = EDGE_CURVE ( 'NONE', #8514, #8259, #6016, .T. ) ;
#3355 = ORIENTED_EDGE ( 'NONE', *, *, #3237, .F. ) ;
#3356 = ORIENTED_EDGE ( 'NONE', *, *, #4499, .F. ) ;
#3357 = AXIS2_PLACEMENT_3D ( 'NONE', #8659, #5726, #1092 ) ;
#3358 = ORIENTED_EDGE ( 'NONE', *, *, #1653, .F. ) ;
#3359 = VECTOR ( 'NONE', #4262, 1000.000000000000000 ) ;
#3360 = EDGE_CURVE ( 'NONE', #3710, #6148, #7556, .T. ) ;
#3361 = AXIS2_PLACEMENT_3D ( 'NONE', #3377, #1797, #1933 ) ;
#3362 = EDGE_CURVE ( 'NONE', #3067, #7476, #4799, .T. ) ;
#3363 = EDGE_LOOP ( 'NONE', ( #2302, #3032, #5885, #6167 ) ) ;
#3364 = CARTESIAN_POINT ( 'NONE',  ( 0.000000000000000000, 0.000000000000000000, 21.30000023841839862 ) ) ;
#3365 = FACE_OUTER_BOUND ( 'NONE', #7941, .T. ) ;
#3366 = CARTESIAN_POINT ( 'NONE',  ( 14.15297018576949739, 21.39195958580497603, 22.50000000000000000 ) ) ;
#3367 = AXIS2_PLACEMENT_3D ( 'NONE', #471, #4882, #1239 ) ;
#3368 = CARTESIAN_POINT ( 'NONE',  ( -2.499999999999988454, -13.19090595827310253, 22.50000000000000000 ) ) ;
#3369 = VERTEX_POINT ( 'NONE', #3187 ) ;
#3370 = CARTESIAN_POINT ( 'NONE',  ( 11.27047208607710793, 14.09889921082296738, -10.99999976158160031 ) ) ;
#3371 = ADVANCED_FACE ( 'NONE', ( #9091 ), #316, .T. ) ;
#3372 = VERTEX_POINT ( 'NONE', #4519 ) ;
#3373 = VERTEX_POINT ( 'NONE', #4619 ) ;
#3374 = CARTESIAN_POINT ( 'NONE',  ( 19.78683832264890796, -8.537185086044951632, 22.50000000000000000 ) ) ;
#3375 = ORIENTED_EDGE ( 'NONE', *, *, #6785, .T. ) ;
#3376 = ADVANCED_FACE ( 'NONE', ( #7512 ), #8992, .T. ) ;
#3377 = CARTESIAN_POINT ( 'NONE',  ( 0.000000000000000000, 0.000000000000000000, -4.500000000000158984 ) ) ;
#3378 = DIRECTION ( 'NONE',  ( -0.2881019561176437760, -0.9575997404350040654, 0.000000000000000000 ) ) ;
#3379 = DIRECTION ( 'NONE',  ( 1.000000000000000000, 0.000000000000000000, 0.000000000000000000 ) ) ;
#3380 = VERTEX_POINT ( 'NONE', #6011 ) ;
#3381 = DIRECTION ( 'NONE',  ( 0.000000000000000000, 0.000000000000000000, 1.000000000000000000 ) ) ;
#3382 = VERTEX_POINT ( 'NONE', #1745 ) ;
#3383 = ORIENTED_EDGE ( 'NONE', *, *, #6340, .T. ) ;
#3384 = ADVANCED_FACE ( 'NONE', ( #9044 ), #8942, .T. ) ;
#3385 = DIRECTION ( 'NONE',  ( -1.000000000000000000, 0.000000000000000000, 0.000000000000000000 ) ) ;
#3386 = CARTESIAN_POINT ( 'NONE',  ( -26.38181191654599544, 2.499999999999946709, 16.50000095367419917 ) ) ;
#3387 = DIRECTION ( 'NONE',  ( 0.000000000000000000, 0.000000000000000000, -1.000000000000000000 ) ) ;
#3388 = DIRECTION ( 'NONE',  ( 0.000000000000000000, 0.000000000000000000, 1.000000000000000000 ) ) ;
#3389 = ADVANCED_FACE ( 'NONE', ( #1595 ), #975, .F. ) ;
#3390 = VERTEX_POINT ( 'NONE', #4572 ) ;
#3391 = ADVANCED_FACE ( 'NONE', ( #2471 ), #3854, .T. ) ;
#3392 = DIRECTION ( 'NONE',  ( 0.000000000000000000, 0.000000000000000000, 1.000000000000000000 ) ) ;
#3393 = CARTESIAN_POINT ( 'NONE',  ( -25.60246553092200728, -1.560851926977968596, 5.500000953674160087 ) ) ;
#3394 = DIRECTION ( 'NONE',  ( -0.8629987385490769380, -0.5052060740556291174, 0.000000000000000000 ) ) ;
#3395 = CARTESIAN_POINT ( 'NONE',  ( -23.01556480047796782, -10.71501930150428805, 22.50000000000000000 ) ) ;
#3396 = AXIS2_PLACEMENT_3D ( 'NONE', #5083, #765, #2019 ) ;
#3397 = CARTESIAN_POINT ( 'NONE',  ( 0.000000000000000000, 0.000000000000000000, 21.30000023841839862 ) ) ;
#3398 = ADVANCED_FACE ( 'NONE', ( #167 ), #7461, .F. ) ;
#3399 = DIRECTION ( 'NONE',  ( 0.7071067811865470176, -0.7071067811865480168, 0.000000000000000000 ) ) ;
#3400 = ORIENTED_EDGE ( 'NONE', *, *, #4560, .F. ) ;
#3401 = ORIENTED_EDGE ( 'NONE', *, *, #7105, .F. ) ;
#3402 = VERTEX_POINT ( 'NONE', #2419 ) ;
#3403 = ADVANCED_FACE ( 'NONE', ( #6740 ), #8226, .T. ) ;
#3404 = EDGE_CURVE ( 'NONE', #1384, #6070, #1434, .T. ) ;
#3405 = ORIENTED_EDGE ( 'NONE', *, *, #840, .F. ) ;
#3406 = LINE ( 'NONE', #7781, #6581 ) ;
#3407 = DIRECTION ( 'NONE',  ( 0.8660254037844387076, -0.4999999999999998890, 0.000000000000000000 ) ) ;
#3408 = CARTESIAN_POINT ( 'NONE',  ( 1.560851926977996351, 25.60246553092193622, 10.50000095367419917 ) ) ;
#3409 = DIRECTION ( 'NONE',  ( -0.2881019561176437760, -0.9575997404350040654, 0.000000000000000000 ) ) ;
#3410 = EDGE_LOOP ( 'NONE', ( #6566, #7488, #5764, #8540 ) ) ;
#3411 = DIRECTION ( 'NONE',  ( 0.000000000000000000, 0.000000000000000000, -1.000000000000000000 ) ) ;
#3412 = ORIENTED_EDGE ( 'NONE', *, *, #1646, .T. ) ;
#3413 = CIRCLE ( 'NONE', #6176, 1.000000000000000000 ) ;
#3414 = ORIENTED_EDGE ( 'NONE', *, *, #2137, .F. ) ;
#3415 = CARTESIAN_POINT ( 'NONE',  ( 18.68410722892548748, 1.333217923193781962, -10.99999976158160031 ) ) ;
#3416 = VERTEX_POINT ( 'NONE', #6891 ) ;
#3417 = DIRECTION ( 'NONE',  ( 1.000000000000000000, 0.000000000000000000, 0.000000000000000000 ) ) ;
#3418 = CARTESIAN_POINT ( 'NONE',  ( 0.000000000000000000, 0.000000000000000000, 22.50000000000000000 ) ) ;
#3419 = DIRECTION ( 'NONE',  ( 0.000000000000000000, 0.000000000000000000, -1.000000000000000000 ) ) ;
#3420 = DIRECTION ( 'NONE',  ( -0.9575997404349968489, -0.2881019561176680344, 0.000000000000000000 ) ) ;
#3421 = VERTEX_POINT ( 'NONE', #3041 ) ;
#3422 = CARTESIAN_POINT ( 'NONE',  ( 17.28683832264819742, 12.86731210496594358, 16.49999856948839749 ) ) ;
#3423 = ORIENTED_EDGE ( 'NONE', *, *, #2128, .F. ) ;
#3424 = ORIENTED_EDGE ( 'NONE', *, *, #4242, .F. ) ;
#3425 = DIRECTION ( 'NONE',  ( 0.000000000000000000, 0.000000000000000000, 1.000000000000000000 ) ) ;
#3426 = CARTESIAN_POINT ( 'NONE',  ( -3.258827488323433830, 1.855409227461041421, 28.99999856948849697 ) ) ;
#3427 = EDGE_CURVE ( 'NONE', #8325, #1693, #65, .T. ) ;
#3428 = DIRECTION ( 'NONE',  ( 0.7071067811865480168, 0.7071067811865470176, 0.000000000000000000 ) ) ;
#3429 = DIRECTION ( 'NONE',  ( 0.000000000000000000, 0.000000000000000000, -1.000000000000000000 ) ) ;
#3430 = CIRCLE ( 'NONE', #6975, 1.000000000000001110 ) ;
#3431 = VERTEX_POINT ( 'NONE', #1799 ) ;
#3432 = CYLINDRICAL_SURFACE ( 'NONE', #6421, 19.05000000000000071 ) ;
#3433 = DIRECTION ( 'NONE',  ( 1.000000000000000000, 0.000000000000000000, 0.000000000000000000 ) ) ;
#3434 = DIRECTION ( 'NONE',  ( 0.4999999999999998890, -0.8660254037844387076, 0.000000000000000000 ) ) ;
#3435 = DIRECTION ( 'NONE',  ( 0.000000000000000000, 0.000000000000000000, -1.000000000000000000 ) ) ;
#3436 = AXIS2_PLACEMENT_3D ( 'NONE', #8501, #1880, #4134 ) ;
#3437 = DIRECTION ( 'NONE',  ( -0.9575997404349719799, 0.2881019561177511346, 0.000000000000000000 ) ) ;
#3438 = CARTESIAN_POINT ( 'NONE',  ( 12.59039324045760289, -16.80720077974506665, 16.50000095367419917 ) ) ;
#3439 = ORIENTED_EDGE ( 'NONE', *, *, #3643, .F. ) ;
#3440 = EDGE_LOOP ( 'NONE', ( #8188, #97, #4535, #6992 ) ) ;
#3441 = CIRCLE ( 'NONE', #1153, 10.50000000000000000 ) ;
#3442 = VERTEX_POINT ( 'NONE', #5969 ) ;
#3443 = EDGE_CURVE ( 'NONE', #3599, #3927, #8896, .T. ) ;
#3444 = ORIENTED_EDGE ( 'NONE', *, *, #1832, .F. ) ;
#3445 = CARTESIAN_POINT ( 'NONE',  ( -11.44949534515199474, 22.95281151278294374, 10.50000095367419917 ) ) ;
#3446 = DIRECTION ( 'NONE',  ( 1.000000000000000000, -1.224646799147350002E-16, 0.000000000000000000 ) ) ;
#3447 = AXIS2_PLACEMENT_3D ( 'NONE', #7472, #8905, #2327 ) ;
#3448 = CARTESIAN_POINT ( 'NONE',  ( 0.000000000000000000, 0.000000000000000000, 28.99999856948849697 ) ) ;
#3449 = EDGE_CURVE ( 'NONE', #2619, #5220, #5626, .T. ) ;
#3450 = ORIENTED_EDGE ( 'NONE', *, *, #73, .T. ) ;
#3451 = DIRECTION ( 'NONE',  ( 1.000000000000000000, 0.000000000000000000, 0.000000000000000000 ) ) ;
#3452 = AXIS2_PLACEMENT_3D ( 'NONE', #3102, #8143, #7427 ) ;
#3453 = AXIS2_PLACEMENT_3D ( 'NONE', #4742, #428, #2585 ) ;
#3454 = ORIENTED_EDGE ( 'NONE', *, *, #9379, .F. ) ;
#3455 = AXIS2_PLACEMENT_3D ( 'NONE', #643, #7179, #5829 ) ;
#3456 = AXIS2_PLACEMENT_3D ( 'NONE', #6048, #6631, #1536 ) ;
#3457 = VERTEX_POINT ( 'NONE', #2568 ) ;
#3458 = CARTESIAN_POINT ( 'NONE',  ( 2.000000000000001776, 17.93885447847687331, 0.9999999999998441247 ) ) ;
#3459 = ORIENTED_EDGE ( 'NONE', *, *, #5874, .F. ) ;
#3460 = DIRECTION ( 'NONE',  ( 0.9575997404350009568, -0.2881019561176543786, 0.000000000000000000 ) ) ;
#3461 = DIRECTION ( 'NONE',  ( 1.000000000000000000, 0.000000000000000000, 0.000000000000000000 ) ) ;
#3462 = CIRCLE ( 'NONE', #8828, 1.000000000000000888 ) ;
#3463 = DIRECTION ( 'NONE',  ( 0.000000000000000000, 0.000000000000000000, 1.000000000000000000 ) ) ;
#3464 = CARTESIAN_POINT ( 'NONE',  ( 0.000000000000000000, 0.000000000000000000, 12.50000095367419917 ) ) ;
#3465 = CARTESIAN_POINT ( 'NONE',  ( -11.27047208607698181, -14.09889921082407938, -10.99999976158160031 ) ) ;
#3466 = EDGE_CURVE ( 'NONE', #2635, #1572, #6031, .T. ) ;
#3467 = ORIENTED_EDGE ( 'NONE', *, *, #4225, .T. ) ;
#3468 = CARTESIAN_POINT ( 'NONE',  ( 0.000000000000000000, 0.000000000000000000, -6.499999761581589652 ) ) ;
#3469 = CIRCLE ( 'NONE', #4702, 25.64999999999999858 ) ;
#3470 = EDGE_CURVE ( 'NONE', #5371, #5179, #8184, .T. ) ;
#3471 = ORIENTED_EDGE ( 'NONE', *, *, #3814, .T. ) ;
#3472 = ORIENTED_EDGE ( 'NONE', *, *, #4761, .F. ) ;
#3473 = DIRECTION ( 'NONE',  ( -0.7283034830954149275, 0.6852547238152297826, 0.000000000000000000 ) ) ;
#3474 = EDGE_CURVE ( 'NONE', #6429, #5287, #3891, .T. ) ;
#3475 = CARTESIAN_POINT ( 'NONE',  ( -22.55796506004299928, -10.13709585383804068, 22.50000000000000000 ) ) ;
#3476 = CARTESIAN_POINT ( 'NONE',  ( -8.760516488598005580, -10.17365965879601930, -4.500000000000158984 ) ) ;
#3477 = DIRECTION ( 'NONE',  ( 0.000000000000000000, 0.000000000000000000, 1.000000000000000000 ) ) ;
#3478 = VECTOR ( 'NONE', #4981, 1000.000000000000000 ) ;
#3479 = CARTESIAN_POINT ( 'NONE',  ( -12.53227575728599419, -13.94648931965902783, 3.999999999999840572 ) ) ;
#3480 = VERTEX_POINT ( 'NONE', #9228 ) ;
#3481 = EDGE_CURVE ( 'NONE', #9272, #2827, #1901, .T. ) ;
#3482 = DIRECTION ( 'NONE',  ( 0.9733566799329461672, -0.2292962573395214698, 0.000000000000000000 ) ) ;
#3483 = CARTESIAN_POINT ( 'NONE',  ( -12.86731210496699873, -17.28683832264909981, 12.50000095367419917 ) ) ;
#3484 = FACE_OUTER_BOUND ( 'NONE', #4726, .T. ) ;
#3485 = CARTESIAN_POINT ( 'NONE',  ( 14.88000166017640424, -11.89487497173302799, 0.9999999999998441247 ) ) ;
#3486 = LINE ( 'NONE', #7009, #1647 ) ;
#3487 = EDGE_CURVE ( 'NONE', #3118, #7158, #4768, .T. ) ;
#3488 = DIRECTION ( 'NONE',  ( 0.000000000000000000, 0.000000000000000000, -1.000000000000000000 ) ) ;
#3489 = VECTOR ( 'NONE', #6618, 1000.000000000000000 ) ;
#3490 = ORIENTED_EDGE ( 'NONE', *, *, #3894, .F. ) ;
#3491 = ORIENTED_EDGE ( 'NONE', *, *, #195, .F. ) ;
#3492 = ORIENTED_EDGE ( 'NONE', *, *, #74, .T. ) ;
#3493 = VECTOR ( 'NONE', #323, 1000.000000000000227 ) ;
#3494 = ORIENTED_EDGE ( 'NONE', *, *, #3, .F. ) ;
#3495 = AXIS2_PLACEMENT_3D ( 'NONE', #4905, #8643, #5045 ) ;
#3496 = CARTESIAN_POINT ( 'NONE',  ( -22.95281151278301479, 11.44949534515204981, 5.500000953674160087 ) ) ;
#3497 = DIRECTION ( 'NONE',  ( 0.4999999999999998890, -0.8660254037844387076, 0.000000000000000000 ) ) ;
#3498 = CIRCLE ( 'NONE', #902, 0.9999999999999994449 ) ;
#3499 = CARTESIAN_POINT ( 'NONE',  ( 3.258827488323434718, -1.855409227461041199, 28.99999856948849697 ) ) ;
#3500 = EDGE_CURVE ( 'NONE', #385, #8777, #7703, .T. ) ;
#3501 = EDGE_LOOP ( 'NONE', ( #8415, #7636, #134, #532 ) ) ;
#3502 = LINE ( 'NONE', #4310, #5843 ) ;
#3503 = CIRCLE ( 'NONE', #5341, 19.05000000000000071 ) ;
#3504 = CIRCLE ( 'NONE', #4737, 0.9999999999999998890 ) ;
#3505 = ADVANCED_FACE ( 'NONE', ( #7080 ), #4044, .T. ) ;
#3506 = ORIENTED_EDGE ( 'NONE', *, *, #5010, .T. ) ;
#3507 = ORIENTED_EDGE ( 'NONE', *, *, #5759, .F. ) ;
#3508 = DIRECTION ( 'NONE',  ( 0.000000000000000000, 0.000000000000000000, 1.000000000000000000 ) ) ;
#3509 = ORIENTED_EDGE ( 'NONE', *, *, #9178, .F. ) ;
#3511 = AXIS2_PLACEMENT_3D ( 'NONE', #8483, #5513, #6960 ) ;
#3510 = DIRECTION ( 'NONE',  ( -1.000000000000000000, 0.000000000000000000, 0.000000000000000000 ) ) ;
#3512 = CARTESIAN_POINT ( 'NONE',  ( 17.28683832264900389, -12.86731210496705557, 5.500000953674160087 ) ) ;
#3513 = CARTESIAN_POINT ( 'NONE',  ( -21.39195958580499024, 14.15297018576899823, 22.50000000000000000 ) ) ;
#3514 = EDGE_CURVE ( 'NONE', #615, #6906, #8512, .T. ) ;
#3515 = DIRECTION ( 'NONE',  ( -0.2881019561176164645, 0.9575997404350123920, 0.000000000000000000 ) ) ;
#3516 = DIRECTION ( 'NONE',  ( 0.000000000000000000, 0.000000000000000000, 1.000000000000000000 ) ) ;
#3517 = CARTESIAN_POINT ( 'NONE',  ( 0.000000000000000000, 0.000000000000000000, 21.30000023841839862 ) ) ;
#3518 = ORIENTED_EDGE ( 'NONE', *, *, #6135, .F. ) ;
#3519 = DIRECTION ( 'NONE',  ( 1.000000000000000000, 0.000000000000000000, 0.000000000000000000 ) ) ;
#3520 = AXIS2_PLACEMENT_3D ( 'NONE', #6461, #2954, #8669 ) ;
#3521 = ORIENTED_EDGE ( 'NONE', *, *, #2461, .T. ) ;
#3522 = ORIENTED_EDGE ( 'NONE', *, *, #5178, .F. ) ;
#3523 = LINE ( 'NONE', #9279, #136 ) ;
#3524 = EDGE_CURVE ( 'NONE', #6569, #8318, #5580, .T. ) ;
#3525 = DIRECTION ( 'NONE',  ( 0.2881019561176107469, -0.9575997404350141684, 0.000000000000000000 ) ) ;
#3526 = DIRECTION ( 'NONE',  ( -0.4999999999999998890, 0.8660254037844387076, 0.000000000000000000 ) ) ;
#3527 = DIRECTION ( 'NONE',  ( 0.000000000000000000, 0.000000000000000000, 1.000000000000000000 ) ) ;
#3528 = ORIENTED_EDGE ( 'NONE', *, *, #7383, .T. ) ;
#3529 = ADVANCED_FACE ( 'NONE', ( #1127 ), #8557, .T. ) ;
#3530 = LINE ( 'NONE', #5875, #2733 ) ;
#3531 = DIRECTION ( 'NONE',  ( 0.000000000000000000, 0.000000000000000000, 1.000000000000000000 ) ) ;
#3532 = CARTESIAN_POINT ( 'NONE',  ( 18.93269683185599916, -2.110803324099963518, 28.99999856948849697 ) ) ;
#3533 = DIRECTION ( 'NONE',  ( 0.000000000000000000, 0.000000000000000000, 1.000000000000000000 ) ) ;
#3534 = CARTESIAN_POINT ( 'NONE',  ( -22.55796506004299928, -10.13709585383804068, 5.500000953674160087 ) ) ;
#3535 = ADVANCED_FACE ( 'NONE', ( #6212 ), #5540, .T. ) ;
#3536 = CARTESIAN_POINT ( 'NONE',  ( 24.60431872659751917, -1.500000000000056843, 5.500000953674160087 ) ) ;
#3537 = ORIENTED_EDGE ( 'NONE', *, *, #8351, .T. ) ;
#3538 = ORIENTED_EDGE ( 'NONE', *, *, #2686, .T. ) ;
#3539 = EDGE_CURVE ( 'NONE', #1190, #154, #6350, .T. ) ;
#3540 = EDGE_LOOP ( 'NONE', ( #1741, #6928, #2420, #2056 ) ) ;
#3541 = CIRCLE ( 'NONE', #4919, 1.000000000000000888 ) ;
#3542 = CARTESIAN_POINT ( 'NONE',  ( -11.00312125762199855, -22.05796506004298152, 22.50000000000000000 ) ) ;
#3543 = ORIENTED_EDGE ( 'NONE', *, *, #5920, .T. ) ;
#3544 = DIRECTION ( 'NONE',  ( 1.000000000000000000, 0.000000000000000000, 0.000000000000000000 ) ) ;
#3545 = DIRECTION ( 'NONE',  ( -0.8660254037844387076, 0.4999999999999998890, 0.000000000000000000 ) ) ;
#3546 = CARTESIAN_POINT ( 'NONE',  ( 25.28957345041282423, 2.228303483095289472, 5.500000953674160087 ) ) ;
#3547 = ORIENTED_EDGE ( 'NONE', *, *, #2022, .T. ) ;
#3548 = CYLINDRICAL_SURFACE ( 'NONE', #3702, 21.55000000000000071 ) ;
#3549 = VERTEX_POINT ( 'NONE', #7748 ) ;
#3550 = VERTEX_POINT ( 'NONE', #3999 ) ;
#3551 = DIRECTION ( 'NONE',  ( -0.6667820768063215109, 0.7452527504476912368, 0.000000000000000000 ) ) ;
#3552 = ORIENTED_EDGE ( 'NONE', *, *, #5101, .T. ) ;
#3553 = CYLINDRICAL_SURFACE ( 'NONE', #2398, 1.000000000000001776 ) ;
#3554 = DIRECTION ( 'NONE',  ( 3.770471112782780124E-19, -6.784746809671419976E-18, -1.000000000000000000 ) ) ;
#3555 = EDGE_CURVE ( 'NONE', #4604, #7622, #2523, .T. ) ;
#3556 = FACE_OUTER_BOUND ( 'NONE', #2599, .T. ) ;
#3557 = AXIS2_PLACEMENT_3D ( 'NONE', #5331, #6002, #8163 ) ;
#3558 = CARTESIAN_POINT ( 'NONE',  ( 2.500000000000002220, -20.85065946199304676, 16.50000095367419917 ) ) ;
#3559 = DIRECTION ( 'NONE',  ( -0.6667820768063215109, 0.7452527504476912368, 0.000000000000000000 ) ) ;
#3560 = CARTESIAN_POINT ( 'NONE',  ( -22.95281151278301479, 11.44949534515204981, -4.500000000000158984 ) ) ;
#3561 = PLANE ( 'NONE',  #1123 ) ;
#3562 = ORIENTED_EDGE ( 'NONE', *, *, #2539, .F. ) ;
#3563 = AXIS2_PLACEMENT_3D ( 'NONE', #8289, #1714, #6750 ) ;
#3564 = ORIENTED_EDGE ( 'NONE', *, *, #1576, .F. ) ;
#3565 = EDGE_CURVE ( 'NONE', #3599, #9272, #7035, .T. ) ;
#3566 = DIRECTION ( 'NONE',  ( 0.000000000000000000, 0.000000000000000000, -1.000000000000000000 ) ) ;
#3567 = DIRECTION ( 'NONE',  ( 0.000000000000000000, 0.000000000000000000, -1.000000000000000000 ) ) ;
#3568 = VECTOR ( 'NONE', #3086, 1000.000000000000000 ) ;
#3569 = DIRECTION ( 'NONE',  ( 0.000000000000000000, 0.000000000000000000, -1.000000000000000000 ) ) ;
#3570 = EDGE_CURVE ( 'NONE', #4670, #5871, #3123, .T. ) ;
#3571 = EDGE_CURVE ( 'NONE', #7405, #4139, #4194, .T. ) ;
#3572 = ORIENTED_EDGE ( 'NONE', *, *, #3950, .F. ) ;
#3573 = LINE ( 'NONE', #1695, #1399 ) ;
#3574 = DIRECTION ( 'NONE',  ( 0.000000000000000000, 0.000000000000000000, -1.000000000000000000 ) ) ;
#3575 = DIRECTION ( 'NONE',  ( 0.000000000000000000, 0.000000000000000000, -1.000000000000000000 ) ) ;
#3576 = CARTESIAN_POINT ( 'NONE',  ( 24.60431872659751917, 2.499999999999946709, 10.50000095367419917 ) ) ;
#3577 = CARTESIAN_POINT ( 'NONE',  ( 0.000000000000000000, 0.000000000000000000, 5.500000953674160087 ) ) ;
#3578 = CARTESIAN_POINT ( 'NONE',  ( -2.228303483095416038, 25.28957345041219185, -4.500000000000158984 ) ) ;
#3579 = DIRECTION ( 'NONE',  ( 0.6852547238153542386, -0.7283034830952977989, 0.000000000000000000 ) ) ;
#3580 = AXIS2_PLACEMENT_3D ( 'NONE', #6986, #6264, #2707 ) ;
#3581 = ORIENTED_EDGE ( 'NONE', *, *, #7168, .F. ) ;
#3582 = ORIENTED_EDGE ( 'NONE', *, *, #5202, .F. ) ;
#3583 = ADVANCED_FACE ( 'NONE', ( #8603 ), #7662, .T. ) ;
#3584 = ORIENTED_EDGE ( 'NONE', *, *, #8290, .T. ) ;
#3585 = AXIS2_PLACEMENT_3D ( 'NONE', #5282, #3175, #1691 ) ;
#3586 = DIRECTION ( 'NONE',  ( 0.2881019561176107469, -0.9575997404350141684, 0.000000000000000000 ) ) ;
#3587 = EDGE_CURVE ( 'NONE', #3697, #8583, #3705, .T. ) ;
#3588 = DIRECTION ( 'NONE',  ( 0.000000000000000000, 0.000000000000000000, -1.000000000000000000 ) ) ;
#3589 = DIRECTION ( 'NONE',  ( 0.000000000000000000, 0.000000000000000000, 1.000000000000000000 ) ) ;
#3590 = AXIS2_PLACEMENT_3D ( 'NONE', #8555, #1355, #7985 ) ;
#3591 = LINE ( 'NONE', #8732, #353 ) ;
#3592 = VERTEX_POINT ( 'NONE', #5720 ) ;
#3593 = CARTESIAN_POINT ( 'NONE',  ( -17.28683832264898967, 12.86731210496694366, 5.500000953674160087 ) ) ;
#3594 = EDGE_LOOP ( 'NONE', ( #3216, #7169, #6623, #8048 ) ) ;
#3595 = EDGE_CURVE ( 'NONE', #5227, #4760, #8030, .T. ) ;
#3596 = CIRCLE ( 'NONE', #2222, 1.000000000000000000 ) ;
#3597 = ORIENTED_EDGE ( 'NONE', *, *, #1637, .F. ) ;
#3598 = CARTESIAN_POINT ( 'NONE',  ( -14.15438635627909925, 12.26893148769978481, -10.99999976158160031 ) ) ;
#3599 = VERTEX_POINT ( 'NONE', #7311 ) ;
#3600 = AXIS2_PLACEMENT_3D ( 'NONE', #219, #7561, #8231 ) ;
#3601 = CARTESIAN_POINT ( 'NONE',  ( -21.40449719101199122, -2.500000000000057732, 5.500000953674160087 ) ) ;
#3602 = DIRECTION ( 'NONE',  ( 1.000000000000000000, 0.000000000000000000, 0.000000000000000000 ) ) ;
#3603 = CARTESIAN_POINT ( 'NONE',  ( -14.46722287275999186, -20.05796506004298152, 10.50000095367419917 ) ) ;
#3604 = LINE ( 'NONE', #6541, #5994 ) ;
#3605 = LINE ( 'NONE', #5719, #4928 ) ;
#3606 = DIRECTION ( 'NONE',  ( 0.000000000000000000, 0.000000000000000000, 1.000000000000000000 ) ) ;
#3607 = CIRCLE ( 'NONE', #4837, 25.64999999999999858 ) ;
#3608 = AXIS2_PLACEMENT_3D ( 'NONE', #4033, #7021, #3317 ) ;
#3609 = VERTEX_POINT ( 'NONE', #3560 ) ;
#3610 = ORIENTED_EDGE ( 'NONE', *, *, #8804, .F. ) ;
#3611 = DIRECTION ( 'NONE',  ( -0.7283034830954149275, 0.6852547238152297826, 0.000000000000000000 ) ) ;
#3612 = AXIS2_PLACEMENT_3D ( 'NONE', #9197, #418, #8569 ) ;
#3613 = CARTESIAN_POINT ( 'NONE',  ( 0.000000000000000000, 0.000000000000000000, 22.50000000000000000 ) ) ;
#3614 = ADVANCED_FACE ( 'NONE', ( #1445 ), #8838, .F. ) ;
#3615 = CARTESIAN_POINT ( 'NONE',  ( 20.55796506004270441, 13.60119746897492377, 12.50000095367419917 ) ) ;
#3616 = VECTOR ( 'NONE', #5249, 1000.000000000000000 ) ;
#3617 = VECTOR ( 'NONE', #5624, 1000.000000000000000 ) ;
#3618 = VERTEX_POINT ( 'NONE', #7167 ) ;
#3619 = EDGE_CURVE ( 'NONE', #3126, #8653, #7220, .T. ) ;
#3620 = DIRECTION ( 'NONE',  ( 1.000000000000000000, 0.000000000000000000, 0.000000000000000000 ) ) ;
#3621 = DIRECTION ( 'NONE',  ( 0.000000000000000000, 0.000000000000000000, -1.000000000000000000 ) ) ;
#3622 = CARTESIAN_POINT ( 'NONE',  ( 21.40449719101190951, -2.500000000000057732, 5.500000953674160087 ) ) ;
#3623 =( GEOMETRIC_REPRESENTATION_CONTEXT ( 3 ) GLOBAL_UNCERTAINTY_ASSIGNED_CONTEXT ( ( #903 ) ) GLOBAL_UNIT_ASSIGNED_CONTEXT ( ( #1269, #6449, #8426 ) ) REPRESENTATION_CONTEXT ( 'NONE', 'WORKASPACE' ) );
#3624 = DIRECTION ( 'NONE',  ( 0.2292962573396013781, 0.9733566799329275154, 0.000000000000000000 ) ) ;
#3625 = AXIS2_PLACEMENT_3D ( 'NONE', #7109, #4937, #7871 ) ;
#3626 = CARTESIAN_POINT ( 'NONE',  ( -11.44949534515299305, -22.95281151278305742, 10.50000095367419917 ) ) ;
#3627 = CYLINDRICAL_SURFACE ( 'NONE', #1310, 1.000000000000000222 ) ;
#3628 = CARTESIAN_POINT ( 'NONE',  ( 8.537185086044409843, 19.78683832264804821, 16.49999856948839749 ) ) ;
#3629 = ADVANCED_FACE ( 'NONE', ( #5002 ), #22, .T. ) ;
#3630 = ORIENTED_EDGE ( 'NONE', *, *, #2359, .F. ) ;
#3631 = VERTEX_POINT ( 'NONE', #5862 ) ;
#3632 = AXIS2_PLACEMENT_3D ( 'NONE', #5034, #8772, #6619 ) ;
#3633 = ORIENTED_EDGE ( 'NONE', *, *, #5376, .F. ) ;
#3634 = DIRECTION ( 'NONE',  ( 0.000000000000000000, 0.000000000000000000, 1.000000000000000000 ) ) ;
#3635 = DIRECTION ( 'NONE',  ( -0.6852547238153542386, -0.7283034830952977989, 0.000000000000000000 ) ) ;
#3636 = LINE ( 'NONE', #2924, #878 ) ;
#3637 = AXIS2_PLACEMENT_3D ( 'NONE', #9063, #333, #9111 ) ;
#3638 = EDGE_CURVE ( 'NONE', #3402, #385, #6494, .T. ) ;
#3639 = DIRECTION ( 'NONE',  ( 1.000000000000000000, -1.224646799147350002E-16, 0.000000000000000000 ) ) ;
#3640 = VERTEX_POINT ( 'NONE', #2847 ) ;
#3641 = DIRECTION ( 'NONE',  ( 1.000000000000000000, 0.000000000000000000, 0.000000000000000000 ) ) ;
#3642 = AXIS2_PLACEMENT_3D ( 'NONE', #3677, #2915, #4337 ) ;
#3643 = EDGE_CURVE ( 'NONE', #6868, #6448, #3430, .T. ) ;
#3644 = ORIENTED_EDGE ( 'NONE', *, *, #5217, .T. ) ;
#3645 = EDGE_CURVE ( 'NONE', #521, #5210, #8795, .T. ) ;
#3646 = AXIS2_PLACEMENT_3D ( 'NONE', #8365, #7699, #6304 ) ;
#3647 = ORIENTED_EDGE ( 'NONE', *, *, #6061, .T. ) ;
#3648 = LINE ( 'NONE', #4501, #6118 ) ;
#3649 = ORIENTED_EDGE ( 'NONE', *, *, #4327, .T. ) ;
#3650 = CIRCLE ( 'NONE', #2595, 1.000000000000000888 ) ;
#3651 = DIRECTION ( 'NONE',  ( 0.000000000000000000, 0.000000000000000000, 1.000000000000000000 ) ) ;
#3652 = DIRECTION ( 'NONE',  ( 1.000000000000000000, 0.000000000000000000, 0.000000000000000000 ) ) ;
#3653 = DIRECTION ( 'NONE',  ( 0.6852547238153056108, 0.7283034830953436511, 0.000000000000000000 ) ) ;
#3654 = CIRCLE ( 'NONE', #588, 0.9999999999999998890 ) ;
#3655 = AXIS2_PLACEMENT_3D ( 'NONE', #8353, #2455, #7731 ) ;
#3656 = DIRECTION ( 'NONE',  ( 1.000000000000000000, -6.123233995736769734E-17, 0.000000000000000000 ) ) ;
#3657 = EDGE_CURVE ( 'NONE', #4890, #547, #4657, .T. ) ;
#3658 = DIRECTION ( 'NONE',  ( 0.000000000000000000, 0.000000000000000000, 1.000000000000000000 ) ) ;
#3659 = LINE ( 'NONE', #7264, #1147 ) ;
#3660 = ORIENTED_EDGE ( 'NONE', *, *, #1951, .F. ) ;
#3661 = EDGE_CURVE ( 'NONE', #7302, #7838, #3659, .T. ) ;
#3662 = VECTOR ( 'NONE', #9202, 1000.000000000000000 ) ;
#3663 = ORIENTED_EDGE ( 'NONE', *, *, #2541, .F. ) ;
#3664 = ORIENTED_EDGE ( 'NONE', *, *, #1338, .F. ) ;
#3665 = AXIS2_PLACEMENT_3D ( 'NONE', #8367, #1121, #5393 ) ;
#3666 = LINE ( 'NONE', #8844, #6124 ) ;
#3667 = CARTESIAN_POINT ( 'NONE',  ( 25.64999999999999858, 0.000000000000000000, 10.50000095367419917 ) ) ;
#3668 = VECTOR ( 'NONE', #3394, 1000.000000000000114 ) ;
#3669 = DIRECTION ( 'NONE',  ( 0.000000000000000000, 0.000000000000000000, -1.000000000000000000 ) ) ;
#3670 = EDGE_LOOP ( 'NONE', ( #4123, #3021, #1519, #1683 ) ) ;
#3671 = EDGE_CURVE ( 'NONE', #8007, #2837, #520, .T. ) ;
#3672 = DIRECTION ( 'NONE',  ( 0.05548714545607766335, 0.9984594016228882651, 0.000000000000000000 ) ) ;
#3673 = CARTESIAN_POINT ( 'NONE',  ( 18.93269683185599916, 2.110803324099963518, 28.99999856948849697 ) ) ;
#3674 = DIRECTION ( 'NONE',  ( 1.000000000000000000, 0.000000000000000000, 0.000000000000000000 ) ) ;
#3675 = CARTESIAN_POINT ( 'NONE',  ( 8.097979530733795173, -6.683765968360955156, -10.99999976158160031 ) ) ;
#3676 = ADVANCED_FACE ( 'NONE', ( #2939 ), #4323, .T. ) ;
#3677 = CARTESIAN_POINT ( 'NONE',  ( -11.27047208607698181, -14.09889921082407938, -10.99999976158160031 ) ) ;
#3678 = FACE_OUTER_BOUND ( 'NONE', #4273, .T. ) ;
#3679 = CARTESIAN_POINT ( 'NONE',  ( -24.60431872659797747, 1.499999999999945821, 22.50000000000000000 ) ) ;
#3680 = ADVANCED_FACE ( 'NONE', ( #6543 ), #2984, .T. ) ;
#3681 = ORIENTED_EDGE ( 'NONE', *, *, #1485, .F. ) ;
#3682 = ORIENTED_EDGE ( 'NONE', *, *, #813, .F. ) ;
#3683 = ORIENTED_EDGE ( 'NONE', *, *, #1180, .F. ) ;
#3684 = ORIENTED_EDGE ( 'NONE', *, *, #4000, .F. ) ;
#3685 = EDGE_CURVE ( 'NONE', #893, #676, #6503, .T. ) ;
#3686 = DIRECTION ( 'NONE',  ( 0.000000000000000000, 0.000000000000000000, 1.000000000000000000 ) ) ;
#3687 = DIRECTION ( 'NONE',  ( -0.6852547238152568720, 0.7283034830953893923, 0.000000000000000000 ) ) ;
#3688 = FACE_OUTER_BOUND ( 'NONE', #6819, .T. ) ;
#3689 = FACE_OUTER_BOUND ( 'NONE', #3931, .T. ) ;
#3690 = ORIENTED_EDGE ( 'NONE', *, *, #147, .T. ) ;
#3691 = ORIENTED_EDGE ( 'NONE', *, *, #8056, .F. ) ;
#3692 = PLANE ( 'NONE',  #8751 ) ;
#3693 = EDGE_CURVE ( 'NONE', #8325, #4739, #1495, .T. ) ;
#3694 = CIRCLE ( 'NONE', #5384, 21.55000000000000071 ) ;
#3695 = ORIENTED_EDGE ( 'NONE', *, *, #287, .T. ) ;
#3696 = EDGE_CURVE ( 'NONE', #5283, #3320, #379, .T. ) ;
#3697 = VERTEX_POINT ( 'NONE', #6157 ) ;
#3698 = DIRECTION ( 'NONE',  ( 0.000000000000000000, 0.000000000000000000, 1.000000000000000000 ) ) ;
#3699 = ORIENTED_EDGE ( 'NONE', *, *, #6638, .T. ) ;
#3700 = FACE_OUTER_BOUND ( 'NONE', #6180, .T. ) ;
#3701 = CARTESIAN_POINT ( 'NONE',  ( -1.999999999999988010, -17.93885447847809544, 0.9999999999998441247 ) ) ;
#3702 = AXIS2_PLACEMENT_3D ( 'NONE', #2833, #4214, #5663 ) ;
#3703 = CARTESIAN_POINT ( 'NONE',  ( 21.55000000000000071, 0.000000000000000000, 16.49999856948839749 ) ) ;
#3704 = CARTESIAN_POINT ( 'NONE',  ( 11.00312125762210869, 22.05796506004198321, -4.500000000000158984 ) ) ;
#3705 = LINE ( 'NONE', #8026, #1748 ) ;
#3706 = VECTOR ( 'NONE', #8434, 1000.000000000000000 ) ;
#3707 = ORIENTED_EDGE ( 'NONE', *, *, #4013, .F. ) ;
#3708 = EDGE_CURVE ( 'NONE', #3809, #5082, #5730, .T. ) ;
#3709 = EDGE_LOOP ( 'NONE', ( #8273, #7254, #7453, #4450 ) ) ;
#3710 = VERTEX_POINT ( 'NONE', #3031 ) ;
#3711 = LINE ( 'NONE', #2270, #4577 ) ;
#3712 = DIRECTION ( 'NONE',  ( -0.6852547238152568720, 0.7283034830953893923, 0.000000000000000000 ) ) ;
#3713 = LINE ( 'NONE', #6642, #2657 ) ;
#3714 = VERTEX_POINT ( 'NONE', #7404 ) ;
#3715 = ORIENTED_EDGE ( 'NONE', *, *, #4595, .T. ) ;
#3716 = EDGE_CURVE ( 'NONE', #3287, #5483, #2824, .T. ) ;
#3717 = VECTOR ( 'NONE', #4212, 1000.000000000000000 ) ;
#3718 = DIRECTION ( 'NONE',  ( -1.000000000000000000, 1.836970198721029688E-16, 0.000000000000000000 ) ) ;
#3719 = CARTESIAN_POINT ( 'NONE',  ( -18.68410722892578946, 1.333217923193794174, -10.99999976158160031 ) ) ;
#3720 = DIRECTION ( 'NONE',  ( 0.000000000000000000, 0.000000000000000000, 1.000000000000000000 ) ) ;
#3721 = DIRECTION ( 'NONE',  ( 0.000000000000000000, 0.000000000000000000, -1.000000000000000000 ) ) ;
#3722 = DIRECTION ( 'NONE',  ( 0.000000000000000000, 0.000000000000000000, 1.000000000000000000 ) ) ;
#3723 = CYLINDRICAL_SURFACE ( 'NONE', #514, 1.000000000000000444 ) ;
#3724 = EDGE_LOOP ( 'NONE', ( #9395, #9163, #1642, #2882 ) ) ;
#3725 = ORIENTED_EDGE ( 'NONE', *, *, #1369, .T. ) ;
#3726 = ORIENTED_EDGE ( 'NONE', *, *, #5938, .F. ) ;
#3727 = AXIS2_PLACEMENT_3D ( 'NONE', #4836, #3399, #6371 ) ;
#3728 = CARTESIAN_POINT ( 'NONE',  ( 24.60431872659751917, 1.499999999999945821, 10.50000095367419917 ) ) ;
#3729 = CARTESIAN_POINT ( 'NONE',  ( -14.88000166017700110, -11.89487497173302799, -10.99999976158160031 ) ) ;
#3730 = CARTESIAN_POINT ( 'NONE',  ( -1.999999999999988010, 17.93885447847687331, -10.99999976158160031 ) ) ;
#3731 = CARTESIAN_POINT ( 'NONE',  ( 22.05796506004260848, -11.00312125762303950, -4.500000000000158984 ) ) ;
#3732 = DIRECTION ( 'NONE',  ( -0.2292962573396254977, -0.9733566799329216312, 0.000000000000000000 ) ) ;
#3733 = ORIENTED_EDGE ( 'NONE', *, *, #2516, .T. ) ;
#3734 = ORIENTED_EDGE ( 'NONE', *, *, #5360, .F. ) ;
#3735 = DIRECTION ( 'NONE',  ( 1.000000000000000000, 0.000000000000000000, 0.000000000000000000 ) ) ;
#3736 = AXIS2_PLACEMENT_3D ( 'NONE', #6311, #7803, #544 ) ;
#3737 = EDGE_CURVE ( 'NONE', #724, #3126, #672, .T. ) ;
#3738 = VERTEX_POINT ( 'NONE', #6777 ) ;
#3739 = ORIENTED_EDGE ( 'NONE', *, *, #1027, .F. ) ;
#3740 = PLANE ( 'NONE',  #9025 ) ;
#3741 = ORIENTED_EDGE ( 'NONE', *, *, #1832, .T. ) ;
#3742 = DIRECTION ( 'NONE',  ( -0.9575997404349719799, 0.2881019561177511346, 0.000000000000000000 ) ) ;
#3743 = DIRECTION ( 'NONE',  ( 0.9984594016228911517, 0.05548714545602558001, 0.000000000000000000 ) ) ;
#3744 = LINE ( 'NONE', #6729, #2385 ) ;
#3745 = DIRECTION ( 'NONE',  ( 0.9575997404350009568, -0.2881019561176543786, 0.000000000000000000 ) ) ;
#3746 = DIRECTION ( 'NONE',  ( -0.05548714545610360788, -0.9984594016228869329, 0.000000000000000000 ) ) ;
#3747 = ORIENTED_EDGE ( 'NONE', *, *, #2516, .F. ) ;
#3748 = ORIENTED_EDGE ( 'NONE', *, *, #111, .F. ) ;
#3749 = ORIENTED_EDGE ( 'NONE', *, *, #8343, .T. ) ;
#3750 = DIRECTION ( 'NONE',  ( 0.000000000000000000, 0.000000000000000000, 1.000000000000000000 ) ) ;
#3751 = FACE_OUTER_BOUND ( 'NONE', #1826, .T. ) ;
#3752 = ADVANCED_FACE ( 'NONE', ( #5190 ), #7596, .T. ) ;
#3753 = AXIS2_PLACEMENT_3D ( 'NONE', #5207, #8136, #1755 ) ;
#3754 = CARTESIAN_POINT ( 'NONE',  ( -13.94648931965898697, 12.53227575728499410, 3.999999999999840572 ) ) ;
#3755 = ORIENTED_EDGE ( 'NONE', *, *, #9211, .F. ) ;
#3756 = ORIENTED_EDGE ( 'NONE', *, *, #7993, .T. ) ;
#3757 = ADVANCED_FACE ( 'NONE', ( #5960 ), #8890, .T. ) ;
#3758 = VECTOR ( 'NONE', #376, 1000.000000000000000 ) ;
#3759 = VECTOR ( 'NONE', #8082, 1000.000000000000000 ) ;
#3760 = ADVANCED_FACE ( 'NONE', ( #2310 ), #3797, .T. ) ;
#3761 = CARTESIAN_POINT ( 'NONE',  ( 0.000000000000000000, 0.000000000000000000, 5.500000953674160087 ) ) ;
#3762 = CARTESIAN_POINT ( 'NONE',  ( 0.000000000000000000, 0.000000000000000000, 5.500000953674160087 ) ) ;
#3763 = LINE ( 'NONE', #3576, #5648 ) ;
#3764 = DIRECTION ( 'NONE',  ( 0.000000000000000000, 0.000000000000000000, -1.000000000000000000 ) ) ;
#3765 = DIRECTION ( 'NONE',  ( 0.05548714545607766335, 0.9984594016228882651, 0.000000000000000000 ) ) ;
#3766 = AXIS2_PLACEMENT_3D ( 'NONE', #7055, #4926, #8394 ) ;
#3767 = VECTOR ( 'NONE', #3075, 1000.000000000000000 ) ;
#3768 = VECTOR ( 'NONE', #7187, 1000.000000000000000 ) ;
#3769 = EDGE_CURVE ( 'NONE', #4301, #5421, #1441, .T. ) ;
#3770 = ORIENTED_EDGE ( 'NONE', *, *, #6758, .F. ) ;
#3771 = EDGE_LOOP ( 'NONE', ( #1715, #4554, #6741, #8737 ) ) ;
#3772 = EDGE_LOOP ( 'NONE', ( #991, #7265, #1056, #4658 ) ) ;
#3773 = AXIS2_PLACEMENT_3D ( 'NONE', #7076, #6488, #7882 ) ;
#3774 = EDGE_CURVE ( 'NONE', #4670, #1268, #6039, .T. ) ;
#3775 = LINE ( 'NONE', #6085, #1458 ) ;
#3776 = LINE ( 'NONE', #7482, #6589 ) ;
#3777 = CARTESIAN_POINT ( 'NONE',  ( -10.13709585383799983, 22.55796506004192992, 12.50000095367419917 ) ) ;
#3778 = DIRECTION ( 'NONE',  ( 0.000000000000000000, 0.000000000000000000, 1.000000000000000000 ) ) ;
#3779 = CARTESIAN_POINT ( 'NONE',  ( -13.60119746897600557, 20.55796506004192636, 12.50000095367419917 ) ) ;
#3780 = VECTOR ( 'NONE', #301, 1000.000000000000000 ) ;
#3781 = ORIENTED_EDGE ( 'NONE', *, *, #6944, .F. ) ;
#3782 = ORIENTED_EDGE ( 'NONE', *, *, #51, .F. ) ;
#3783 = CARTESIAN_POINT ( 'NONE',  ( -10.45227248018298916, -1.000000000000000888, -6.499999761581589652 ) ) ;
#3784 = VERTEX_POINT ( 'NONE', #5386 ) ;
#3785 = AXIS2_PLACEMENT_3D ( 'NONE', #2966, #5889, #90 ) ;
#3786 = VERTEX_POINT ( 'NONE', #1638 ) ;
#3787 = CARTESIAN_POINT ( 'NONE',  ( 0.000000000000000000, 0.000000000000000000, -4.500000000000158984 ) ) ;
#3788 = CIRCLE ( 'NONE', #3339, 1.000000000000001776 ) ;
#3789 = VERTEX_POINT ( 'NONE', #7505 ) ;
#3790 = CARTESIAN_POINT ( 'NONE',  ( 13.60119746897540871, -20.55796506004303836, 12.50000095367419917 ) ) ;
#3791 = CARTESIAN_POINT ( 'NONE',  ( -8.760516488598005580, -10.17365965879601930, 5.500000953674160087 ) ) ;
#3792 = EDGE_CURVE ( 'NONE', #2253, #5930, #679, .T. ) ;
#3793 = DIRECTION ( 'NONE',  ( 0.000000000000000000, 0.000000000000000000, 1.000000000000000000 ) ) ;
#3794 = VECTOR ( 'NONE', #961, 1000.000000000000000 ) ;
#3795 = DIRECTION ( 'NONE',  ( 0.000000000000000000, 0.000000000000000000, -1.000000000000000000 ) ) ;
#3796 = EDGE_CURVE ( 'NONE', #6817, #3380, #2409, .T. ) ;
#3797 = CYLINDRICAL_SURFACE ( 'NONE', #6815, 1.000000000000001332 ) ;
#3798 = ORIENTED_EDGE ( 'NONE', *, *, #3835, .T. ) ;
#3799 = EDGE_LOOP ( 'NONE', ( #3781, #3018, #5434, #7475 ) ) ;
#3800 = ORIENTED_EDGE ( 'NONE', *, *, #2654, .T. ) ;
#3801 = CIRCLE ( 'NONE', #5339, 0.9999999999999994449 ) ;
#3802 = DIRECTION ( 'NONE',  ( 0.000000000000000000, 0.000000000000000000, 1.000000000000000000 ) ) ;
#3803 = AXIS2_PLACEMENT_3D ( 'NONE', #3324, #8460, #4089 ) ;
#3804 = EDGE_CURVE ( 'NONE', #2299, #3885, #2980, .T. ) ;
#3805 = DIRECTION ( 'NONE',  ( 0.000000000000000000, 0.000000000000000000, 1.000000000000000000 ) ) ;
#3806 = AXIS2_PLACEMENT_3D ( 'NONE', #5633, #8567, #6407 ) ;
#3807 = DIRECTION ( 'NONE',  ( 1.000000000000000000, 0.000000000000000000, 0.000000000000000000 ) ) ;
#3808 = ORIENTED_EDGE ( 'NONE', *, *, #6564, .T. ) ;
#3809 = VERTEX_POINT ( 'NONE', #8122 ) ;
#3810 = VECTOR ( 'NONE', #6754, 1000.000000000000000 ) ;
#3811 = EDGE_CURVE ( 'NONE', #181, #7849, #8164, .T. ) ;
#3812 = CIRCLE ( 'NONE', #5506, 1.000000000000000888 ) ;
#3813 = AXIS2_PLACEMENT_3D ( 'NONE', #1545, #1698, #4467 ) ;
#3814 = EDGE_CURVE ( 'NONE', #7846, #3323, #2358, .T. ) ;
#3815 = DIRECTION ( 'NONE',  ( -0.9984594016228911517, 0.05548714545602558001, 0.000000000000000000 ) ) ;
#3816 = LINE ( 'NONE', #8853, #4081 ) ;
#3817 = FACE_OUTER_BOUND ( 'NONE', #4816, .T. ) ;
#3818 = CARTESIAN_POINT ( 'NONE',  ( 20.55796506004270441, -13.60119746897603399, 22.50000000000000000 ) ) ;
#3819 = DIRECTION ( 'NONE',  ( 0.000000000000000000, 0.000000000000000000, 1.000000000000000000 ) ) ;
#3820 = AXIS2_PLACEMENT_3D ( 'NONE', #7677, #6284, #6185 ) ;
#3821 = CARTESIAN_POINT ( 'NONE',  ( 11.89487497173230501, 14.88000166017600101, 0.9999999999998441247 ) ) ;
#3822 = CARTESIAN_POINT ( 'NONE',  ( 23.01556480047760900, 10.71501930150427384, 22.50000000000000000 ) ) ;
#3823 = EDGE_CURVE ( 'NONE', #8811, #2360, #1737, .T. ) ;
#3824 = ORIENTED_EDGE ( 'NONE', *, *, #425, .T. ) ;
#3825 = EDGE_LOOP ( 'NONE', ( #7801, #5352, #5652, #921 ) ) ;
#3826 = CARTESIAN_POINT ( 'NONE',  ( -23.01556480047796782, -10.71501930150428805, 5.500000953674160087 ) ) ;
#3827 = CARTESIAN_POINT ( 'NONE',  ( 1.000000000000000888, -10.45227248018398925, -6.499999761581589652 ) ) ;
#3828 = CARTESIAN_POINT ( 'NONE',  ( -17.93885447847799597, 1.000000000000000888, -10.99999976158160031 ) ) ;
#3829 = CARTESIAN_POINT ( 'NONE',  ( -3.047601356036988562, -10.27860038987205016, 12.50000095367419917 ) ) ;
#3830 = EDGE_CURVE ( 'NONE', #8973, #7275, #7124, .T. ) ;
#3831 = DIRECTION ( 'NONE',  ( 0.000000000000000000, 0.000000000000000000, -1.000000000000000000 ) ) ;
#3832 = DIRECTION ( 'NONE',  ( 0.000000000000000000, 0.000000000000000000, 1.000000000000000000 ) ) ;
#3833 = DIRECTION ( 'NONE',  ( -0.7452527504477930442, -0.6667820768062077130, 0.000000000000000000 ) ) ;
#3834 = ORIENTED_EDGE ( 'NONE', *, *, #7469, .T. ) ;
#3835 = EDGE_CURVE ( 'NONE', #5893, #8068, #9035, .T. ) ;
#3836 = ORIENTED_EDGE ( 'NONE', *, *, #8862, .T. ) ;
#3837 = CARTESIAN_POINT ( 'NONE',  ( -25.60246553092200728, 1.560851926976969395, 5.500000953674160087 ) ) ;
#3838 = ORIENTED_EDGE ( 'NONE', *, *, #1249, .T. ) ;
#3839 = ORIENTED_EDGE ( 'NONE', *, *, #656, .T. ) ;
#3840 = DIRECTION ( 'NONE',  ( 0.4999999999999998890, -0.8660254037844387076, 0.000000000000000000 ) ) ;
#3841 = ORIENTED_EDGE ( 'NONE', *, *, #4204, .F. ) ;
#3842 = DIRECTION ( 'NONE',  ( 0.000000000000000000, 0.000000000000000000, -1.000000000000000000 ) ) ;
#3843 = CARTESIAN_POINT ( 'NONE',  ( 12.86731210496659727, 17.28683832264799136, 16.49999856948839749 ) ) ;
#3844 = PLANE ( 'NONE',  #8522 ) ;
#3845 = DIRECTION ( 'NONE',  ( 0.000000000000000000, 0.000000000000000000, -1.000000000000000000 ) ) ;
#3846 = DIRECTION ( 'NONE',  ( 0.000000000000000000, 0.000000000000000000, -1.000000000000000000 ) ) ;
#3847 = ORIENTED_EDGE ( 'NONE', *, *, #1667, .T. ) ;
#3848 = ORIENTED_EDGE ( 'NONE', *, *, #2818, .T. ) ;
#3849 = DIRECTION ( 'NONE',  ( 5.444759314769119984E-17, -6.085529284608870028E-17, -1.000000000000000000 ) ) ;
#3850 = EDGE_LOOP ( 'NONE', ( #8303, #6976, #4852, #6830, #4588, #8219, #8539, #8954 ) ) ;
#3851 = CIRCLE ( 'NONE', #5222, 0.9999999999999985567 ) ;
#3852 = CARTESIAN_POINT ( 'NONE',  ( 13.39179242963679783, -11.97757886726402710, 28.99999856948849697 ) ) ;
#3853 = PLANE ( 'NONE',  #7910 ) ;
#3854 = CYLINDRICAL_SURFACE ( 'NONE', #967, 1.000000000000000444 ) ;
#3855 = ORIENTED_EDGE ( 'NONE', *, *, #799, .F. ) ;
#3856 = ORIENTED_EDGE ( 'NONE', *, *, #5813, .F. ) ;
#3857 = ADVANCED_FACE ( 'NONE', ( #4659 ), #821, .T. ) ;
#3858 = ORIENTED_EDGE ( 'NONE', *, *, #6280, .F. ) ;
#3859 = CARTESIAN_POINT ( 'NONE',  ( -2.110803324099991052, -18.93269683185605601, 28.99999856948849697 ) ) ;
#3860 = DIRECTION ( 'NONE',  ( 0.6667820768063215109, 0.7452527504476912368, 0.000000000000000000 ) ) ;
#3861 = CARTESIAN_POINT ( 'NONE',  ( -6.683765968360996901, -8.097979530734100706, -6.499999761581589652 ) ) ;
#3862 = CARTESIAN_POINT ( 'NONE',  ( 12.86731210496690281, 17.28683832264898967, 12.50000095367419917 ) ) ;
#3863 = LINE ( 'NONE', #9054, #4982 ) ;
#3864 = ADVANCED_FACE ( 'NONE', ( #2645 ), #6202, .T. ) ;
#3865 = EDGE_CURVE ( 'NONE', #4360, #787, #6353, .T. ) ;
#3866 = DIRECTION ( 'NONE',  ( 1.000000000000000000, 0.000000000000000000, 0.000000000000000000 ) ) ;
#3867 = ORIENTED_EDGE ( 'NONE', *, *, #5398, .T. ) ;
#3868 = VERTEX_POINT ( 'NONE', #4036 ) ;
#3869 = CIRCLE ( 'NONE', #1276, 1.000000000000000888 ) ;
#3870 = CARTESIAN_POINT ( 'NONE',  ( -13.60119746897600557, -20.55796506004303836, -4.500000000000158984 ) ) ;
#3871 = CARTESIAN_POINT ( 'NONE',  ( -10.71501930150438753, -23.01556480047799980, 10.50000095367419917 ) ) ;
#3872 = FACE_OUTER_BOUND ( 'NONE', #6498, .T. ) ;
#3873 = DIRECTION ( 'NONE',  ( 0.4999999999999998890, 0.8660254037844387076, 0.000000000000000000 ) ) ;
#3874 = DIRECTION ( 'NONE',  ( 0.000000000000000000, 0.000000000000000000, -1.000000000000000000 ) ) ;
#3875 = CARTESIAN_POINT ( 'NONE',  ( 19.78683832264820097, -8.537185086044951632, 16.49999856948839749 ) ) ;
#3876 = AXIS2_PLACEMENT_3D ( 'NONE', #5293, #6065, #6787 ) ;
#3877 = EDGE_CURVE ( 'NONE', #2018, #1730, #8349, .T. ) ;
#3878 = DIRECTION ( 'NONE',  ( 0.000000000000000000, 0.000000000000000000, 1.000000000000000000 ) ) ;
#3879 = ORIENTED_EDGE ( 'NONE', *, *, #6083, .T. ) ;
#3880 = EDGE_LOOP ( 'NONE', ( #6406, #8839, #6656, #3649, #7300, #4222, #6788, #1884 ) ) ;
#3881 = DIRECTION ( 'NONE',  ( 0.000000000000000000, 0.000000000000000000, 1.000000000000000000 ) ) ;
#3882 = AXIS2_PLACEMENT_3D ( 'NONE', #7194, #3304, #9157 ) ;
#3883 = EDGE_LOOP ( 'NONE', ( #2756, #5468, #2637, #4397 ) ) ;
#3884 = EDGE_CURVE ( 'NONE', #5211, #2989, #1215, .T. ) ;
#3885 = VERTEX_POINT ( 'NONE', #9220 ) ;
#3886 = DIRECTION ( 'NONE',  ( 1.000000000000000000, 0.000000000000000000, -0.000000000000000000 ) ) ;
#3887 = ORIENTED_EDGE ( 'NONE', *, *, #6033, .F. ) ;
#3888 = DIRECTION ( 'NONE',  ( 0.9733566799329029795, 0.2292962573397054060, 0.000000000000000000 ) ) ;
#3889 = DIRECTION ( 'NONE',  ( -1.000000000000000000, 0.000000000000000000, 0.000000000000000000 ) ) ;
#3890 = DIRECTION ( 'NONE',  ( -0.4999999999999998890, -0.8660254037844387076, 0.000000000000000000 ) ) ;
#3891 = CIRCLE ( 'NONE', #216, 21.55000000000000071 ) ;
#3892 = ORIENTED_EDGE ( 'NONE', *, *, #7075, .F. ) ;
#3893 = CARTESIAN_POINT ( 'NONE',  ( 0.000000000000000000, 0.000000000000000000, 22.50000000000000000 ) ) ;
#3894 = EDGE_CURVE ( 'NONE', #5256, #5283, #4804, .T. ) ;
#3895 = VERTEX_POINT ( 'NONE', #3991 ) ;
#3896 = ORIENTED_EDGE ( 'NONE', *, *, #6867, .T. ) ;
#3897 = LINE ( 'NONE', #258, #1967 ) ;
#3898 = ORIENTED_EDGE ( 'NONE', *, *, #8700, .F. ) ;
#3899 = AXIS2_PLACEMENT_3D ( 'NONE', #6679, #203, #2266 ) ;
#3900 = CARTESIAN_POINT ( 'NONE',  ( -24.60431872659797747, -2.500000000000057732, -4.500000000000158984 ) ) ;
#3901 = CARTESIAN_POINT ( 'NONE',  ( 0.000000000000000000, 0.000000000000000000, -4.500000000000158984 ) ) ;
#3902 = CARTESIAN_POINT ( 'NONE',  ( 22.05796506004260848, -11.00312125762303950, 22.50000000000000000 ) ) ;
#3903 = VECTOR ( 'NONE', #288, 1000.000000000000000 ) ;
#3904 = ORIENTED_EDGE ( 'NONE', *, *, #1476, .F. ) ;
#3905 = ORIENTED_EDGE ( 'NONE', *, *, #1891, .T. ) ;
#3906 = ORIENTED_EDGE ( 'NONE', *, *, #3362, .T. ) ;
#3907 = CARTESIAN_POINT ( 'NONE',  ( -14.46722287275999186, 20.05796506004198321, -4.500000000000158984 ) ) ;
#3909 = DIRECTION ( 'NONE',  ( 1.836970198721029688E-16, 1.000000000000000000, 0.000000000000000000 ) ) ;
#3908 = AXIS2_PLACEMENT_3D ( 'NONE', #748, #4299, #2150 ) ;
#3910 = LINE ( 'NONE', #3241, #7648 ) ;
#3911 = FACE_OUTER_BOUND ( 'NONE', #6865, .T. ) ;
#3912 = LINE ( 'NONE', #6846, #8813 ) ;
#3914 = DIRECTION ( 'NONE',  ( 0.000000000000000000, 0.000000000000000000, 1.000000000000000000 ) ) ;
#3913 = VECTOR ( 'NONE', #5213, 1000.000000000000000 ) ;
#3915 = ORIENTED_EDGE ( 'NONE', *, *, #1139, .F. ) ;
#3916 = ORIENTED_EDGE ( 'NONE', *, *, #4200, .T. ) ;
#3917 = AXIS2_PLACEMENT_3D ( 'NONE', #5147, #8615, #5868 ) ;
#3918 = AXIS2_PLACEMENT_3D ( 'NONE', #8498, #3269, #8359 ) ;
#3919 = CARTESIAN_POINT ( 'NONE',  ( 11.27047208607710793, 14.09889921082296738, 0.9999999999998441247 ) ) ;
#3920 = CARTESIAN_POINT ( 'NONE',  ( 19.30720077974440585, -8.260266221536083364, 16.50000095367419917 ) ) ;
#3921 = CARTESIAN_POINT ( 'NONE',  ( -1.560851926977996351, -25.60246553092204636, 10.50000095367419917 ) ) ;
#3922 = CARTESIAN_POINT ( 'NONE',  ( 8.537185086044910776, 19.78683832264904652, -4.500000000000158984 ) ) ;
#3923 = DIRECTION ( 'NONE',  ( 0.000000000000000000, 0.000000000000000000, 1.000000000000000000 ) ) ;
#3924 = VECTOR ( 'NONE', #1806, 1000.000000000000000 ) ;
#3925 = CARTESIAN_POINT ( 'NONE',  ( -14.88000166017600101, 11.89487497173202790, 0.9999999999998441247 ) ) ;
#3926 = PLANE ( 'NONE',  #8321 ) ;
#3927 = VERTEX_POINT ( 'NONE', #5531 ) ;
#3928 = EDGE_LOOP ( 'NONE', ( #662, #7231, #6113, #1750 ) ) ;
#3929 = DIRECTION ( 'NONE',  ( 0.000000000000000000, 0.000000000000000000, -1.000000000000000000 ) ) ;
#3930 = VECTOR ( 'NONE', #9051, 1000.000000000000000 ) ;
#3931 = EDGE_LOOP ( 'NONE', ( #9164, #6293, #7378, #7150 ) ) ;
#3932 = EDGE_CURVE ( 'NONE', #4153, #1029, #8800, .T. ) ;
#3933 = ORIENTED_EDGE ( 'NONE', *, *, #989, .F. ) ;
#3934 = CARTESIAN_POINT ( 'NONE',  ( 22.05796506004260848, 11.00312125762192750, 10.50000095367419917 ) ) ;
#3935 = EDGE_LOOP ( 'NONE', ( #7241, #1326, #4956, #3834 ) ) ;
#3936 = LINE ( 'NONE', #5327, #7020 ) ;
#3937 = LINE ( 'NONE', #1110, #4082 ) ;
#3938 = CIRCLE ( 'NONE', #7014, 1.000000000000001110 ) ;
#3939 = FACE_OUTER_BOUND ( 'NONE', #9119, .T. ) ;
#3940 = EDGE_CURVE ( 'NONE', #9194, #9130, #7739, .T. ) ;
#3941 = VERTEX_POINT ( 'NONE', #6253 ) ;
#3942 = CARTESIAN_POINT ( 'NONE',  ( -13.60119746897600557, 20.55796506004192636, 10.50000095367419917 ) ) ;
#3943 = EDGE_CURVE ( 'NONE', #4233, #9263, #8951, .T. ) ;
#3944 = ORIENTED_EDGE ( 'NONE', *, *, #7115, .F. ) ;
#3945 = VECTOR ( 'NONE', #3545, 1000.000000000000000 ) ;
#3946 = VERTEX_POINT ( 'NONE', #7835 ) ;
#3947 = LINE ( 'NONE', #453, #4261 ) ;
#3948 = EDGE_LOOP ( 'NONE', ( #2104, #344, #4121, #9491, #168, #4889, #2900, #5842 ) ) ;
#3949 = LINE ( 'NONE', #405, #143 ) ;
#3950 = EDGE_CURVE ( 'NONE', #5639, #4602, #3271, .T. ) ;
#3951 = CARTESIAN_POINT ( 'NONE',  ( 24.60431872659751917, 1.499999999999945821, -4.500000000000158984 ) ) ;
#3952 = VECTOR ( 'NONE', #7054, 1000.000000000000000 ) ;
#3953 = CARTESIAN_POINT ( 'NONE',  ( 22.05796506004260848, 11.00312125762192750, 10.50000095367419917 ) ) ;
#3954 = ORIENTED_EDGE ( 'NONE', *, *, #1653, .T. ) ;
#3955 = EDGE_LOOP ( 'NONE', ( #7840, #2269, #509, #3984, #9265, #1011, #6628, #9475 ) ) ;
#3956 = ADVANCED_FACE ( 'NONE', ( #2609 ), #9129, .T. ) ;
#3957 = CIRCLE ( 'NONE', #9472, 1.000000000000001776 ) ;
#3958 = VERTEX_POINT ( 'NONE', #2561 ) ;
#3959 = DIRECTION ( 'NONE',  ( 0.000000000000000000, 0.000000000000000000, 1.000000000000000000 ) ) ;
#3960 = LINE ( 'NONE', #9360, #7006 ) ;
#3961 = DIRECTION ( 'NONE',  ( 0.000000000000000000, 0.000000000000000000, -1.000000000000000000 ) ) ;
#3962 = AXIS2_PLACEMENT_3D ( 'NONE', #2620, #7754, #2665 ) ;
#3963 = CARTESIAN_POINT ( 'NONE',  ( 0.000000000000000000, 0.000000000000000000, -4.500000000000158984 ) ) ;
#3964 = DIRECTION ( 'NONE',  ( -1.000000000000000000, 0.000000000000000000, 0.000000000000000000 ) ) ;
#3965 = LINE ( 'NONE', #3821, #5571 ) ;
#3966 = AXIS2_PLACEMENT_3D ( 'NONE', #5301, #8286, #2428 ) ;
#3967 = DIRECTION ( 'NONE',  ( 0.000000000000000000, 0.000000000000000000, 1.000000000000000000 ) ) ;
#3968 = CIRCLE ( 'NONE', #297, 1.000000000000000666 ) ;
#3969 = ORIENTED_EDGE ( 'NONE', *, *, #1692, .F. ) ;
#3970 = ORIENTED_EDGE ( 'NONE', *, *, #3877, .F. ) ;
#3971 = DIRECTION ( 'NONE',  ( 0.000000000000000000, 0.000000000000000000, -1.000000000000000000 ) ) ;
#3972 = CIRCLE ( 'NONE', #5955, 21.55000000000000071 ) ;
#3973 = CARTESIAN_POINT ( 'NONE',  ( -20.55796506004299573, 13.60119746897492377, 5.500000953674160087 ) ) ;
#3974 = LINE ( 'NONE', #9110, #9338 ) ;
#3975 = LINE ( 'NONE', #3829, #4870 ) ;
#3976 = DIRECTION ( 'NONE',  ( 0.2292962573396709614, -0.9733566799329110841, 0.000000000000000000 ) ) ;
#3977 = CARTESIAN_POINT ( 'NONE',  ( 0.000000000000000000, 0.000000000000000000, 5.500000953674160087 ) ) ;
#3978 = DIRECTION ( 'NONE',  ( 0.2292962573396013781, 0.9733566799329275154, 0.000000000000000000 ) ) ;
#3979 = ORIENTED_EDGE ( 'NONE', *, *, #8804, .T. ) ;
#3980 = CIRCLE ( 'NONE', #3367, 19.05000000000000071 ) ;
#3981 = ORIENTED_EDGE ( 'NONE', *, *, #3716, .F. ) ;
#3982 = ORIENTED_EDGE ( 'NONE', *, *, #4681, .T. ) ;
#3983 = ADVANCED_FACE ( 'NONE', ( #6300 ), #7069, .T. ) ;
#3984 = ORIENTED_EDGE ( 'NONE', *, *, #2119, .T. ) ;
#3985 = CARTESIAN_POINT ( 'NONE',  ( -11.00312125762199855, 22.05796506004198321, 5.500000953674160087 ) ) ;
#3986 = LINE ( 'NONE', #7689, #5621 ) ;
#3987 = DIRECTION ( 'NONE',  ( 0.000000000000000000, 0.000000000000000000, -1.000000000000000000 ) ) ;
#3988 = EDGE_CURVE ( 'NONE', #6437, #4914, #5617, .T. ) ;
#3989 = DIRECTION ( 'NONE',  ( -0.9575997404349719799, 0.2881019561177511346, 0.000000000000000000 ) ) ;
#3990 = EDGE_LOOP ( 'NONE', ( #841, #5362, #2031, #6111 ) ) ;
#3991 = CARTESIAN_POINT ( 'NONE',  ( 25.64999999999999858, 0.000000000000000000, 22.50000000000000000 ) ) ;
#3992 = ADVANCED_FACE ( 'NONE', ( #4174, #1164 ), #7113, .T. ) ;
#3993 = ORIENTED_EDGE ( 'NONE', *, *, #6061, .F. ) ;
#3994 = VERTEX_POINT ( 'NONE', #1068 ) ;
#3995 = CARTESIAN_POINT ( 'NONE',  ( -1.500000000000001332, 24.60431872659696495, 10.50000095367419917 ) ) ;
#3996 = VERTEX_POINT ( 'NONE', #528 ) ;
#3997 = DIRECTION ( 'NONE',  ( 0.000000000000000000, 0.000000000000000000, -1.000000000000000000 ) ) ;
#3998 = DIRECTION ( 'NONE',  ( 0.7452527504477821640, -0.6667820768062199255, 0.000000000000000000 ) ) ;
#3999 = CARTESIAN_POINT ( 'NONE',  ( 25.60246553092200728, -1.560851926977968596, -4.500000000000158984 ) ) ;
#4000 = EDGE_CURVE ( 'NONE', #5028, #872, #5692, .T. ) ;
#4001 = ORIENTED_EDGE ( 'NONE', *, *, #8211, .T. ) ;
#4002 = ORIENTED_EDGE ( 'NONE', *, *, #7799, .T. ) ;
#4003 = ORIENTED_EDGE ( 'NONE', *, *, #7969, .F. ) ;
#4004 = CARTESIAN_POINT ( 'NONE',  ( -2.110803324099991052, -18.93269683185605601, 0.9999999999998441247 ) ) ;
#4005 = CARTESIAN_POINT ( 'NONE',  ( 11.00312125762210869, 22.05796506004198321, 10.50000095367419917 ) ) ;
#4006 = CARTESIAN_POINT ( 'NONE',  ( -15.35596946773398841, -21.59731931759201018, 16.50000095367419917 ) ) ;
#4007 = FACE_OUTER_BOUND ( 'NONE', #9452, .T. ) ;
#4008 = AXIS2_PLACEMENT_3D ( 'NONE', #8639, #576, #1392 ) ;
#4009 = DIRECTION ( 'NONE',  ( 0.000000000000000000, 0.000000000000000000, 1.000000000000000000 ) ) ;
#4010 = ORIENTED_EDGE ( 'NONE', *, *, #9095, .F. ) ;
#4011 = ORIENTED_EDGE ( 'NONE', *, *, #9236, .T. ) ;
#4012 = VECTOR ( 'NONE', #729, 1000.000000000000000 ) ;
#4013 = EDGE_CURVE ( 'NONE', #3390, #3592, #3244, .T. ) ;
#4014 = FACE_OUTER_BOUND ( 'NONE', #2020, .T. ) ;
#4015 = DIRECTION ( 'NONE',  ( 1.000000000000000000, 0.000000000000000000, 0.000000000000000000 ) ) ;
#4016 = FACE_OUTER_BOUND ( 'NONE', #8362, .T. ) ;
#4017 = CARTESIAN_POINT ( 'NONE',  ( -20.85065946199300768, -2.500000000000057732, 16.50000095367419917 ) ) ;
#4018 = CARTESIAN_POINT ( 'NONE',  ( 10.13709585383761080, -22.55796506004303836, 5.500000953674160087 ) ) ;
#4019 = VECTOR ( 'NONE', #6050, 1000.000000000000000 ) ;
#4020 = CARTESIAN_POINT ( 'NONE',  ( -13.19090595827299239, 2.499999999999946709, -4.500000000000158984 ) ) ;
#4021 = DIRECTION ( 'NONE',  ( -0.2292962573396254977, -0.9733566799329216312, 0.000000000000000000 ) ) ;
#4022 = EDGE_LOOP ( 'NONE', ( #9401, #7513, #2742, #1783, #624, #2351, #575, #4176 ) ) ;
#4023 = VERTEX_POINT ( 'NONE', #5808 ) ;
#4024 = AXIS2_PLACEMENT_3D ( 'NONE', #6715, #6621, #851 ) ;
#4025 = ORIENTED_EDGE ( 'NONE', *, *, #7646, .F. ) ;
#4026 = AXIS2_PLACEMENT_3D ( 'NONE', #3468, #5675, #2083 ) ;
#4027 = ORIENTED_EDGE ( 'NONE', *, *, #1088, .F. ) ;
#4028 = LINE ( 'NONE', #4651, #140 ) ;
#4029 = DIRECTION ( 'NONE',  ( -0.6667820768063215109, -0.7452527504476912368, 0.000000000000000000 ) ) ;
#4030 = EDGE_CURVE ( 'NONE', #154, #5346, #5127, .T. ) ;
#4031 = CIRCLE ( 'NONE', #5711, 1.000000000000000666 ) ;
#4032 = LINE ( 'NONE', #6248, #7174 ) ;
#4033 = CARTESIAN_POINT ( 'NONE',  ( 0.000000000000000000, 0.000000000000000000, -4.500000000000158984 ) ) ;
#4035 = EDGE_CURVE ( 'NONE', #3307, #7302, #8142, .T. ) ;
#4034 = ORIENTED_EDGE ( 'NONE', *, *, #366, .T. ) ;
#4036 = CARTESIAN_POINT ( 'NONE',  ( -14.15297018576999832, 21.39195958580497603, -4.500000000000158984 ) ) ;
#4037 = ORIENTED_EDGE ( 'NONE', *, *, #6381, .T. ) ;
#4038 = VERTEX_POINT ( 'NONE', #6436 ) ;
#4039 = DIRECTION ( 'NONE',  ( -0.9733566799329020913, 0.2292962573397090698, 0.000000000000000000 ) ) ;
#4040 = ORIENTED_EDGE ( 'NONE', *, *, #3774, .T. ) ;
#4041 = AXIS2_PLACEMENT_3D ( 'NONE', #4531, #6749, #4585 ) ;
#4042 = LINE ( 'NONE', #1743, #1060 ) ;
#4043 = DIRECTION ( 'NONE',  ( 0.000000000000000000, 0.000000000000000000, 1.000000000000000000 ) ) ;
#4044 = PLANE ( 'NONE',  #8648 ) ;
#4045 = ORIENTED_EDGE ( 'NONE', *, *, #4640, .T. ) ;
#4046 = SURFACE_STYLE_FILL_AREA ( #2754 ) ;
#4047 = ORIENTED_EDGE ( 'NONE', *, *, #308, .T. ) ;
#4048 = DIRECTION ( 'NONE',  ( 0.000000000000000000, 0.000000000000000000, -1.000000000000000000 ) ) ;
#4049 = ADVANCED_FACE ( 'NONE', ( #671 ), #2115, .T. ) ;
#4050 = CARTESIAN_POINT ( 'NONE',  ( 2.000000000000001776, 17.93885447847687331, -10.99999976158160031 ) ) ;
#4051 = FACE_OUTER_BOUND ( 'NONE', #1042, .T. ) ;
#4052 = LINE ( 'NONE', #6997, #2836 ) ;
#4053 = CIRCLE ( 'NONE', #7426, 1.000000000000000888 ) ;
#4054 = FACE_OUTER_BOUND ( 'NONE', #6863, .T. ) ;
#4055 = EDGE_CURVE ( 'NONE', #8126, #2018, #3502, .T. ) ;
#4056 = ORIENTED_EDGE ( 'NONE', *, *, #2287, .T. ) ;
#4057 = EDGE_CURVE ( 'NONE', #6980, #6389, #5230, .T. ) ;
#4058 = CIRCLE ( 'NONE', #2690, 25.64999999999999858 ) ;
#4059 = EDGE_CURVE ( 'NONE', #181, #7700, #341, .T. ) ;
#4060 = LINE ( 'NONE', #2720, #5807 ) ;
#4061 = AXIS2_PLACEMENT_3D ( 'NONE', #6842, #4431, #7370 ) ;
#4062 = CARTESIAN_POINT ( 'NONE',  ( 1.333217923193680265, 18.68410722892456377, -10.99999976158160031 ) ) ;
#4063 = DIRECTION ( 'NONE',  ( 0.2292962573396709614, -0.9733566799329110841, 0.000000000000000000 ) ) ;
#4064 = DIRECTION ( 'NONE',  ( 0.9575997404350280462, 0.2881019561175639510, 0.000000000000000000 ) ) ;
#4065 = FACE_OUTER_BOUND ( 'NONE', #911, .T. ) ;
#4066 = EDGE_CURVE ( 'NONE', #8281, #4206, #6481, .T. ) ;
#4067 = CARTESIAN_POINT ( 'NONE',  ( -2.499999999999988454, -13.19090595827310253, -4.500000000000158984 ) ) ;
#4068 = AXIS2_PLACEMENT_3D ( 'NONE', #3613, #5727, #7317 ) ;
#4069 = FACE_OUTER_BOUND ( 'NONE', #8445, .T. ) ;
#4070 = ORIENTED_EDGE ( 'NONE', *, *, #9159, .F. ) ;
#4071 = ORIENTED_EDGE ( 'NONE', *, *, #5504, .T. ) ;
#4072 = EDGE_CURVE ( 'NONE', #6987, #2738, #8756, .T. ) ;
#4073 = VERTEX_POINT ( 'NONE', #5707 ) ;
#4074 = CIRCLE ( 'NONE', #4669, 1.000000000000000888 ) ;
#4075 = ORIENTED_EDGE ( 'NONE', *, *, #4579, .F. ) ;
#4076 = PLANE ( 'NONE',  #5956 ) ;
#4077 = CIRCLE ( 'NONE', #1020, 21.55000000000000071 ) ;
#4078 = CYLINDRICAL_SURFACE ( 'NONE', #2717, 1.000000000000001110 ) ;
#4079 = PLANE ( 'NONE',  #9165 ) ;
#4080 = DIRECTION ( 'NONE',  ( 0.000000000000000000, 0.000000000000000000, 1.000000000000000000 ) ) ;
#4081 = VECTOR ( 'NONE', #6745, 1000.000000000000114 ) ;
#4082 = VECTOR ( 'NONE', #444, 1000.000000000000000 ) ;
#4083 = VECTOR ( 'NONE', #4247, 1000.000000000000000 ) ;
#4084 = ORIENTED_EDGE ( 'NONE', *, *, #2495, .F. ) ;
#4085 = CARTESIAN_POINT ( 'NONE',  ( 0.000000000000000000, 0.000000000000000000, 11.80000047683700082 ) ) ;
#4086 = ORIENTED_EDGE ( 'NONE', *, *, #3645, .T. ) ;
#4087 = VECTOR ( 'NONE', #6266, 1000.000000000000000 ) ;
#4088 = ORIENTED_EDGE ( 'NONE', *, *, #1208, .F. ) ;
#4089 = DIRECTION ( 'NONE',  ( -0.6667820768063215109, -0.7452527504476912368, 0.000000000000000000 ) ) ;
#4090 = CIRCLE ( 'NONE', #9448, 1.000000000000000000 ) ;
#4091 = ORIENTED_EDGE ( 'NONE', *, *, #1958, .F. ) ;
#4092 = EDGE_CURVE ( 'NONE', #2502, #1005, #8305, .T. ) ;
#4093 = DIRECTION ( 'NONE',  ( 0.2292962573396013781, 0.9733566799329275154, 0.000000000000000000 ) ) ;
#4094 = CARTESIAN_POINT ( 'NONE',  ( 11.00312125762210869, -22.05796506004298152, -4.500000000000158984 ) ) ;
#4095 = DIRECTION ( 'NONE',  ( -0.2292962573396254977, -0.9733566799329216312, 0.000000000000000000 ) ) ;
#4096 = ORIENTED_EDGE ( 'NONE', *, *, #8441, .F. ) ;
#4097 = AXIS2_PLACEMENT_3D ( 'NONE', #6187, #1767, #6912 ) ;
#4098 = DIRECTION ( 'NONE',  ( 0.000000000000000000, 0.000000000000000000, -1.000000000000000000 ) ) ;
#4099 = VERTEX_POINT ( 'NONE', #1483 ) ;
#4100 = VECTOR ( 'NONE', #4744, 1000.000000000000000 ) ;
#4101 = CARTESIAN_POINT ( 'NONE',  ( 3.236245269559039350, 1.894522777708609329, 28.99999856948849697 ) ) ;
#4102 = DIRECTION ( 'NONE',  ( 0.000000000000000000, 0.000000000000000000, 1.000000000000000000 ) ) ;
#4103 = AXIS2_PLACEMENT_3D ( 'NONE', #9246, #2677, #5601 ) ;
#4104 = DIRECTION ( 'NONE',  ( 0.000000000000000000, 0.000000000000000000, 1.000000000000000000 ) ) ;
#4105 = DIRECTION ( 'NONE',  ( 0.000000000000000000, 0.000000000000000000, 1.000000000000000000 ) ) ;
#4106 = CARTESIAN_POINT ( 'NONE',  ( 11.97757886726370735, -13.39179242963706074, 28.99999856948849697 ) ) ;
#4107 = EDGE_CURVE ( 'NONE', #3714, #2545, #8690, .T. ) ;
#4108 = CIRCLE ( 'NONE', #5937, 1.000000000000000444 ) ;
#4109 = VERTEX_POINT ( 'NONE', #4268 ) ;
#4110 = EDGE_CURVE ( 'NONE', #6791, #930, #1298, .T. ) ;
#4111 = AXIS2_PLACEMENT_3D ( 'NONE', #607, #4295, #6556 ) ;
#4112 = DIRECTION ( 'NONE',  ( 1.000000000000000000, 0.000000000000000000, 0.000000000000000000 ) ) ;
#4113 = DIRECTION ( 'NONE',  ( -0.2292962573396013781, 0.9733566799329275154, 0.000000000000000000 ) ) ;
#4114 = CARTESIAN_POINT ( 'NONE',  ( -25.60246553092200728, -1.560851926977968596, 22.50000000000000000 ) ) ;
#4115 = CARTESIAN_POINT ( 'NONE',  ( -10.13709585383799983, -22.55796506004303836, 22.50000000000000000 ) ) ;
#4116 = DIRECTION ( 'NONE',  ( 1.000000000000000000, -1.224646799147350002E-16, 0.000000000000000000 ) ) ;
#4117 = AXIS2_PLACEMENT_3D ( 'NONE', #2621, #6316, #4776 ) ;
#4118 = VECTOR ( 'NONE', #2602, 1000.000000000000000 ) ;
#4119 = DIRECTION ( 'NONE',  ( 0.000000000000000000, 0.000000000000000000, -1.000000000000000000 ) ) ;
#4120 = ORIENTED_EDGE ( 'NONE', *, *, #6528, .F. ) ;
#4121 = ORIENTED_EDGE ( 'NONE', *, *, #7238, .F. ) ;
#4122 = AXIS2_PLACEMENT_3D ( 'NONE', #896, #6137, #1044 ) ;
#4123 = ORIENTED_EDGE ( 'NONE', *, *, #5671, .F. ) ;
#4124 = VECTOR ( 'NONE', #6431, 1000.000000000000000 ) ;
#4125 = EDGE_CURVE ( 'NONE', #1350, #1069, #7208, .T. ) ;
#4126 = AXIS2_PLACEMENT_3D ( 'NONE', #782, #6689, #6782 ) ;
#4127 = ORIENTED_EDGE ( 'NONE', *, *, #4035, .T. ) ;
#4128 = DIRECTION ( 'NONE',  ( 0.4999999999999998890, 0.8660254037844387076, 0.000000000000000000 ) ) ;
#4129 = DIRECTION ( 'NONE',  ( 0.000000000000000000, 0.000000000000000000, 1.000000000000000000 ) ) ;
#4130 = PLANE ( 'NONE',  #8850 ) ;
#4131 = CIRCLE ( 'NONE', #2606, 0.9999999999999994449 ) ;
#4132 = DIRECTION ( 'NONE',  ( 0.000000000000000000, 0.000000000000000000, 1.000000000000000000 ) ) ;
#4133 = ORIENTED_EDGE ( 'NONE', *, *, #5516, .T. ) ;
#4134 = DIRECTION ( 'NONE',  ( 0.000000000000000000, 0.000000000000000000, 1.000000000000000000 ) ) ;
#4135 = VERTEX_POINT ( 'NONE', #4355 ) ;
#4136 = EDGE_CURVE ( 'NONE', #4344, #4612, #719, .T. ) ;
#4137 = ORIENTED_EDGE ( 'NONE', *, *, #4961, .F. ) ;
#4138 = CARTESIAN_POINT ( 'NONE',  ( -1.500000000000001332, -24.60431872659807340, -4.500000000000158984 ) ) ;
#4139 = VERTEX_POINT ( 'NONE', #8015 ) ;
#4140 = DIRECTION ( 'NONE',  ( 0.000000000000000000, 0.000000000000000000, 1.000000000000000000 ) ) ;
#4141 = DIRECTION ( 'NONE',  ( -0.4999999999999998890, -0.8660254037844387076, 0.000000000000000000 ) ) ;
#4142 = LINE ( 'NONE', #497, #5593 ) ;
#4143 = CARTESIAN_POINT ( 'NONE',  ( 19.78683832264810505, 8.537185086043951543, 16.49999856948839749 ) ) ;
#4144 = ORIENTED_EDGE ( 'NONE', *, *, #5772, .F. ) ;
#4145 = LINE ( 'NONE', #2709, #9113 ) ;
#4146 = ORIENTED_EDGE ( 'NONE', *, *, #9343, .F. ) ;
#4147 = ORIENTED_EDGE ( 'NONE', *, *, #8918, .F. ) ;
#4148 = CARTESIAN_POINT ( 'NONE',  ( 12.86731210496699873, -17.28683832264909981, 12.50000095367419917 ) ) ;
#4149 = DIRECTION ( 'NONE',  ( -1.836970198721029688E-16, -1.000000000000000000, 0.000000000000000000 ) ) ;
#4150 = CARTESIAN_POINT ( 'NONE',  ( -2.228303483095367632, -25.28957345041335358, 5.500000953674160087 ) ) ;
#4151 = CARTESIAN_POINT ( 'NONE',  ( -2.228303483095416038, 25.28957345041219185, 12.50000095367419917 ) ) ;
#4152 = CIRCLE ( 'NONE', #5544, 19.05000000000000071 ) ;
#4153 = VERTEX_POINT ( 'NONE', #3593 ) ;
#4154 = ADVANCED_FACE ( 'NONE', ( #6580 ), #1433, .F. ) ;
#4155 = CARTESIAN_POINT ( 'NONE',  ( 1.000000000000000888, -17.93885447847809544, -10.99999976158160031 ) ) ;
#4156 = CARTESIAN_POINT ( 'NONE',  ( -20.85065946199300768, -2.500000000000057732, 16.50000095367419917 ) ) ;
#4157 = LINE ( 'NONE', #3349, #5358 ) ;
#4158 = ADVANCED_FACE ( 'NONE', ( #623 ), #3548, .T. ) ;
#4159 = DIRECTION ( 'NONE',  ( 0.000000000000000000, 0.000000000000000000, -1.000000000000000000 ) ) ;
#4160 = EDGE_CURVE ( 'NONE', #5575, #732, #6615, .T. ) ;
#4161 = VECTOR ( 'NONE', #7252, 1000.000000000000000 ) ;
#4162 = CARTESIAN_POINT ( 'NONE',  ( -5.916079783099991829, 1.000000000000000888, 3.999999999999840572 ) ) ;
#4163 = CARTESIAN_POINT ( 'NONE',  ( -21.40449719101199122, -2.500000000000057732, -4.500000000000158984 ) ) ;
#4164 = ORIENTED_EDGE ( 'NONE', *, *, #7469, .F. ) ;
#4165 = ORIENTED_EDGE ( 'NONE', *, *, #3404, .T. ) ;
#4166 = VERTEX_POINT ( 'NONE', #4548 ) ;
#4167 = VERTEX_POINT ( 'NONE', #50 ) ;
#4168 = DIRECTION ( 'NONE',  ( 0.000000000000000000, 0.000000000000000000, 1.000000000000000000 ) ) ;
#4169 = DIRECTION ( 'NONE',  ( 1.224646799147350002E-16, 1.000000000000000000, 0.000000000000000000 ) ) ;
#4170 = CARTESIAN_POINT ( 'NONE',  ( 0.000000000000000000, 0.000000000000000000, -4.500000000000158984 ) ) ;
#4171 = EDGE_CURVE ( 'NONE', #4381, #5534, #4457, .T. ) ;
#4172 = DIRECTION ( 'NONE',  ( 6.123233995736769734E-17, 1.000000000000000000, 0.000000000000000000 ) ) ;
#4173 = VERTEX_POINT ( 'NONE', #5174 ) ;
#4174 = FACE_OUTER_BOUND ( 'NONE', #9286, .T. ) ;
#4175 = ADVANCED_FACE ( 'NONE', ( #5373 ), #811, .F. ) ;
#4176 = ORIENTED_EDGE ( 'NONE', *, *, #5284, .F. ) ;
#4177 = EDGE_CURVE ( 'NONE', #7977, #4843, #2017, .T. ) ;
#4178 = CIRCLE ( 'NONE', #6329, 21.55000000000000071 ) ;
#4179 = ORIENTED_EDGE ( 'NONE', *, *, #7377, .T. ) ;
#4180 = CARTESIAN_POINT ( 'NONE',  ( 10.17365965879590917, -8.760516488597991369, -4.500000000000158984 ) ) ;
#4181 = ORIENTED_EDGE ( 'NONE', *, *, #7976, .T. ) ;
#4182 = CARTESIAN_POINT ( 'NONE',  ( 11.00312125762210869, -22.05796506004298152, 12.50000095367419917 ) ) ;
#4183 = DIRECTION ( 'NONE',  ( 0.4999999999999998890, 0.8660254037844387076, 0.000000000000000000 ) ) ;
#4184 = LINE ( 'NONE', #1986, #7741 ) ;
#4185 = EDGE_CURVE ( 'NONE', #5307, #242, #3694, .T. ) ;
#4186 = CARTESIAN_POINT ( 'NONE',  ( -14.46722287275999186, -20.05796506004298152, 10.50000095367419917 ) ) ;
#4187 = ORIENTED_EDGE ( 'NONE', *, *, #111, .T. ) ;
#4188 = ORIENTED_EDGE ( 'NONE', *, *, #5376, .T. ) ;
#4189 = VERTEX_POINT ( 'NONE', #3837 ) ;
#4190 = CARTESIAN_POINT ( 'NONE',  ( -13.60119746897600557, 20.55796506004192636, 5.500000953674160087 ) ) ;
#4191 = DIRECTION ( 'NONE',  ( 0.000000000000000000, 0.000000000000000000, -1.000000000000000000 ) ) ;
#4192 = DIRECTION ( 'NONE',  ( 1.000000000000000000, 0.000000000000000000, 0.000000000000000000 ) ) ;
#4193 = DIRECTION ( 'NONE',  ( 0.000000000000000000, 0.000000000000000000, 1.000000000000000000 ) ) ;
#4194 = CIRCLE ( 'NONE', #2670, 1.000000000000000444 ) ;
#4195 = EDGE_LOOP ( 'NONE', ( #6517, #2465, #6707, #7440 ) ) ;
#4196 = DIRECTION ( 'NONE',  ( 0.000000000000000000, 0.000000000000000000, -1.000000000000000000 ) ) ;
#4197 = LINE ( 'NONE', #6417, #4227 ) ;
#4198 = FACE_OUTER_BOUND ( 'NONE', #503, .T. ) ;
#4199 = CARTESIAN_POINT ( 'NONE',  ( 0.000000000000000000, 0.000000000000000000, 12.50000095367419917 ) ) ;
#4200 = EDGE_CURVE ( 'NONE', #5179, #922, #1248, .T. ) ;
#4201 = VECTOR ( 'NONE', #8314, 1000.000000000000000 ) ;
#4202 = CYLINDRICAL_SURFACE ( 'NONE', #855, 1.500000000000000222 ) ;
#4203 = CARTESIAN_POINT ( 'NONE',  ( 0.000000000000000000, 0.000000000000000000, 22.50000000000000000 ) ) ;
#4204 = EDGE_CURVE ( 'NONE', #3203, #342, #2345, .T. ) ;
#4205 = ORIENTED_EDGE ( 'NONE', *, *, #8074, .T. ) ;
#4206 = VERTEX_POINT ( 'NONE', #8878 ) ;
#4207 = CIRCLE ( 'NONE', #1596, 21.55000000000000071 ) ;
#4208 = ORIENTED_EDGE ( 'NONE', *, *, #6398, .T. ) ;
#4209 = ORIENTED_EDGE ( 'NONE', *, *, #8189, .T. ) ;
#4210 = CARTESIAN_POINT ( 'NONE',  ( 1.500000000000000222, 1.836970198721030181E-16, 11.80000047683700082 ) ) ;
#4211 = LINE ( 'NONE', #6432, #7470 ) ;
#4212 = DIRECTION ( 'NONE',  ( 0.8660254037844387076, -0.4999999999999998890, 0.000000000000000000 ) ) ;
#4213 = ORIENTED_EDGE ( 'NONE', *, *, #625, .T. ) ;
#4214 = DIRECTION ( 'NONE',  ( 0.000000000000000000, 0.000000000000000000, -1.000000000000000000 ) ) ;
#4215 = CIRCLE ( 'NONE', #91, 1.000000000000000000 ) ;
#4216 = EDGE_LOOP ( 'NONE', ( #8664, #6205, #7826, #5741 ) ) ;
#4217 = ADVANCED_FACE ( 'NONE', ( #5269 ), #3692, .T. ) ;
#4218 = AXIS2_PLACEMENT_3D ( 'NONE', #5102, #6601, #6501 ) ;
#4219 = AXIS2_PLACEMENT_3D ( 'NONE', #6336, #348, #5479 ) ;
#4220 = ORIENTED_EDGE ( 'NONE', *, *, #6171, .T. ) ;
#4221 = CYLINDRICAL_SURFACE ( 'NONE', #2129, 1.000000000000000888 ) ;
#4222 = ORIENTED_EDGE ( 'NONE', *, *, #6287, .F. ) ;
#4223 = FACE_OUTER_BOUND ( 'NONE', #8435, .T. ) ;
#4224 = DIRECTION ( 'NONE',  ( 1.000000000000000000, 0.000000000000000000, 0.000000000000000000 ) ) ;
#4225 = EDGE_CURVE ( 'NONE', #5220, #31, #4772, .T. ) ;
#4226 = CIRCLE ( 'NONE', #4694, 0.9999999999999985567 ) ;
#4227 = VECTOR ( 'NONE', #4296, 1000.000000000000000 ) ;
#4228 = DIRECTION ( 'NONE',  ( -0.4947757939896113011, -0.8690206635529156287, 0.000000000000000000 ) ) ;
#4229 = EDGE_CURVE ( 'NONE', #8318, #2910, #8827, .T. ) ;
#4230 = DIRECTION ( 'NONE',  ( -0.2881019561176437760, -0.9575997404350040654, 0.000000000000000000 ) ) ;
#4231 = DIRECTION ( 'NONE',  ( -1.000000000000000000, 0.000000000000000000, 0.000000000000000000 ) ) ;
#4232 = ORIENTED_EDGE ( 'NONE', *, *, #6396, .T. ) ;
#4233 = VERTEX_POINT ( 'NONE', #6038 ) ;
#4234 = AXIS2_PLACEMENT_3D ( 'NONE', #271, #8902, #7518 ) ;
#4235 = VERTEX_POINT ( 'NONE', #7392 ) ;
#4236 = EDGE_CURVE ( 'NONE', #894, #5840, #4496, .T. ) ;
#4237 = ORIENTED_EDGE ( 'NONE', *, *, #5027, .T. ) ;
#4238 = CARTESIAN_POINT ( 'NONE',  ( 21.40449719101190951, -2.500000000000057732, -4.500000000000158984 ) ) ;
#4239 = CARTESIAN_POINT ( 'NONE',  ( 0.000000000000000000, 0.000000000000000000, -4.500000000000158984 ) ) ;
#4240 = CYLINDRICAL_SURFACE ( 'NONE', #3455, 1.000000000000000444 ) ;
#4241 = AXIS2_PLACEMENT_3D ( 'NONE', #4412, #7258, #5817 ) ;
#4242 = EDGE_CURVE ( 'NONE', #1335, #6390, #1096, .T. ) ;
#4243 = CYLINDRICAL_SURFACE ( 'NONE', #1414, 1.000000000000000888 ) ;
#4244 = ORIENTED_EDGE ( 'NONE', *, *, #3696, .T. ) ;
#4245 = AXIS2_PLACEMENT_3D ( 'NONE', #1049, #2391, #8917 ) ;
#4246 = CARTESIAN_POINT ( 'NONE',  ( -23.01556480047797137, -10.71501930150428805, 10.50000095367419917 ) ) ;
#4247 = DIRECTION ( 'NONE',  ( 0.000000000000000000, 0.000000000000000000, 1.000000000000000000 ) ) ;
#4248 = DIRECTION ( 'NONE',  ( 1.000000000000000000, 0.000000000000000000, 0.000000000000000000 ) ) ;
#4249 = DIRECTION ( 'NONE',  ( 0.000000000000000000, 0.000000000000000000, 1.000000000000000000 ) ) ;
#4250 = FACE_BOUND ( 'NONE', #7398, .T. ) ;
#4251 = CIRCLE ( 'NONE', #7945, 1.000000000000000444 ) ;
#4252 = DIRECTION ( 'NONE',  ( -0.7283034830953664107, -0.6852547238152811859, 0.000000000000000000 ) ) ;
#4253 = VECTOR ( 'NONE', #2005, 1000.000000000000000 ) ;
#4254 = ORIENTED_EDGE ( 'NONE', *, *, #4811, .F. ) ;
#4255 = ORIENTED_EDGE ( 'NONE', *, *, #8340, .F. ) ;
#4256 = EDGE_LOOP ( 'NONE', ( #626, #4127, #9213, #5268, #7600, #3214, #291, #6040 ) ) ;
#4257 = EDGE_CURVE ( 'NONE', #9134, #8125, #9022, .T. ) ;
#4258 = CIRCLE ( 'NONE', #9316, 21.55000000000000071 ) ;
#4259 = DIRECTION ( 'NONE',  ( 1.000000000000000000, 0.000000000000000000, 0.000000000000000000 ) ) ;
#4260 = EDGE_LOOP ( 'NONE', ( #5151, #256, #1304, #3424, #6824, #7352, #2860, #6915 ) ) ;
#4261 = VECTOR ( 'NONE', #9133, 1000.000000000000000 ) ;
#4262 = DIRECTION ( 'NONE',  ( 0.000000000000000000, 0.000000000000000000, -1.000000000000000000 ) ) ;
#4263 = CARTESIAN_POINT ( 'NONE',  ( 0.000000000000000000, 0.000000000000000000, -10.99999976158160031 ) ) ;
#4264 = VECTOR ( 'NONE', #1854, 1000.000000000000000 ) ;
#4265 = PLANE ( 'NONE',  #8371 ) ;
#4266 = VERTEX_POINT ( 'NONE', #3163 ) ;
#4267 = CIRCLE ( 'NONE', #596, 21.55000000000000071 ) ;
#4268 = CARTESIAN_POINT ( 'NONE',  ( -21.55000000000000071, -2.639113852162546308E-15, 22.50000000000000000 ) ) ;
#4269 = AXIS2_PLACEMENT_3D ( 'NONE', #6627, #1487, #8156 ) ;
#4270 = AXIS2_PLACEMENT_3D ( 'NONE', #875, #2945, #8796 ) ;
#4271 = EDGE_CURVE ( 'NONE', #9072, #8259, #5075, .T. ) ;
#4272 = ORIENTED_EDGE ( 'NONE', *, *, #9122, .F. ) ;
#4273 = EDGE_LOOP ( 'NONE', ( #6291, #7925 ) ) ;
#4274 = DIRECTION ( 'NONE',  ( 0.000000000000000000, 0.000000000000000000, -1.000000000000000000 ) ) ;
#4275 = ORIENTED_EDGE ( 'NONE', *, *, #2464, .T. ) ;
#4277 = AXIS2_PLACEMENT_3D ( 'NONE', #1955, #1145, #8390 ) ;
#4276 = CYLINDRICAL_SURFACE ( 'NONE', #8688, 1.000000000000000222 ) ;
#4278 = DIRECTION ( 'NONE',  ( 0.000000000000000000, 0.000000000000000000, 1.000000000000000000 ) ) ;
#4279 = EDGE_CURVE ( 'NONE', #3137, #517, #8968, .T. ) ;
#4280 = EDGE_CURVE ( 'NONE', #4331, #583, #3113, .T. ) ;
#4281 = DIRECTION ( 'NONE',  ( 0.000000000000000000, 0.000000000000000000, -1.000000000000000000 ) ) ;
#4282 = LINE ( 'NONE', #591, #334 ) ;
#4283 = LINE ( 'NONE', #682, #789 ) ;
#4284 = CARTESIAN_POINT ( 'NONE',  ( 22.05796506004260848, -11.00312125762303950, 12.50000095367419917 ) ) ;
#4285 = FACE_OUTER_BOUND ( 'NONE', #9058, .T. ) ;
#4286 = CIRCLE ( 'NONE', #7204, 21.55000000000000071 ) ;
#4287 = EDGE_LOOP ( 'NONE', ( #278, #8490, #4854, #5246, #4096, #8449, #9224, #9308 ) ) ;
#4288 = VERTEX_POINT ( 'NONE', #5320 ) ;
#4289 = DIRECTION ( 'NONE',  ( 0.000000000000000000, 0.000000000000000000, 1.000000000000000000 ) ) ;
#4290 = DIRECTION ( 'NONE',  ( 6.801708676704649362E-17, 6.085529284608839213E-17, -1.000000000000000000 ) ) ;
#4291 = CARTESIAN_POINT ( 'NONE',  ( 7.377728374959410473, -7.778600389872103449, 5.500000953674160087 ) ) ;
#4292 = EDGE_CURVE ( 'NONE', #952, #5193, #9064, .T. ) ;
#4293 = CARTESIAN_POINT ( 'NONE',  ( 13.39179242963679783, -11.97757886726402710, -10.99999976158160031 ) ) ;
#4294 = VERTEX_POINT ( 'NONE', #2254 ) ;
#4295 = DIRECTION ( 'NONE',  ( 0.000000000000000000, 0.000000000000000000, -1.000000000000000000 ) ) ;
#4296 = DIRECTION ( 'NONE',  ( 0.000000000000000000, 0.000000000000000000, -1.000000000000000000 ) ) ;
#4297 = DIRECTION ( 'NONE',  ( 0.000000000000000000, 0.000000000000000000, 1.000000000000000000 ) ) ;
#4298 = CARTESIAN_POINT ( 'NONE',  ( 0.000000000000000000, 0.000000000000000000, 22.50000000000000000 ) ) ;
#4299 = DIRECTION ( 'NONE',  ( 0.000000000000000000, 0.000000000000000000, 1.000000000000000000 ) ) ;
#4300 = DIRECTION ( 'NONE',  ( -0.8660254037844387076, 0.4999999999999998890, 0.000000000000000000 ) ) ;
#4301 = VERTEX_POINT ( 'NONE', #4600 ) ;
#4302 = ORIENTED_EDGE ( 'NONE', *, *, #4437, .F. ) ;
#4303 = ORIENTED_EDGE ( 'NONE', *, *, #2981, .F. ) ;
#4304 = VECTOR ( 'NONE', #9478, 1000.000000000000000 ) ;
#4305 = CARTESIAN_POINT ( 'NONE',  ( -20.78726131738259753, 14.57455414890785050, 22.50000000000000000 ) ) ;
#4306 = DIRECTION ( 'NONE',  ( 0.000000000000000000, 0.000000000000000000, 1.000000000000000000 ) ) ;
#4307 = CARTESIAN_POINT ( 'NONE',  ( 14.57455414890831236, 20.78726131738163119, 12.50000095367419917 ) ) ;
#4308 = DIRECTION ( 'NONE',  ( -0.7283034830954149275, 0.6852547238152297826, 0.000000000000000000 ) ) ;
#4309 = EDGE_LOOP ( 'NONE', ( #7808, #2106, #2349, #7742 ) ) ;
#4310 = CARTESIAN_POINT ( 'NONE',  ( -9.361657171675988209, -1.000000000000000888, -10.99999976158160031 ) ) ;
#4311 = VERTEX_POINT ( 'NONE', #1527 ) ;
#4312 = EDGE_CURVE ( 'NONE', #1829, #4288, #8348, .T. ) ;
#4313 = ORIENTED_EDGE ( 'NONE', *, *, #5472, .F. ) ;
#4314 = CARTESIAN_POINT ( 'NONE',  ( 2.500000000000002220, 24.60431872659696495, 10.50000095367419917 ) ) ;
#4315 = ORIENTED_EDGE ( 'NONE', *, *, #1813, .F. ) ;
#4316 = CARTESIAN_POINT ( 'NONE',  ( -17.28683832264799136, -12.86731210496705557, 16.49999856948839749 ) ) ;
#4317 = DIRECTION ( 'NONE',  ( -0.7283034830954149275, 0.6852547238152297826, 0.000000000000000000 ) ) ;
#4318 = DIRECTION ( 'NONE',  ( -0.4999999999999998890, 0.8660254037844387076, 0.000000000000000000 ) ) ;
#4319 = ADVANCED_FACE ( 'NONE', ( #3215 ), #1006, .T. ) ;
#4320 = AXIS2_PLACEMENT_3D ( 'NONE', #1690, #3658, #8980 ) ;
#4321 = DIRECTION ( 'NONE',  ( 0.000000000000000000, 0.000000000000000000, -1.000000000000000000 ) ) ;
#4322 = DIRECTION ( 'NONE',  ( -0.7071067811865480168, -0.7071067811865470176, -8.659560562354929160E-17 ) ) ;
#4323 = PLANE ( 'NONE',  #4812 ) ;
#4324 = AXIS2_PLACEMENT_3D ( 'NONE', #556, #6412, #8616 ) ;
#4325 = EDGE_LOOP ( 'NONE', ( #6161, #2515, #8187, #1631, #5379, #1964, #7827, #2498 ) ) ;
#4326 = ORIENTED_EDGE ( 'NONE', *, *, #317, .F. ) ;
#4327 = EDGE_CURVE ( 'NONE', #4189, #5295, #4608, .T. ) ;
#4328 = PLANE ( 'NONE',  #1054 ) ;
#4329 = CARTESIAN_POINT ( 'NONE',  ( -11.00312125762199855, -22.05796506004298152, 5.500000953674160087 ) ) ;
#4330 = DIRECTION ( 'NONE',  ( 0.000000000000000000, 0.000000000000000000, -1.000000000000000000 ) ) ;
#4331 = VERTEX_POINT ( 'NONE', #4701 ) ;
#4332 = EDGE_CURVE ( 'NONE', #8399, #6813, #3541, .T. ) ;
#4333 = CARTESIAN_POINT ( 'NONE',  ( -1.999999999999988010, -17.93885447847809544, 0.9999999999998441247 ) ) ;
#4334 = LINE ( 'NONE', #7859, #4083 ) ;
#4335 = LINE ( 'NONE', #2047, #259 ) ;
#4336 = CARTESIAN_POINT ( 'NONE',  ( -1.333217923193665833, 18.68410722892456377, 0.9999999999998441247 ) ) ;
#4337 = DIRECTION ( 'NONE',  ( -0.9984594016228911517, -0.05548714545602558001, 0.000000000000000000 ) ) ;
#4338 = FACE_BOUND ( 'NONE', #8910, .T. ) ;
#4339 = LINE ( 'NONE', #3628, #971 ) ;
#4340 = EDGE_CURVE ( 'NONE', #9490, #6626, #3851, .T. ) ;
#4341 = AXIS2_PLACEMENT_3D ( 'NONE', #9139, #684, #2079 ) ;
#4342 = EDGE_CURVE ( 'NONE', #5521, #6067, #4282, .T. ) ;
#4343 = VERTEX_POINT ( 'NONE', #2076 ) ;
#4344 = VERTEX_POINT ( 'NONE', #4416 ) ;
#4345 = ORIENTED_EDGE ( 'NONE', *, *, #8177, .F. ) ;
#4346 = AXIS2_PLACEMENT_3D ( 'NONE', #4851, #3321, #7786 ) ;
#4347 = CARTESIAN_POINT ( 'NONE',  ( -24.60431872659797747, -1.500000000000056843, 10.50000095367419917 ) ) ;
#4348 = DIRECTION ( 'NONE',  ( 0.000000000000000000, 0.000000000000000000, 1.000000000000000000 ) ) ;
#4349 = ADVANCED_FACE ( 'NONE', ( #8743 ), #6399, .T. ) ;
#4350 = CARTESIAN_POINT ( 'NONE',  ( -20.78726131738259753, 14.57455414890785050, 12.50000095367419917 ) ) ;
#4351 = VECTOR ( 'NONE', #2447, 1000.000000000000000 ) ;
#4352 = DIRECTION ( 'NONE',  ( 0.000000000000000000, 0.000000000000000000, -1.000000000000000000 ) ) ;
#4353 = ORIENTED_EDGE ( 'NONE', *, *, #7566, .T. ) ;
#4354 = EDGE_CURVE ( 'NONE', #1591, #5521, #781, .T. ) ;
#4355 = CARTESIAN_POINT ( 'NONE',  ( 22.55796506004270441, 10.13709585383704237, 5.500000953674160087 ) ) ;
#4356 = ORIENTED_EDGE ( 'NONE', *, *, #170, .T. ) ;
#4357 = CIRCLE ( 'NONE', #236, 21.55000000000000071 ) ;
#4358 = ORIENTED_EDGE ( 'NONE', *, *, #5217, .F. ) ;
#4359 = DIRECTION ( 'NONE',  ( 0.000000000000000000, 0.000000000000000000, 1.000000000000000000 ) ) ;
#4360 = VERTEX_POINT ( 'NONE', #2172 ) ;
#4361 = FACE_OUTER_BOUND ( 'NONE', #3501, .T. ) ;
#4362 = PLANE ( 'NONE',  #3318 ) ;
#4363 = FACE_OUTER_BOUND ( 'NONE', #9174, .T. ) ;
#4364 = AXIS2_PLACEMENT_3D ( 'NONE', #1612, #5365, #4488 ) ;
#4365 = DIRECTION ( 'NONE',  ( 1.000000000000000000, 0.000000000000000000, 0.000000000000000000 ) ) ;
#4366 = DIRECTION ( 'NONE',  ( 6.123233995736769734E-17, 1.000000000000000000, 0.000000000000000000 ) ) ;
#4367 = EDGE_CURVE ( 'NONE', #1005, #96, #9365, .T. ) ;
#4368 = DIRECTION ( 'NONE',  ( 0.000000000000000000, 0.000000000000000000, 1.000000000000000000 ) ) ;
#4369 = AXIS2_PLACEMENT_3D ( 'NONE', #2317, #1594, #6739 ) ;
#4370 = AXIS2_PLACEMENT_3D ( 'NONE', #486, #9217, #8453 ) ;
#4371 = ORIENTED_EDGE ( 'NONE', *, *, #656, .F. ) ;
#4372 = ADVANCED_FACE ( 'NONE', ( #634 ), #2751, .F. ) ;
#4373 = VERTEX_POINT ( 'NONE', #1357 ) ;
#4374 = ORIENTED_EDGE ( 'NONE', *, *, #5253, .T. ) ;
#4375 = CARTESIAN_POINT ( 'NONE',  ( -11.89487497173198705, 14.88000166017600101, 28.99999856948849697 ) ) ;
#4376 = ADVANCED_FACE ( 'NONE', ( #8788 ), #8602, .T. ) ;
#4377 = AXIS2_PLACEMENT_3D ( 'NONE', #6796, #8949, #3197 ) ;
#4378 = CARTESIAN_POINT ( 'NONE',  ( 23.01556480047763742, -10.71501930150547466, 22.50000000000000000 ) ) ;
#4379 = DIRECTION ( 'NONE',  ( -0.8660254037844383745, 0.5000000000000003331, 0.000000000000000000 ) ) ;
#4380 = CIRCLE ( 'NONE', #7307, 25.64999999999999858 ) ;
#4381 = VERTEX_POINT ( 'NONE', #8701 ) ;
#4382 = ADVANCED_FACE ( 'NONE', ( #6593 ), #5821, .T. ) ;
#4383 = DIRECTION ( 'NONE',  ( 1.220876328034559909E-16, -6.784746809677710063E-18, -1.000000000000000000 ) ) ;
#4384 = DIRECTION ( 'NONE',  ( 0.000000000000000000, 0.000000000000000000, 1.000000000000000000 ) ) ;
#4385 = CARTESIAN_POINT ( 'NONE',  ( 0.000000000000000000, 0.000000000000000000, 5.500000953674160087 ) ) ;
#4386 = DIRECTION ( 'NONE',  ( 1.000000000000000000, 0.000000000000000000, 0.000000000000000000 ) ) ;
#4387 = CIRCLE ( 'NONE', #1188, 1.000000000000001776 ) ;
#4388 = DIRECTION ( 'NONE',  ( 0.9733566799329029795, 0.2292962573397054060, 0.000000000000000000 ) ) ;
#4389 = CARTESIAN_POINT ( 'NONE',  ( -11.27047208607698181, 14.09889921082296738, 0.9999999999998441247 ) ) ;
#4390 = EDGE_CURVE ( 'NONE', #7730, #2242, #8906, .T. ) ;
#4391 = CARTESIAN_POINT ( 'NONE',  ( 8.000000000000000000, -9.797174393178825657E-16, -5.499999523163009663 ) ) ;
#4392 = EDGE_CURVE ( 'NONE', #3442, #929, #6154, .T. ) ;
#4393 = EDGE_LOOP ( 'NONE', ( #8518, #6554, #639, #3733 ) ) ;
#4394 = ORIENTED_EDGE ( 'NONE', *, *, #4886, .T. ) ;
#4395 = AXIS2_PLACEMENT_3D ( 'NONE', #848, #233, #4695 ) ;
#4396 = ORIENTED_EDGE ( 'NONE', *, *, #8423, .T. ) ;
#4397 = ORIENTED_EDGE ( 'NONE', *, *, #3283, .T. ) ;
#4398 = FACE_OUTER_BOUND ( 'NONE', #440, .T. ) ;
#4399 = CARTESIAN_POINT ( 'NONE',  ( 18.68410722892538089, -1.333217923193663612, 0.9999999999998441247 ) ) ;
#4400 = DIRECTION ( 'NONE',  ( 0.000000000000000000, 0.000000000000000000, 1.000000000000000000 ) ) ;
#4401 = AXIS2_PLACEMENT_3D ( 'NONE', #2099, #3533, #8484 ) ;
#4402 = LINE ( 'NONE', #47, #1117 ) ;
#4403 = ORIENTED_EDGE ( 'NONE', *, *, #7238, .T. ) ;
#4404 = ORIENTED_EDGE ( 'NONE', *, *, #9144, .F. ) ;
#4405 = CARTESIAN_POINT ( 'NONE',  ( -2.499999999999988454, 21.40449719101100712, 16.49999856948839749 ) ) ;
#4406 = VERTEX_POINT ( 'NONE', #2845 ) ;
#4407 = AXIS2_PLACEMENT_3D ( 'NONE', #4138, #3508, #7979 ) ;
#4408 = ORIENTED_EDGE ( 'NONE', *, *, #252, .T. ) ;
#4409 = DIRECTION ( 'NONE',  ( 0.000000000000000000, 0.000000000000000000, -1.000000000000000000 ) ) ;
#4410 = ORIENTED_EDGE ( 'NONE', *, *, #8441, .T. ) ;
#4411 = VECTOR ( 'NONE', #1943, 1000.000000000000000 ) ;
#4412 = CARTESIAN_POINT ( 'NONE',  ( 0.000000000000000000, 0.000000000000000000, 22.50000000000000000 ) ) ;
#4413 = DIRECTION ( 'NONE',  ( 0.000000000000000000, 0.000000000000000000, 1.000000000000000000 ) ) ;
#4414 = AXIS2_PLACEMENT_3D ( 'NONE', #4433, #5790, #5975 ) ;
#4415 = VECTOR ( 'NONE', #3218, 1000.000000000000000 ) ;
#4416 = CARTESIAN_POINT ( 'NONE',  ( -10.71501930150438753, -23.01556480047799980, 12.50000095367419917 ) ) ;
#4417 = DIRECTION ( 'NONE',  ( 0.7283034830954154826, 0.6852547238152291165, 0.000000000000000000 ) ) ;
#4418 = CARTESIAN_POINT ( 'NONE',  ( 0.000000000000000000, 0.000000000000000000, 12.50000095367419917 ) ) ;
#4419 = EDGE_CURVE ( 'NONE', #5677, #2300, #8297, .T. ) ;
#4420 = VERTEX_POINT ( 'NONE', #7986 ) ;
#4421 = AXIS2_PLACEMENT_3D ( 'NONE', #1953, #3392, #2002 ) ;
#4422 = ORIENTED_EDGE ( 'NONE', *, *, #8797, .F. ) ;
#4423 = VERTEX_POINT ( 'NONE', #1401 ) ;
#4424 = LINE ( 'NONE', #2220, #7660 ) ;
#4425 = DIRECTION ( 'NONE',  ( 0.000000000000000000, 0.000000000000000000, -1.000000000000000000 ) ) ;
#4426 = AXIS2_PLACEMENT_3D ( 'NONE', #7627, #9012, #139 ) ;
#4427 = DIRECTION ( 'NONE',  ( -0.6852547238152568720, 0.7283034830953893923, 0.000000000000000000 ) ) ;
#4428 = EDGE_LOOP ( 'NONE', ( #2081, #8998, #956, #2700 ) ) ;
#4429 = ORIENTED_EDGE ( 'NONE', *, *, #8395, .T. ) ;
#4430 = DIRECTION ( 'NONE',  ( 0.000000000000000000, 0.000000000000000000, 1.000000000000000000 ) ) ;
#4431 = DIRECTION ( 'NONE',  ( 6.801708676704649362E-17, -6.085529284608839213E-17, -1.000000000000000000 ) ) ;
#4432 = CARTESIAN_POINT ( 'NONE',  ( -1.999999999999988010, 17.93885447847687331, 0.9999999999998441247 ) ) ;
#4433 = CARTESIAN_POINT ( 'NONE',  ( 13.60119746897540871, 20.55796506004192636, 5.500000953674160087 ) ) ;
#4434 = LINE ( 'NONE', #3626, #577 ) ;
#4435 = CARTESIAN_POINT ( 'NONE',  ( 14.15297018576949739, -21.39195958580497603, 5.500000953674160087 ) ) ;
#4436 = PLANE ( 'NONE',  #2661 ) ;
#4437 = EDGE_CURVE ( 'NONE', #8801, #1081, #1544, .T. ) ;
#4438 = VERTEX_POINT ( 'NONE', #7262 ) ;
#4439 = ORIENTED_EDGE ( 'NONE', *, *, #279, .F. ) ;
#4440 = ORIENTED_EDGE ( 'NONE', *, *, #8230, .T. ) ;
#4441 = ORIENTED_EDGE ( 'NONE', *, *, #5178, .T. ) ;
#4442 = CARTESIAN_POINT ( 'NONE',  ( -8.000000000000000000, 0.000000000000000000, -5.499999523163009663 ) ) ;
#4443 = FACE_OUTER_BOUND ( 'NONE', #4536, .T. ) ;
#4444 = DIRECTION ( 'NONE',  ( 0.6852547238153542386, -0.7283034830952977989, 0.000000000000000000 ) ) ;
#4445 = CARTESIAN_POINT ( 'NONE',  ( -13.60119746897600557, 20.55796506004192636, 22.50000000000000000 ) ) ;
#4446 = ORIENTED_EDGE ( 'NONE', *, *, #7383, .F. ) ;
#4447 = ORIENTED_EDGE ( 'NONE', *, *, #3769, .T. ) ;
#4448 = CARTESIAN_POINT ( 'NONE',  ( 0.000000000000000000, 0.000000000000000000, -4.500000000000158984 ) ) ;
#4449 = VECTOR ( 'NONE', #1726, 1000.000000000000000 ) ;
#4450 = ORIENTED_EDGE ( 'NONE', *, *, #4770, .T. ) ;
#4451 = EDGE_CURVE ( 'NONE', #7509, #3126, #3604, .T. ) ;
#4452 = VERTEX_POINT ( 'NONE', #5860 ) ;
#4453 = CARTESIAN_POINT ( 'NONE',  ( 11.89487497173230501, 14.88000166017600101, -10.99999976158160031 ) ) ;
#4454 = ORIENTED_EDGE ( 'NONE', *, *, #5858, .T. ) ;
#4455 = CARTESIAN_POINT ( 'NONE',  ( -22.95281151278301479, 11.44949534515204981, 22.50000000000000000 ) ) ;
#4456 = DIRECTION ( 'NONE',  ( -0.2292962573396013781, 0.9733566799329275154, 0.000000000000000000 ) ) ;
#4457 = CIRCLE ( 'NONE', #4925, 21.55000000000000071 ) ;
#4458 = ADVANCED_FACE ( 'NONE', ( #2213 ), #5135, .F. ) ;
#4459 = LINE ( 'NONE', #8266, #7758 ) ;
#4460 = CARTESIAN_POINT ( 'NONE',  ( 22.05796506004260848, 11.00312125762192750, 12.50000095367419917 ) ) ;
#4461 = CARTESIAN_POINT ( 'NONE',  ( -10.71501930150438220, 23.01556480047699438, 10.50000095367419917 ) ) ;
#4462 = CIRCLE ( 'NONE', #2788, 1.000000000000000888 ) ;
#4463 = EDGE_CURVE ( 'NONE', #1061, #6429, #7998, .T. ) ;
#4464 = VERTEX_POINT ( 'NONE', #648 ) ;
#4465 = ORIENTED_EDGE ( 'NONE', *, *, #3940, .T. ) ;
#4466 = ORIENTED_EDGE ( 'NONE', *, *, #2438, .T. ) ;
#4467 = DIRECTION ( 'NONE',  ( 0.000000000000000000, 0.000000000000000000, -1.000000000000000000 ) ) ;
#4468 = ADVANCED_FACE ( 'NONE', ( #2145 ), #7233, .F. ) ;
#4469 = DIRECTION ( 'NONE',  ( 0.000000000000000000, 0.000000000000000000, 1.000000000000000000 ) ) ;
#4470 = AXIS2_PLACEMENT_3D ( 'NONE', #3479, #7631, #2497 ) ;
#4471 = DIRECTION ( 'NONE',  ( -0.2292962573396013781, 0.9733566799329275154, 0.000000000000000000 ) ) ;
#4472 = ORIENTED_EDGE ( 'NONE', *, *, #1125, .F. ) ;
#4473 = ORIENTED_EDGE ( 'NONE', *, *, #1958, .T. ) ;
#4474 = EDGE_CURVE ( 'NONE', #5575, #1859, #7694, .T. ) ;
#4475 = CIRCLE ( 'NONE', #5708, 1.000000000000001332 ) ;
#4476 = AXIS2_PLACEMENT_3D ( 'NONE', #5198, #2143, #8755 ) ;
#4477 = CARTESIAN_POINT ( 'NONE',  ( 2.500000000000002220, -24.60431872659807340, -4.500000000000158984 ) ) ;
#4478 = CARTESIAN_POINT ( 'NONE',  ( -2.499999999999988454, 24.60431872659696495, 10.50000095367419917 ) ) ;
#4479 = CARTESIAN_POINT ( 'NONE',  ( -14.09889921082299580, -11.27047208607712037, -10.99999976158160031 ) ) ;
#4480 = DIRECTION ( 'NONE',  ( 0.000000000000000000, 0.000000000000000000, 1.000000000000000000 ) ) ;
#4481 = DIRECTION ( 'NONE',  ( -0.2292962573396254977, -0.9733566799329216312, 0.000000000000000000 ) ) ;
#4482 = PLANE ( 'NONE',  #1893 ) ;
#4483 = ORIENTED_EDGE ( 'NONE', *, *, #530, .T. ) ;
#4484 = ORIENTED_EDGE ( 'NONE', *, *, #4779, .T. ) ;
#4485 = ORIENTED_EDGE ( 'NONE', *, *, #1115, .T. ) ;
#4486 = ADVANCED_FACE ( 'NONE', ( #6780 ), #8667, .T. ) ;
#4487 = VECTOR ( 'NONE', #6465, 1000.000000000000000 ) ;
#4488 = DIRECTION ( 'NONE',  ( 0.9733566799329029795, 0.2292962573397054060, 0.000000000000000000 ) ) ;
#4489 = DIRECTION ( 'NONE',  ( 0.000000000000000000, 0.000000000000000000, -1.000000000000000000 ) ) ;
#4490 = FACE_BOUND ( 'NONE', #954, .T. ) ;
#4491 = CARTESIAN_POINT ( 'NONE',  ( -20.55796506004299573, 13.60119746897492377, 22.50000000000000000 ) ) ;
#4492 = EDGE_CURVE ( 'NONE', #5851, #929, #4152, .T. ) ;
#4493 = FACE_OUTER_BOUND ( 'NONE', #5848, .T. ) ;
#4494 = ORIENTED_EDGE ( 'NONE', *, *, #7892, .T. ) ;
#4495 = ORIENTED_EDGE ( 'NONE', *, *, #1450, .F. ) ;
#4496 = LINE ( 'NONE', #3783, #9363 ) ;
#4497 = AXIS2_PLACEMENT_3D ( 'NONE', #9367, #7988, #7940 ) ;
#4498 = ORIENTED_EDGE ( 'NONE', *, *, #6237, .T. ) ;
#4499 = EDGE_CURVE ( 'NONE', #8830, #2194, #3573, .T. ) ;
#4500 = ORIENTED_EDGE ( 'NONE', *, *, #7693, .T. ) ;
#4501 = CARTESIAN_POINT ( 'NONE',  ( -2.499999999999988454, -24.60431872659807340, 10.50000095367419917 ) ) ;
#4502 = ORIENTED_EDGE ( 'NONE', *, *, #7566, .F. ) ;
#4503 = CARTESIAN_POINT ( 'NONE',  ( 14.15297018576960930, -21.39195958580497603, 22.50000000000000000 ) ) ;
#4504 = DIRECTION ( 'NONE',  ( 0.000000000000000000, 0.000000000000000000, 1.000000000000000000 ) ) ;
#4505 = ADVANCED_FACE ( 'NONE', ( #6057 ), #5337, .F. ) ;
#4506 = FACE_OUTER_BOUND ( 'NONE', #3883, .T. ) ;
#4507 = CARTESIAN_POINT ( 'NONE',  ( 0.000000000000000000, 0.000000000000000000, 12.50000095367419917 ) ) ;
#4508 = DIRECTION ( 'NONE',  ( 0.000000000000000000, 0.000000000000000000, -1.000000000000000000 ) ) ;
#4509 = ADVANCED_FACE ( 'NONE', ( #2861 ), #4613, .F. ) ;
#4510 = ORIENTED_EDGE ( 'NONE', *, *, #6535, .T. ) ;
#4511 = AXIS2_PLACEMENT_3D ( 'NONE', #9238, #6222, #369 ) ;
#4512 = AXIS2_PLACEMENT_3D ( 'NONE', #4578, #4624, #8901 ) ;
#4513 = ORIENTED_EDGE ( 'NONE', *, *, #6287, .T. ) ;
#4514 = ORIENTED_EDGE ( 'NONE', *, *, #8243, .F. ) ;
#4515 = FACE_OUTER_BOUND ( 'NONE', #3825, .T. ) ;
#4516 = EDGE_CURVE ( 'NONE', #1730, #7071, #2170, .T. ) ;
#4517 = DIRECTION ( 'NONE',  ( 0.000000000000000000, 0.000000000000000000, -1.000000000000000000 ) ) ;
#4518 = AXIS2_PLACEMENT_3D ( 'NONE', #6900, #2577, #3387 ) ;
#4519 = CARTESIAN_POINT ( 'NONE',  ( 20.05796506004270441, 14.46722287275992258, 5.500000953674160087 ) ) ;
#4520 = ORIENTED_EDGE ( 'NONE', *, *, #5777, .F. ) ;
#4521 = ORIENTED_EDGE ( 'NONE', *, *, #5980, .F. ) ;
#4522 = ADVANCED_FACE ( 'NONE', ( #7957 ), #2813, .T. ) ;
#4523 = VECTOR ( 'NONE', #1172, 1000.000000000000000 ) ;
#4524 = VECTOR ( 'NONE', #6074, 1000.000000000000000 ) ;
#4525 = DIRECTION ( 'NONE',  ( 1.000000000000000000, 0.000000000000000000, 0.000000000000000000 ) ) ;
#4526 = CYLINDRICAL_SURFACE ( 'NONE', #6847, 1.000000000000000888 ) ;
#4527 = DIRECTION ( 'NONE',  ( -0.6852547238152568720, 0.7283034830953893923, 0.000000000000000000 ) ) ;
#4528 = CARTESIAN_POINT ( 'NONE',  ( -7.326798050422994812, 5.912584488048877596, -10.99999976158160031 ) ) ;
#4529 = DIRECTION ( 'NONE',  ( 0.000000000000000000, 0.000000000000000000, 1.000000000000000000 ) ) ;
#4530 = EDGE_CURVE ( 'NONE', #2904, #1203, #3530, .T. ) ;
#4531 = CARTESIAN_POINT ( 'NONE',  ( -3.476193351483996885, 4.890406913857003879, 3.999999999999840572 ) ) ;
#4532 = VECTOR ( 'NONE', #3987, 1000.000000000000000 ) ;
#4533 = AXIS2_PLACEMENT_3D ( 'NONE', #3193, #8803, #8852 ) ;
#4534 = DIRECTION ( 'NONE',  ( 0.000000000000000000, 0.000000000000000000, 1.000000000000000000 ) ) ;
#4535 = ORIENTED_EDGE ( 'NONE', *, *, #8580, .T. ) ;
#4536 = EDGE_LOOP ( 'NONE', ( #543, #5696, #8825, #6932 ) ) ;
#4537 = VECTOR ( 'NONE', #1582, 1000.000000000000000 ) ;
#4538 = CARTESIAN_POINT ( 'NONE',  ( 0.000000000000000000, 0.000000000000000000, 22.50000000000000000 ) ) ;
#4539 = DIRECTION ( 'NONE',  ( 0.000000000000000000, 0.000000000000000000, -1.000000000000000000 ) ) ;
#4540 = DIRECTION ( 'NONE',  ( 0.000000000000000000, 0.000000000000000000, 1.000000000000000000 ) ) ;
#4541 = CARTESIAN_POINT ( 'NONE',  ( 2.228303483095417370, 25.28957345041219185, 10.50000095367419917 ) ) ;
#4542 = CYLINDRICAL_SURFACE ( 'NONE', #9161, 0.9999999999999994449 ) ;
#4543 = CARTESIAN_POINT ( 'NONE',  ( 1.500000000000001332, 24.60431872659696495, 22.50000000000000000 ) ) ;
#4544 = DIRECTION ( 'NONE',  ( 0.000000000000000000, 0.000000000000000000, -1.000000000000000000 ) ) ;
#4545 = CIRCLE ( 'NONE', #568, 1.000000000000000888 ) ;
#4546 = VERTEX_POINT ( 'NONE', #2184 ) ;
#4547 = ORIENTED_EDGE ( 'NONE', *, *, #7876, .F. ) ;
#4548 = CARTESIAN_POINT ( 'NONE',  ( 8.097979530733795173, -6.683765968360955156, 28.99999856948849697 ) ) ;
#4549 = EDGE_LOOP ( 'NONE', ( #311, #567, #7550, #8307 ) ) ;
#4550 = VECTOR ( 'NONE', #7628, 1000.000000000000000 ) ;
#4551 = ORIENTED_EDGE ( 'NONE', *, *, #74, .F. ) ;
#4552 = FACE_OUTER_BOUND ( 'NONE', #104, .T. ) ;
#4553 = AXIS2_PLACEMENT_3D ( 'NONE', #4884, #7863, #1197 ) ;
#4554 = ORIENTED_EDGE ( 'NONE', *, *, #5091, .T. ) ;
#4555 = DIRECTION ( 'NONE',  ( 0.000000000000000000, 0.000000000000000000, -1.000000000000000000 ) ) ;
#4556 = CARTESIAN_POINT ( 'NONE',  ( 0.000000000000000000, 0.000000000000000000, 5.500000953674160087 ) ) ;
#4557 = FACE_OUTER_BOUND ( 'NONE', #5609, .T. ) ;
#4558 = AXIS2_PLACEMENT_3D ( 'NONE', #1734, #1785, #4708 ) ;
#4560 = EDGE_CURVE ( 'NONE', #2194, #4373, #1821, .T. ) ;
#4559 = FACE_OUTER_BOUND ( 'NONE', #1736, .T. ) ;
#4561 = DIRECTION ( 'NONE',  ( 0.000000000000000000, 0.000000000000000000, -1.000000000000000000 ) ) ;
#4562 = CIRCLE ( 'NONE', #7798, 25.64999999999999858 ) ;
#4563 = ORIENTED_EDGE ( 'NONE', *, *, #8900, .T. ) ;
#4564 = EDGE_CURVE ( 'NONE', #481, #7667, #6878, .T. ) ;
#4565 = EDGE_LOOP ( 'NONE', ( #1250, #8938, #5522, #4326 ) ) ;
#4566 = EDGE_LOOP ( 'NONE', ( #7881, #9417, #1902, #5913 ) ) ;
#4567 = EDGE_CURVE ( 'NONE', #4546, #4166, #590, .T. ) ;
#4568 = VECTOR ( 'NONE', #6559, 1000.000000000000000 ) ;
#4569 = CARTESIAN_POINT ( 'NONE',  ( -2.499999999999988454, -21.40449719101100712, 16.49999856948839749 ) ) ;
#4570 = CIRCLE ( 'NONE', #9187, 21.55000000000000071 ) ;
#4571 = CARTESIAN_POINT ( 'NONE',  ( -20.78726131738262239, -14.57455414890895717, -4.500000000000158984 ) ) ;
#4572 = CARTESIAN_POINT ( 'NONE',  ( -2.110803324099991052, 18.93269683185605601, -10.99999976158160031 ) ) ;
#4573 = ORIENTED_EDGE ( 'NONE', *, *, #1575, .T. ) ;
#4574 = ORIENTED_EDGE ( 'NONE', *, *, #5081, .T. ) ;
#4575 = AXIS2_PLACEMENT_3D ( 'NONE', #6957, #6183, #2335 ) ;
#4576 = AXIS2_PLACEMENT_3D ( 'NONE', #8055, #8730, #2246 ) ;
#4577 = VECTOR ( 'NONE', #1593, 1000.000000000000000 ) ;
#4578 = CARTESIAN_POINT ( 'NONE',  ( 0.000000000000000000, 0.000000000000000000, 5.500000953674160087 ) ) ;
#4579 = EDGE_CURVE ( 'NONE', #48, #3233, #9016, .T. ) ;
#4580 = DIRECTION ( 'NONE',  ( 0.000000000000000000, 0.000000000000000000, -1.000000000000000000 ) ) ;
#4581 = CARTESIAN_POINT ( 'NONE',  ( 1.000000000000000888, 17.93885447847687331, 0.9999999999998441247 ) ) ;
#4582 = LINE ( 'NONE', #4678, #1468 ) ;
#4583 = CARTESIAN_POINT ( 'NONE',  ( -3.236245269559040239, -1.894522777708608441, 21.30000023841839862 ) ) ;
#4584 = CIRCLE ( 'NONE', #461, 1.000000000000000222 ) ;
#4585 = DIRECTION ( 'NONE',  ( 0.000000000000000000, 0.000000000000000000, -1.000000000000000000 ) ) ;
#4586 = PLANE ( 'NONE',  #7388 ) ;
#4587 = EDGE_CURVE ( 'NONE', #2778, #7667, #33, .T. ) ;
#4588 = ORIENTED_EDGE ( 'NONE', *, *, #9122, .T. ) ;
#4589 = ORIENTED_EDGE ( 'NONE', *, *, #8640, .F. ) ;
#4590 = DIRECTION ( 'NONE',  ( 0.000000000000000000, 0.000000000000000000, -1.000000000000000000 ) ) ;
#4591 = CARTESIAN_POINT ( 'NONE',  ( 1.000000000000000888, 17.93885447847687331, -10.99999976158160031 ) ) ;
#4592 = CARTESIAN_POINT ( 'NONE',  ( -3.258827488323433830, 1.855409227461041421, 48.05698003239911031 ) ) ;
#4593 = LINE ( 'NONE', #6030, #877 ) ;
#4594 = CYLINDRICAL_SURFACE ( 'NONE', #5017, 0.9999999999999991118 ) ;
#4595 = EDGE_CURVE ( 'NONE', #1152, #5639, #3957, .T. ) ;
#4596 = CARTESIAN_POINT ( 'NONE',  ( 0.000000000000000000, 0.000000000000000000, 5.500000953674160087 ) ) ;
#4597 = DIRECTION ( 'NONE',  ( 0.000000000000000000, 0.000000000000000000, 1.000000000000000000 ) ) ;
#4598 = ORIENTED_EDGE ( 'NONE', *, *, #1528, .T. ) ;
#4599 = VERTEX_POINT ( 'NONE', #1740 ) ;
#4600 = CARTESIAN_POINT ( 'NONE',  ( 25.60246553092200728, -1.560851926977968596, 22.50000000000000000 ) ) ;
#4601 = ORIENTED_EDGE ( 'NONE', *, *, #5509, .F. ) ;
#4602 = VERTEX_POINT ( 'NONE', #9039 ) ;
#4603 = FACE_OUTER_BOUND ( 'NONE', #6332, .T. ) ;
#4604 = VERTEX_POINT ( 'NONE', #2613 ) ;
#4605 = CARTESIAN_POINT ( 'NONE',  ( -3.476193351483996885, 4.890406913857003879, 3.999999999999840572 ) ) ;
#4606 = DIRECTION ( 'NONE',  ( 0.2881019561176164645, 0.9575997404350123920, 0.000000000000000000 ) ) ;
#4607 = DIRECTION ( 'NONE',  ( 0.8660254037844387076, 0.4999999999999998890, 0.000000000000000000 ) ) ;
#4608 = CIRCLE ( 'NONE', #3236, 25.64999999999999858 ) ;
#4609 = DIRECTION ( 'NONE',  ( 0.4999999999999998890, 0.8660254037844387076, 0.000000000000000000 ) ) ;
#4610 = DIRECTION ( 'NONE',  ( 0.000000000000000000, 0.000000000000000000, 1.000000000000000000 ) ) ;
#4611 = VERTEX_POINT ( 'NONE', #1073 ) ;
#4612 = VERTEX_POINT ( 'NONE', #3274 ) ;
#4613 = PLANE ( 'NONE',  #7995 ) ;
#4614 = ORIENTED_EDGE ( 'NONE', *, *, #4055, .F. ) ;
#4615 = AXIS2_PLACEMENT_3D ( 'NONE', #2203, #9355, #2786 ) ;
#4616 = EDGE_CURVE ( 'NONE', #8757, #4135, #9317, .T. ) ;
#4617 = CARTESIAN_POINT ( 'NONE',  ( -10.71501930150438753, -23.01556480047799980, -4.500000000000158984 ) ) ;
#4618 = DIRECTION ( 'NONE',  ( 1.000000000000000000, 0.000000000000000000, 0.000000000000000000 ) ) ;
#4619 = CARTESIAN_POINT ( 'NONE',  ( 8.000000000000000000, -9.797174393178825657E-16, -10.99999976158160031 ) ) ;
#4620 = ORIENTED_EDGE ( 'NONE', *, *, #4327, .F. ) ;
#4621 = ORIENTED_EDGE ( 'NONE', *, *, #7679, .T. ) ;
#4622 = EDGE_CURVE ( 'NONE', #3309, #1384, #7654, .T. ) ;
#4623 = ORIENTED_EDGE ( 'NONE', *, *, #8511, .F. ) ;
#4624 = DIRECTION ( 'NONE',  ( 0.000000000000000000, 0.000000000000000000, 1.000000000000000000 ) ) ;
#4625 = CARTESIAN_POINT ( 'NONE',  ( 1.000000000000000888, 10.45227248018298916, -6.499999761581589652 ) ) ;
#4626 = LINE ( 'NONE', #1603, #9023 ) ;
#4627 = CARTESIAN_POINT ( 'NONE',  ( 1.000000000000000888, 10.45227248018298916, -10.99999976158160031 ) ) ;
#4628 = DIRECTION ( 'NONE',  ( 0.000000000000000000, 0.000000000000000000, 1.000000000000000000 ) ) ;
#4629 = CARTESIAN_POINT ( 'NONE',  ( 0.000000000000000000, 0.000000000000000000, -10.99999976158160031 ) ) ;
#4630 = ORIENTED_EDGE ( 'NONE', *, *, #1894, .T. ) ;
#4631 = ORIENTED_EDGE ( 'NONE', *, *, #3334, .F. ) ;
#4632 = EDGE_CURVE ( 'NONE', #5753, #1340, #8416, .T. ) ;
#4633 = VECTOR ( 'NONE', #906, 1000.000000000000000 ) ;
#4634 = PLANE ( 'NONE',  #4122 ) ;
#4635 = LINE ( 'NONE', #2491, #4684 ) ;
#4636 = FACE_OUTER_BOUND ( 'NONE', #6121, .T. ) ;
#4637 = DIRECTION ( 'NONE',  ( -0.2881019561176164645, 0.9575997404350123920, 0.000000000000000000 ) ) ;
#4638 = EDGE_CURVE ( 'NONE', #5983, #3069, #6883, .T. ) ;
#4639 = CARTESIAN_POINT ( 'NONE',  ( 17.28683832264831111, -12.86731210496705557, 16.49999856948839749 ) ) ;
#4640 = EDGE_CURVE ( 'NONE', #5701, #3309, #6829, .T. ) ;
#4641 = CARTESIAN_POINT ( 'NONE',  ( 0.000000000000000000, 0.000000000000000000, 5.500000953674160087 ) ) ;
#4642 = DIRECTION ( 'NONE',  ( 1.000000000000000000, 0.000000000000000000, 0.000000000000000000 ) ) ;
#4643 = ORIENTED_EDGE ( 'NONE', *, *, #1143, .F. ) ;
#4644 = ORIENTED_EDGE ( 'NONE', *, *, #4177, .T. ) ;
#4645 = CARTESIAN_POINT ( 'NONE',  ( 0.000000000000000000, 0.000000000000000000, 28.99999856948849697 ) ) ;
#4646 = ORIENTED_EDGE ( 'NONE', *, *, #2887, .F. ) ;
#4647 = CIRCLE ( 'NONE', #663, 1.000000000000000888 ) ;
#4648 = ORIENTED_EDGE ( 'NONE', *, *, #7268, .F. ) ;
#4649 = ADVANCED_FACE ( 'NONE', ( #2564 ), #312, .T. ) ;
#4650 = ORIENTED_EDGE ( 'NONE', *, *, #2858, .T. ) ;
#4651 = CARTESIAN_POINT ( 'NONE',  ( -5.912584488049987819, -7.326798050423022346, 28.99999856948849697 ) ) ;
#4652 = ORIENTED_EDGE ( 'NONE', *, *, #3988, .T. ) ;
#4653 = CARTESIAN_POINT ( 'NONE',  ( 24.60431872659751917, -1.500000000000056843, -4.500000000000158984 ) ) ;
#4654 = CARTESIAN_POINT ( 'NONE',  ( 13.60119746897540871, -20.55796506004303836, 10.50000095367419917 ) ) ;
#4655 = EDGE_CURVE ( 'NONE', #6868, #8514, #3947, .T. ) ;
#4656 = CARTESIAN_POINT ( 'NONE',  ( -3.236245269559040239, -1.894522777708608441, 28.99999856948849697 ) ) ;
#4657 = CIRCLE ( 'NONE', #9410, 1.000000000000000888 ) ;
#4658 = ORIENTED_EDGE ( 'NONE', *, *, #5270, .F. ) ;
#4659 = FACE_OUTER_BOUND ( 'NONE', #8374, .T. ) ;
#4660 = VERTEX_POINT ( 'NONE', #5390 ) ;
#4661 = ORIENTED_EDGE ( 'NONE', *, *, #7597, .T. ) ;
#4662 = CARTESIAN_POINT ( 'NONE',  ( 24.60431872659751917, 1.499999999999945821, -4.500000000000158984 ) ) ;
#4663 = ORIENTED_EDGE ( 'NONE', *, *, #7034, .F. ) ;
#4664 = AXIS2_PLACEMENT_3D ( 'NONE', #6003, #965, #8269 ) ;
#4665 = DIRECTION ( 'NONE',  ( 0.2881019561176164645, 0.9575997404350123920, 0.000000000000000000 ) ) ;
#4666 = CARTESIAN_POINT ( 'NONE',  ( -25.60246553092200728, -1.560851926977968596, 10.50000095367419917 ) ) ;
#4667 = EDGE_CURVE ( 'NONE', #7158, #6733, #6110, .T. ) ;
#4668 = DIRECTION ( 'NONE',  ( 1.000000000000000000, -1.836970198721029688E-16, 0.000000000000000000 ) ) ;
#4669 = AXIS2_PLACEMENT_3D ( 'NONE', #4094, #7032, #3378 ) ;
#4670 = VERTEX_POINT ( 'NONE', #1023 ) ;
#4671 = VERTEX_POINT ( 'NONE', #3227 ) ;
#4672 = EDGE_CURVE ( 'NONE', #3549, #6473, #7028, .T. ) ;
#4673 = ORIENTED_EDGE ( 'NONE', *, *, #773, .F. ) ;
#4674 = DIRECTION ( 'NONE',  ( 0.000000000000000000, 0.000000000000000000, -1.000000000000000000 ) ) ;
#4676 = DIRECTION ( 'NONE',  ( 0.000000000000000000, 0.000000000000000000, -1.000000000000000000 ) ) ;
#4675 = AXIS2_PLACEMENT_3D ( 'NONE', #2481, #275, #5405 ) ;
#4677 = PLANE ( 'NONE',  #4885 ) ;
#4678 = CARTESIAN_POINT ( 'NONE',  ( -24.60431872659797747, -2.500000000000057732, 10.50000095367419917 ) ) ;
#4679 = CARTESIAN_POINT ( 'NONE',  ( -0.02258221876439383061, 3.749932005169651195, 48.05698003239911031 ) ) ;
#4680 = CARTESIAN_POINT ( 'NONE',  ( 18.68410722892538089, -1.333217923193662724, 28.99999856948849697 ) ) ;
#4681 = EDGE_CURVE ( 'NONE', #5474, #6305, #7493, .T. ) ;
#4683 = DIRECTION ( 'NONE',  ( 1.000000000000000000, 0.000000000000000000, 0.000000000000000000 ) ) ;
#4682 = CIRCLE ( 'NONE', #695, 25.64999999999999858 ) ;
#4684 = VECTOR ( 'NONE', #3011, 1000.000000000000000 ) ;
#4685 = ORIENTED_EDGE ( 'NONE', *, *, #7733, .T. ) ;
#4686 = EDGE_LOOP ( 'NONE', ( #8199, #1311, #8471, #9405 ) ) ;
#4687 = VECTOR ( 'NONE', #5060, 1000.000000000000000 ) ;
#4688 = CIRCLE ( 'NONE', #4219, 1.000000000000000000 ) ;
#4689 = CARTESIAN_POINT ( 'NONE',  ( -12.26893148769987363, -14.15438635628010466, 28.99999856948849697 ) ) ;
#4690 = DIRECTION ( 'NONE',  ( 0.8660254037844387076, 0.4999999999999998890, 0.000000000000000000 ) ) ;
#4691 = CARTESIAN_POINT ( 'NONE',  ( 13.60119746897540871, 20.55796506004192636, 22.50000000000000000 ) ) ;
#4692 = EDGE_CURVE ( 'NONE', #6429, #7476, #2514, .T. ) ;
#4693 = CARTESIAN_POINT ( 'NONE',  ( 11.44949534515241041, 22.95281151278294374, 22.50000000000000000 ) ) ;
#4694 = AXIS2_PLACEMENT_3D ( 'NONE', #6673, #7306, #7401 ) ;
#4695 = DIRECTION ( 'NONE',  ( 1.000000000000000000, 0.000000000000000000, 0.000000000000000000 ) ) ;
#4696 = EDGE_CURVE ( 'NONE', #4869, #4023, #4562, .T. ) ;
#4697 = DIRECTION ( 'NONE',  ( 0.9575997404350280462, 0.2881019561175639510, 0.000000000000000000 ) ) ;
#4698 = DIRECTION ( 'NONE',  ( 0.2881019561176107469, -0.9575997404350141684, 0.000000000000000000 ) ) ;
#4699 = EDGE_LOOP ( 'NONE', ( #2241, #6851, #3169, #2036, #1650, #2034, #4502, #4979 ) ) ;
#4700 = ORIENTED_EDGE ( 'NONE', *, *, #1876, .T. ) ;
#4701 = CARTESIAN_POINT ( 'NONE',  ( 2.110803324100005263, 18.93269683185605601, -10.99999976158160031 ) ) ;
#4702 = AXIS2_PLACEMENT_3D ( 'NONE', #3091, #1553, #6794 ) ;
#4703 = ORIENTED_EDGE ( 'NONE', *, *, #8780, .T. ) ;
#4704 = ORIENTED_EDGE ( 'NONE', *, *, #7587, .T. ) ;
#4705 = DIRECTION ( 'NONE',  ( 0.9575997404350009568, -0.2881019561176543786, 0.000000000000000000 ) ) ;
#4706 = ORIENTED_EDGE ( 'NONE', *, *, #9123, .T. ) ;
#4707 = CARTESIAN_POINT ( 'NONE',  ( 2.500000000000002220, 24.60431872659696495, 5.500000953674160087 ) ) ;
#4708 = DIRECTION ( 'NONE',  ( -0.9575997404349719799, 0.2881019561177511346, 0.000000000000000000 ) ) ;
#4709 = ADVANCED_FACE ( 'NONE', ( #1169 ), #9085, .T. ) ;
#4710 = VECTOR ( 'NONE', #3497, 1000.000000000000000 ) ;
#4711 = DIRECTION ( 'NONE',  ( 0.4999999999999998890, -0.8660254037844387076, 0.000000000000000000 ) ) ;
#4712 = ORIENTED_EDGE ( 'NONE', *, *, #7717, .T. ) ;
#4713 = CARTESIAN_POINT ( 'NONE',  ( -23.01556480047797137, -10.71501930150428805, 10.50000095367419917 ) ) ;
#4714 = ORIENTED_EDGE ( 'NONE', *, *, #350, .F. ) ;
#4715 = AXIS2_PLACEMENT_3D ( 'NONE', #6712, #8194, #2446 ) ;
#4716 = ORIENTED_EDGE ( 'NONE', *, *, #6226, .T. ) ;
#4717 = DIRECTION ( 'NONE',  ( 0.000000000000000000, 0.000000000000000000, 1.000000000000000000 ) ) ;
#4718 = ORIENTED_EDGE ( 'NONE', *, *, #941, .F. ) ;
#4719 = DIRECTION ( 'NONE',  ( 0.5000000000000003331, 0.8660254037844383745, 0.000000000000000000 ) ) ;
#4720 = AXIS2_PLACEMENT_3D ( 'NONE', #2234, #5111, #8543 ) ;
#4721 = CARTESIAN_POINT ( 'NONE',  ( 17.93885447847770465, 2.000000000000001776, 0.9999999999998441247 ) ) ;
#4722 = VECTOR ( 'NONE', #4128, 1000.000000000000000 ) ;
#4723 = EDGE_CURVE ( 'NONE', #3946, #8109, #8096, .T. ) ;
#4724 = CARTESIAN_POINT ( 'NONE',  ( -13.60119746897600557, -20.55796506004303836, 10.50000095367419917 ) ) ;
#4725 = ORIENTED_EDGE ( 'NONE', *, *, #3595, .F. ) ;
#4726 = EDGE_LOOP ( 'NONE', ( #2062, #4356, #2569, #9312 ) ) ;
#4727 = VECTOR ( 'NONE', #6206, 1000.000000000000000 ) ;
#4728 = ORIENTED_EDGE ( 'NONE', *, *, #6425, .T. ) ;
#4729 = CARTESIAN_POINT ( 'NONE',  ( -14.57455414890895540, -20.78726131738255134, 10.50000095367419917 ) ) ;
#4730 = DIRECTION ( 'NONE',  ( 0.000000000000000000, 0.000000000000000000, 1.000000000000000000 ) ) ;
#4731 = AXIS2_PLACEMENT_3D ( 'NONE', #2087, #4915, #6452 ) ;
#4732 = LINE ( 'NONE', #8431, #3924 ) ;
#4733 = CARTESIAN_POINT ( 'NONE',  ( -1.500000000000001332, -24.60431872659807340, 22.50000000000000000 ) ) ;
#4734 = VECTOR ( 'NONE', #6281, 1000.000000000000000 ) ;
#4735 = DIRECTION ( 'NONE',  ( 0.000000000000000000, 0.000000000000000000, 1.000000000000000000 ) ) ;
#4736 = CIRCLE ( 'NONE', #1505, 1.000000000000000444 ) ;
#4737 = AXIS2_PLACEMENT_3D ( 'NONE', #7982, #2702, #4317 ) ;
#4738 = ORIENTED_EDGE ( 'NONE', *, *, #5869, .F. ) ;
#4739 = VERTEX_POINT ( 'NONE', #402 ) ;
#4740 = PLANE ( 'NONE',  #4575 ) ;
#4741 = CIRCLE ( 'NONE', #5048, 1.000000000000001332 ) ;
#4742 = CARTESIAN_POINT ( 'NONE',  ( 17.93885447847770465, 2.000000000000001776, 0.9999999999998441247 ) ) ;
#4743 = CYLINDRICAL_SURFACE ( 'NONE', #3820, 1.000000000000000222 ) ;
#4744 = DIRECTION ( 'NONE',  ( 0.000000000000000000, 0.000000000000000000, -1.000000000000000000 ) ) ;
#4745 = EDGE_CURVE ( 'NONE', #1829, #732, #9177, .T. ) ;
#4746 = CARTESIAN_POINT ( 'NONE',  ( 1.500000000000001332, 24.60431872659696495, -4.500000000000158984 ) ) ;
#4747 = CARTESIAN_POINT ( 'NONE',  ( 20.55796506004270441, -13.60119746897603399, 12.50000095367419917 ) ) ;
#4748 = CARTESIAN_POINT ( 'NONE',  ( -10.71501930150438753, -23.01556480047799980, 5.500000953674160087 ) ) ;
#4749 = ORIENTED_EDGE ( 'NONE', *, *, #3251, .T. ) ;
#4750 = CIRCLE ( 'NONE', #1843, 21.55000000000000071 ) ;
#4751 = VERTEX_POINT ( 'NONE', #3374 ) ;
#4752 = ORIENTED_EDGE ( 'NONE', *, *, #7747, .T. ) ;
#4753 = ORIENTED_EDGE ( 'NONE', *, *, #5762, .F. ) ;
#4754 = DIRECTION ( 'NONE',  ( 0.000000000000000000, 0.000000000000000000, 1.000000000000000000 ) ) ;
#4755 = DIRECTION ( 'NONE',  ( -0.000000000000000000, -0.000000000000000000, -1.000000000000000000 ) ) ;
#4756 = FACE_OUTER_BOUND ( 'NONE', #1151, .T. ) ;
#4757 = FACE_OUTER_BOUND ( 'NONE', #257, .T. ) ;
#4758 = ORIENTED_EDGE ( 'NONE', *, *, #8746, .T. ) ;
#4759 = CARTESIAN_POINT ( 'NONE',  ( -20.55796506004299573, 13.60119746897492377, 10.50000095367419917 ) ) ;
#4760 = VERTEX_POINT ( 'NONE', #8505 ) ;
#4761 = EDGE_CURVE ( 'NONE', #8007, #2299, #3897, .T. ) ;
#4762 = ORIENTED_EDGE ( 'NONE', *, *, #3932, .F. ) ;
#4763 = CARTESIAN_POINT ( 'NONE',  ( -13.60119746897600557, 20.55796506004192636, 10.50000095367419917 ) ) ;
#4764 = ORIENTED_EDGE ( 'NONE', *, *, #6634, .F. ) ;
#4765 = LINE ( 'NONE', #8462, #2445 ) ;
#4766 = DIRECTION ( 'NONE',  ( 0.000000000000000000, 0.000000000000000000, 1.000000000000000000 ) ) ;
#4767 = EDGE_CURVE ( 'NONE', #6614, #914, #6114, .T. ) ;
#4768 = LINE ( 'NONE', #2658, #8945 ) ;
#4769 = ORIENTED_EDGE ( 'NONE', *, *, #1682, .T. ) ;
#4770 = EDGE_CURVE ( 'NONE', #9252, #1879, #7329, .T. ) ;
#4771 = CARTESIAN_POINT ( 'NONE',  ( -17.93885447847799597, 1.000000000000000888, 28.99999856948849697 ) ) ;
#4772 = CIRCLE ( 'NONE', #2474, 10.50000000000000000 ) ;
#4773 = EDGE_CURVE ( 'NONE', #2988, #8428, #4855, .T. ) ;
#4774 = ORIENTED_EDGE ( 'NONE', *, *, #8960, .F. ) ;
#4775 = CYLINDRICAL_SURFACE ( 'NONE', #7751, 1.000000000000000444 ) ;
#4776 = DIRECTION ( 'NONE',  ( 0.7283034830953664107, -0.6852547238152811859, 0.000000000000000000 ) ) ;
#4777 = FACE_OUTER_BOUND ( 'NONE', #2224, .T. ) ;
#4778 = DIRECTION ( 'NONE',  ( 1.000000000000000000, 0.000000000000000000, 0.000000000000000000 ) ) ;
#4779 = EDGE_CURVE ( 'NONE', #6626, #4546, #5666, .T. ) ;
#4780 = CARTESIAN_POINT ( 'NONE',  ( 14.09889921082331554, 11.27047208607690010, 28.99999856948849697 ) ) ;
#4781 = ORIENTED_EDGE ( 'NONE', *, *, #4013, .T. ) ;
#4782 = DIRECTION ( 'NONE',  ( 1.000000000000000000, 0.000000000000000000, 0.000000000000000000 ) ) ;
#4783 = DIRECTION ( 'NONE',  ( -0.7452527504476756937, 0.6667820768063390524, 0.000000000000000000 ) ) ;
#4784 = CARTESIAN_POINT ( 'NONE',  ( 17.93885447847770465, -2.000000000000001776, 28.99999856948849697 ) ) ;
#4785 = CARTESIAN_POINT ( 'NONE',  ( 13.60119746897540871, -20.55796506004303836, -4.500000000000158984 ) ) ;
#4786 = FACE_BOUND ( 'NONE', #8595, .T. ) ;
#4787 = AXIS2_PLACEMENT_3D ( 'NONE', #6677, #2214, #5137 ) ;
#4788 = CARTESIAN_POINT ( 'NONE',  ( -22.55796506004299928, -10.13709585383804068, -4.500000000000158984 ) ) ;
#4789 = FACE_OUTER_BOUND ( 'NONE', #8793, .T. ) ;
#4790 = VERTEX_POINT ( 'NONE', #7839 ) ;
#4791 = ORIENTED_EDGE ( 'NONE', *, *, #4622, .T. ) ;
#4792 = VECTOR ( 'NONE', #1431, 1000.000000000000000 ) ;
#4793 = ADVANCED_FACE ( 'NONE', ( #7791 ), #7073, .T. ) ;
#4794 = ORIENTED_EDGE ( 'NONE', *, *, #2887, .T. ) ;
#4795 = AXIS2_PLACEMENT_3D ( 'NONE', #3147, #6951, #276 ) ;
#4796 = ORIENTED_EDGE ( 'NONE', *, *, #5523, .T. ) ;
#4797 = DIRECTION ( 'NONE',  ( 0.000000000000000000, 0.000000000000000000, -1.000000000000000000 ) ) ;
#4798 = CARTESIAN_POINT ( 'NONE',  ( -10.13709585383799983, 22.55796506004192992, 10.50000095367419917 ) ) ;
#4799 = CIRCLE ( 'NONE', #5103, 1.000000000000000888 ) ;
#4800 = FACE_OUTER_BOUND ( 'NONE', #4565, .T. ) ;
#4801 = DIRECTION ( 'NONE',  ( 0.9984594016228911517, -0.05548714545602558001, 0.000000000000000000 ) ) ;
#4802 = VECTOR ( 'NONE', #5651, 1000.000000000000000 ) ;
#4803 = ORIENTED_EDGE ( 'NONE', *, *, #8340, .T. ) ;
#4804 = LINE ( 'NONE', #4902, #3131 ) ;
#4805 = ADVANCED_FACE ( 'NONE', ( #675 ), #4221, .F. ) ;
#4806 = ORIENTED_EDGE ( 'NONE', *, *, #132, .T. ) ;
#4807 = ORIENTED_EDGE ( 'NONE', *, *, #2875, .T. ) ;
#4808 = DIRECTION ( 'NONE',  ( 0.6852547238153056108, 0.7283034830953436511, 0.000000000000000000 ) ) ;
#4809 = ORIENTED_EDGE ( 'NONE', *, *, #5466, .T. ) ;
#4810 = CYLINDRICAL_SURFACE ( 'NONE', #5507, 1.000000000000001110 ) ;
#4811 = EDGE_CURVE ( 'NONE', #1422, #5753, #493, .T. ) ;
#4812 = AXIS2_PLACEMENT_3D ( 'NONE', #593, #9465, #776 ) ;
#4813 = CYLINDRICAL_SURFACE ( 'NONE', #6530, 1.000000000000000000 ) ;
#4814 = EDGE_CURVE ( 'NONE', #8927, #8934, #5620, .T. ) ;
#4815 = DIRECTION ( 'NONE',  ( 0.000000000000000000, 0.000000000000000000, 1.000000000000000000 ) ) ;
#4816 = EDGE_LOOP ( 'NONE', ( #1426, #7266, #2890, #852 ) ) ;
#4817 = ORIENTED_EDGE ( 'NONE', *, *, #7650, .F. ) ;
#4818 = AXIS2_PLACEMENT_3D ( 'NONE', #3942, #6825, #868 ) ;
#4819 = ORIENTED_EDGE ( 'NONE', *, *, #3487, .T. ) ;
#4820 = DIRECTION ( 'NONE',  ( -6.123233995736769734E-17, -1.000000000000000000, 0.000000000000000000 ) ) ;
#4821 = CARTESIAN_POINT ( 'NONE',  ( 14.15438635627941899, -12.26893148770000685, 28.99999856948849697 ) ) ;
#4822 = PLANE ( 'NONE',  #2392 ) ;
#4823 = LINE ( 'NONE', #8570, #1770 ) ;
#4824 = VECTOR ( 'NONE', #6142, 1000.000000000000000 ) ;
#4825 = CARTESIAN_POINT ( 'NONE',  ( -14.88000166017700110, -11.89487497173302799, 28.99999856948849697 ) ) ;
#4826 = ADVANCED_FACE ( 'NONE', ( #9264 ), #627, .T. ) ;
#4827 = ORIENTED_EDGE ( 'NONE', *, *, #7346, .F. ) ;
#4828 = CIRCLE ( 'NONE', #1920, 1.000000000000000222 ) ;
#4829 = CARTESIAN_POINT ( 'NONE',  ( 0.000000000000000000, 0.000000000000000000, 12.50000095367419917 ) ) ;
#4830 = CIRCLE ( 'NONE', #1160, 8.000000000000000000 ) ;
#4831 = EDGE_CURVE ( 'NONE', #8657, #1422, #2120, .T. ) ;
#4832 = CARTESIAN_POINT ( 'NONE',  ( -17.93885447847799597, -2.000000000000001776, 28.99999856948849697 ) ) ;
#4833 = CARTESIAN_POINT ( 'NONE',  ( 23.01556480047763742, -10.71501930150547466, 12.50000095367419917 ) ) ;
#4834 = CARTESIAN_POINT ( 'NONE',  ( 14.09889921082331554, 11.27047208607690010, -10.99999976158160031 ) ) ;
#4835 = CARTESIAN_POINT ( 'NONE',  ( 8.000000000000000000, -9.797174393178825657E-16, 11.80000047683700082 ) ) ;
#4836 = CARTESIAN_POINT ( 'NONE',  ( -12.53227575728599419, -13.94648931965902783, 3.999999999999840572 ) ) ;
#4837 = AXIS2_PLACEMENT_3D ( 'NONE', #6307, #8422, #315 ) ;
#4838 = VECTOR ( 'NONE', #963, 1000.000000000000000 ) ;
#4839 = ADVANCED_FACE ( 'NONE', ( #1303 ), #8738, .T. ) ;
#4840 = VERTEX_POINT ( 'NONE', #3415 ) ;
#4841 = EDGE_LOOP ( 'NONE', ( #101, #1083, #753, #4623 ) ) ;
#4842 = ORIENTED_EDGE ( 'NONE', *, *, #7909, .F. ) ;
#4843 = VERTEX_POINT ( 'NONE', #7931 ) ;
#4844 = CARTESIAN_POINT ( 'NONE',  ( 0.000000000000000000, 0.000000000000000000, -4.500000000000158984 ) ) ;
#4845 = AXIS2_PLACEMENT_3D ( 'NONE', #7616, #3721, #838 ) ;
#4846 = CARTESIAN_POINT ( 'NONE',  ( -3.258827488323433830, 1.855409227461041421, 28.99999856948849697 ) ) ;
#4847 = FACE_OUTER_BOUND ( 'NONE', #1892, .T. ) ;
#4848 = PLANE ( 'NONE',  #4370 ) ;
#4849 = CIRCLE ( 'NONE', #8835, 1.000000000000000444 ) ;
#4850 = ORIENTED_EDGE ( 'NONE', *, *, #5516, .F. ) ;
#4851 = CARTESIAN_POINT ( 'NONE',  ( 0.000000000000000000, 0.000000000000000000, 12.50000095367419917 ) ) ;
#4852 = ORIENTED_EDGE ( 'NONE', *, *, #6939, .F. ) ;
#4853 = AXIS2_PLACEMENT_3D ( 'NONE', #1939, #5629, #7706 ) ;
#4854 = ORIENTED_EDGE ( 'NONE', *, *, #195, .T. ) ;
#4855 = LINE ( 'NONE', #2024, #7033 ) ;
#4856 = AXIS2_PLACEMENT_3D ( 'NONE', #1252, #4169, #3446 ) ;
#4857 = ORIENTED_EDGE ( 'NONE', *, *, #5290, .T. ) ;
#4858 = DIRECTION ( 'NONE',  ( -0.9575997404349719799, 0.2881019561177511346, 0.000000000000000000 ) ) ;
#4859 = CYLINDRICAL_SURFACE ( 'NONE', #412, 10.50000000000000000 ) ;
#4860 = LINE ( 'NONE', #9137, #696 ) ;
#4861 = EDGE_CURVE ( 'NONE', #4751, #6669, #7651, .T. ) ;
#4862 = CARTESIAN_POINT ( 'NONE',  ( 0.000000000000000000, 0.000000000000000000, 5.500000953674160087 ) ) ;
#4863 = ORIENTED_EDGE ( 'NONE', *, *, #6678, .T. ) ;
#4864 = AXIS2_PLACEMENT_3D ( 'NONE', #4263, #1478, #7339 ) ;
#4865 = LINE ( 'NONE', #3422, #5430 ) ;
#4866 = EDGE_CURVE ( 'NONE', #7476, #9259, #2699, .T. ) ;
#4867 = EDGE_CURVE ( 'NONE', #6413, #5294, #8859, .T. ) ;
#4868 = VERTEX_POINT ( 'NONE', #7256 ) ;
#4869 = VERTEX_POINT ( 'NONE', #5763 ) ;
#4870 = VECTOR ( 'NONE', #5461, 1000.000000000000000 ) ;
#4871 = LINE ( 'NONE', #4729, #7332 ) ;
#4872 = CYLINDRICAL_SURFACE ( 'NONE', #7335, 1.000000000000000888 ) ;
#4873 = DIRECTION ( 'NONE',  ( 0.000000000000000000, 0.000000000000000000, 1.000000000000000000 ) ) ;
#4874 = CARTESIAN_POINT ( 'NONE',  ( 10.13709585383770673, -22.55796506004303836, -4.500000000000158984 ) ) ;
#4875 = AXIS2_PLACEMENT_3D ( 'NONE', #2956, #793, #7783 ) ;
#4876 = ORIENTED_EDGE ( 'NONE', *, *, #5749, .F. ) ;
#4877 = AXIS2_PLACEMENT_3D ( 'NONE', #2911, #6459, #5107 ) ;
#4878 = EDGE_CURVE ( 'NONE', #2738, #3069, #7212, .T. ) ;
#4879 = LINE ( 'NONE', #4246, #3662 ) ;
#4880 = AXIS2_PLACEMENT_3D ( 'NONE', #1407, #8032, #9373 ) ;
#4881 = FACE_OUTER_BOUND ( 'NONE', #8413, .T. ) ;
#4882 = DIRECTION ( 'NONE',  ( 0.000000000000000000, 0.000000000000000000, 1.000000000000000000 ) ) ;
#4883 = PLANE ( 'NONE',  #5169 ) ;
#4884 = CARTESIAN_POINT ( 'NONE',  ( 24.60431872659751917, -1.500000000000056843, 10.50000095367419917 ) ) ;
#4885 = AXIS2_PLACEMENT_3D ( 'NONE', #8233, #1657, #9001 ) ;
#4886 = EDGE_CURVE ( 'NONE', #3273, #401, #133, .T. ) ;
#4887 = CIRCLE ( 'NONE', #2896, 0.9999999999999991118 ) ;
#4888 = DIRECTION ( 'NONE',  ( -0.9575997404349719799, 0.2881019561177511346, 0.000000000000000000 ) ) ;
#4889 = ORIENTED_EDGE ( 'NONE', *, *, #3251, .F. ) ;
#4890 = VERTEX_POINT ( 'NONE', #3598 ) ;
#4891 = VECTOR ( 'NONE', #2765, 1000.000000000000000 ) ;
#4892 = ORIENTED_EDGE ( 'NONE', *, *, #490, .T. ) ;
#4893 = VECTOR ( 'NONE', #3802, 1000.000000000000000 ) ;
#4894 = EDGE_LOOP ( 'NONE', ( #3836, #9219, #102, #6470 ) ) ;
#4895 = CARTESIAN_POINT ( 'NONE',  ( 14.88000166017640424, -11.89487497173302799, -10.99999976158160031 ) ) ;
#4896 = ADVANCED_FACE ( 'NONE', ( #6533 ), #2889, .F. ) ;
#4897 = CARTESIAN_POINT ( 'NONE',  ( 20.78726131738230620, 14.57455414890785050, 22.50000000000000000 ) ) ;
#4898 = PLANE ( 'NONE',  #2422 ) ;
#4899 = AXIS2_PLACEMENT_3D ( 'NONE', #2442, #3207, #6029 ) ;
#4900 = DIRECTION ( 'NONE',  ( -0.2292962573396013781, 0.9733566799329275154, 0.000000000000000000 ) ) ;
#4901 = ORIENTED_EDGE ( 'NONE', *, *, #9451, .T. ) ;
#4902 = CARTESIAN_POINT ( 'NONE',  ( 1.560851926977996351, -25.60246553092204636, 10.50000095367419917 ) ) ;
#4903 = ORIENTED_EDGE ( 'NONE', *, *, #2703, .F. ) ;
#4904 = ORIENTED_EDGE ( 'NONE', *, *, #1682, .F. ) ;
#4905 = CARTESIAN_POINT ( 'NONE',  ( 0.000000000000000000, 0.000000000000000000, 22.50000000000000000 ) ) ;
#4906 = EDGE_LOOP ( 'NONE', ( #3734, #5117, #7652, #833 ) ) ;
#4907 = DIRECTION ( 'NONE',  ( -0.4999999999999998890, 0.8660254037844387076, 0.000000000000000000 ) ) ;
#4908 = CYLINDRICAL_SURFACE ( 'NONE', #6687, 0.9999999999999998890 ) ;
#4909 = CYLINDRICAL_SURFACE ( 'NONE', #2534, 1.000000000000000888 ) ;
#4910 = DIRECTION ( 'NONE',  ( 0.7071067811865474617, -0.7071067811865474617, 0.000000000000000000 ) ) ;
#4911 = ORIENTED_EDGE ( 'NONE', *, *, #5583, .T. ) ;
#4912 = CARTESIAN_POINT ( 'NONE',  ( -23.01556480047799624, 10.71501930150425963, 10.50000095367419917 ) ) ;
#4913 = ORIENTED_EDGE ( 'NONE', *, *, #9336, .F. ) ;
#4914 = VERTEX_POINT ( 'NONE', #6586 ) ;
#4915 = DIRECTION ( 'NONE',  ( 0.000000000000000000, 0.000000000000000000, 1.000000000000000000 ) ) ;
#4916 = CARTESIAN_POINT ( 'NONE',  ( -2.499999999999988454, -21.40449719101200543, 12.50000095367419917 ) ) ;
#4917 = DIRECTION ( 'NONE',  ( 1.000000000000000000, 0.000000000000000000, 0.000000000000000000 ) ) ;
#4918 = FACE_OUTER_BOUND ( 'NONE', #9036, .T. ) ;
#4919 = AXIS2_PLACEMENT_3D ( 'NONE', #7309, #2796, #4230 ) ;
#4920 = ORIENTED_EDGE ( 'NONE', *, *, #2705, .T. ) ;
#4921 = DIRECTION ( 'NONE',  ( 0.000000000000000000, 0.000000000000000000, 1.000000000000000000 ) ) ;
#4922 = CARTESIAN_POINT ( 'NONE',  ( 1.500000000000001332, -24.60431872659807340, 12.50000095367419917 ) ) ;
#4923 = DIRECTION ( 'NONE',  ( 0.7452527504476756937, 0.6667820768063390524, 0.000000000000000000 ) ) ;
#4924 = DIRECTION ( 'NONE',  ( 0.000000000000000000, 0.000000000000000000, -1.000000000000000000 ) ) ;
#4925 = AXIS2_PLACEMENT_3D ( 'NONE', #8922, #8112, #6624 ) ;
#4926 = DIRECTION ( 'NONE',  ( 0.000000000000000000, 0.000000000000000000, -1.000000000000000000 ) ) ;
#4927 = DIRECTION ( 'NONE',  ( 0.000000000000000000, 0.000000000000000000, 1.000000000000000000 ) ) ;
#4929 = EDGE_CURVE ( 'NONE', #9326, #7104, #8018, .T. ) ;
#4928 = VECTOR ( 'NONE', #4322, 1000.000000000000000 ) ;
#4930 = ORIENTED_EDGE ( 'NONE', *, *, #4723, .F. ) ;
#4931 = ORIENTED_EDGE ( 'NONE', *, *, #7349, .F. ) ;
#4932 = ORIENTED_EDGE ( 'NONE', *, *, #6188, .T. ) ;
#4933 = EDGE_CURVE ( 'NONE', #9423, #9252, #3648, .T. ) ;
#4934 = EDGE_CURVE ( 'NONE', #6148, #2851, #4736, .T. ) ;
#4935 = ORIENTED_EDGE ( 'NONE', *, *, #1576, .T. ) ;
#4936 = LINE ( 'NONE', #7870, #4124 ) ;
#4937 = DIRECTION ( 'NONE',  ( 5.444759314767189740E-17, 6.085529284608649393E-17, -1.000000000000000000 ) ) ;
#4938 = DIRECTION ( 'NONE',  ( 0.05548714545610360788, -0.9984594016228869329, 0.000000000000000000 ) ) ;
#4939 = ORIENTED_EDGE ( 'NONE', *, *, #2289, .T. ) ;
#4940 = DIRECTION ( 'NONE',  ( 0.000000000000000000, 0.000000000000000000, -1.000000000000000000 ) ) ;
#4941 = ADVANCED_FACE ( 'NONE', ( #4552 ), #815, .T. ) ;
#4942 = ORIENTED_EDGE ( 'NONE', *, *, #5762, .T. ) ;
#4943 = AXIS2_PLACEMENT_3D ( 'NONE', #4445, #7389, #6763 ) ;
#4944 = ORIENTED_EDGE ( 'NONE', *, *, #3296, .T. ) ;
#4945 = DIRECTION ( 'NONE',  ( -0.8660254037844387076, 0.4999999999999998890, 0.000000000000000000 ) ) ;
#4946 = ORIENTED_EDGE ( 'NONE', *, *, #2548, .F. ) ;
#4947 = EDGE_CURVE ( 'NONE', #373, #2299, #2931, .T. ) ;
#4948 = CYLINDRICAL_SURFACE ( 'NONE', #3773, 0.9999999999999995559 ) ;
#4949 = DIRECTION ( 'NONE',  ( 0.000000000000000000, 0.000000000000000000, 1.000000000000000000 ) ) ;
#4950 = DIRECTION ( 'NONE',  ( -0.6667820768063215109, 0.7452527504476912368, 0.000000000000000000 ) ) ;
#4951 = DIRECTION ( 'NONE',  ( 0.000000000000000000, 0.000000000000000000, -1.000000000000000000 ) ) ;
#4952 = CARTESIAN_POINT ( 'NONE',  ( -7.778600389871992427, -7.377728374959979796, 5.500000953674160087 ) ) ;
#4953 = VERTEX_POINT ( 'NONE', #6722 ) ;
#4954 = FACE_OUTER_BOUND ( 'NONE', #1486, .T. ) ;
#4955 = ORIENTED_EDGE ( 'NONE', *, *, #7106, .F. ) ;
#4956 = ORIENTED_EDGE ( 'NONE', *, *, #891, .T. ) ;
#4957 = CARTESIAN_POINT ( 'NONE',  ( 10.45227248018340482, 1.000000000000000888, 28.99999856948849697 ) ) ;
#4958 = CARTESIAN_POINT ( 'NONE',  ( -7.778600389871992427, -7.377728374959979796, 12.50000095367419917 ) ) ;
#4959 = DIRECTION ( 'NONE',  ( -0.7283034830953664107, -0.6852547238152811859, 0.000000000000000000 ) ) ;
#4960 = CARTESIAN_POINT ( 'NONE',  ( 20.55796506004270441, 13.60119746897492377, 5.500000953674160087 ) ) ;
#4961 = EDGE_CURVE ( 'NONE', #858, #5287, #3117, .T. ) ;
#4962 = AXIS2_PLACEMENT_3D ( 'NONE', #7889, #4368, #4231 ) ;
#4963 = VERTEX_POINT ( 'NONE', #5180 ) ;
#4964 = CARTESIAN_POINT ( 'NONE',  ( 10.13709585383761080, 22.55796506004192992, 12.50000095367419917 ) ) ;
#4965 = CARTESIAN_POINT ( 'NONE',  ( -8.537185086043994175, 19.78683832264804821, 16.49999856948839749 ) ) ;
#4966 = DIRECTION ( 'NONE',  ( -1.000000000000000000, 0.000000000000000000, 0.000000000000000000 ) ) ;
#4967 = DIRECTION ( 'NONE',  ( 0.000000000000000000, 0.000000000000000000, 1.000000000000000000 ) ) ;
#4968 = CARTESIAN_POINT ( 'NONE',  ( 0.000000000000000000, 0.000000000000000000, -4.500000000000158984 ) ) ;
#4969 = DIRECTION ( 'NONE',  ( 0.9575997404350280462, 0.2881019561175639510, 0.000000000000000000 ) ) ;
#4970 = EDGE_CURVE ( 'NONE', #6115, #5560, #8067, .T. ) ;
#4971 = ORIENTED_EDGE ( 'NONE', *, *, #5027, .F. ) ;
#4972 = VERTEX_POINT ( 'NONE', #7443 ) ;
#4973 = VECTOR ( 'NONE', #3256, 1000.000000000000000 ) ;
#4974 = ORIENTED_EDGE ( 'NONE', *, *, #5586, .T. ) ;
#4975 = EDGE_CURVE ( 'NONE', #786, #9233, #5649, .T. ) ;
#4976 = ADVANCED_FACE ( 'NONE', ( #2164 ), #3740, .T. ) ;
#4977 = EDGE_CURVE ( 'NONE', #8126, #4546, #1532, .T. ) ;
#4978 = PLANE ( 'NONE',  #6123 ) ;
#4979 = ORIENTED_EDGE ( 'NONE', *, *, #5857, .F. ) ;
#4980 = DIRECTION ( 'NONE',  ( -0.9575997404349968489, -0.2881019561176680344, 0.000000000000000000 ) ) ;
#4981 = DIRECTION ( 'NONE',  ( -0.4999999999999998890, -0.8660254037844387076, 0.000000000000000000 ) ) ;
#4982 = VECTOR ( 'NONE', #6702, 1000.000000000000000 ) ;
#4983 = CARTESIAN_POINT ( 'NONE',  ( 1.560851926977996351, 25.60246553092193622, -4.500000000000158984 ) ) ;
#4984 = EDGE_LOOP ( 'NONE', ( #1929, #8078, #3905, #4932 ) ) ;
#4985 = DIRECTION ( 'NONE',  ( 0.000000000000000000, 0.000000000000000000, 1.000000000000000000 ) ) ;
#4986 = CIRCLE ( 'NONE', #6372, 25.64999999999999858 ) ;
#4987 = ORIENTED_EDGE ( 'NONE', *, *, #1999, .T. ) ;
#4988 = VECTOR ( 'NONE', #8524, 1000.000000000000114 ) ;
#4989 = CIRCLE ( 'NONE', #850, 19.05000000000000071 ) ;
#4990 = EDGE_CURVE ( 'NONE', #298, #810, #8564, .T. ) ;
#4991 = ORIENTED_EDGE ( 'NONE', *, *, #2728, .T. ) ;
#4992 = DIRECTION ( 'NONE',  ( 0.000000000000000000, 0.000000000000000000, -1.000000000000000000 ) ) ;
#4993 = ORIENTED_EDGE ( 'NONE', *, *, #2693, .T. ) ;
#4994 = CARTESIAN_POINT ( 'NONE',  ( 22.05796506004260848, 11.00312125762192750, 5.500000953674160087 ) ) ;
#4995 = FACE_OUTER_BOUND ( 'NONE', #5245, .T. ) ;
#4996 = VECTOR ( 'NONE', #7098, 1000.000000000000000 ) ;
#4997 = AXIS2_PLACEMENT_3D ( 'NONE', #4556, #5902, #8785 ) ;
#4998 = CIRCLE ( 'NONE', #6688, 1.000000000000000888 ) ;
#4999 = CARTESIAN_POINT ( 'NONE',  ( -20.05796506004299573, 14.46722287275992258, -4.500000000000158984 ) ) ;
#5000 = DIRECTION ( 'NONE',  ( 0.000000000000000000, 0.000000000000000000, -1.000000000000000000 ) ) ;
#5001 = CARTESIAN_POINT ( 'NONE',  ( 12.86731210496690281, 17.28683832264898967, 22.50000000000000000 ) ) ;
#5002 = FACE_OUTER_BOUND ( 'NONE', #6393, .T. ) ;
#5003 = ORIENTED_EDGE ( 'NONE', *, *, #8618, .T. ) ;
#5004 = DIRECTION ( 'NONE',  ( -1.000000000000000000, 6.123233995736769734E-17, 0.000000000000000000 ) ) ;
#5005 = VECTOR ( 'NONE', #1982, 1000.000000000000000 ) ;
#5006 = ORIENTED_EDGE ( 'NONE', *, *, #2311, .F. ) ;
#5007 = ORIENTED_EDGE ( 'NONE', *, *, #414, .T. ) ;
#5008 = CARTESIAN_POINT ( 'NONE',  ( 11.00312125762210869, -22.05796506004298152, 22.50000000000000000 ) ) ;
#5009 = LINE ( 'NONE', #642, #6275 ) ;
#5010 = EDGE_CURVE ( 'NONE', #356, #4420, #8258, .T. ) ;
#5011 = ADVANCED_FACE ( 'NONE', ( #5899 ), #54, .F. ) ;
#5012 = DIRECTION ( 'NONE',  ( 0.000000000000000000, 0.000000000000000000, -1.000000000000000000 ) ) ;
#5013 = VECTOR ( 'NONE', #5277, 1000.000000000000000 ) ;
#5014 = CARTESIAN_POINT ( 'NONE',  ( -17.28683832264898967, -12.86731210496705557, -4.500000000000158984 ) ) ;
#5015 = ORIENTED_EDGE ( 'NONE', *, *, #423, .F. ) ;
#5016 = AXIS2_PLACEMENT_3D ( 'NONE', #7678, #8247, #232 ) ;
#5017 = AXIS2_PLACEMENT_3D ( 'NONE', #947, #3874, #9206 ) ;
#5018 = DIRECTION ( 'NONE',  ( 0.000000000000000000, 0.000000000000000000, -1.000000000000000000 ) ) ;
#5019 = LINE ( 'NONE', #6460, #9441 ) ;
#5020 = DIRECTION ( 'NONE',  ( 1.000000000000000000, 0.000000000000000000, 0.000000000000000000 ) ) ;
#5021 = CARTESIAN_POINT ( 'NONE',  ( 0.000000000000000000, 0.000000000000000000, 28.99999856948849697 ) ) ;
#5022 = CARTESIAN_POINT ( 'NONE',  ( 14.46722287275990837, -20.05796506004298152, -4.500000000000158984 ) ) ;
#5023 = AXIS2_PLACEMENT_3D ( 'NONE', #5157, #1465, #702 ) ;
#5024 = CARTESIAN_POINT ( 'NONE',  ( -22.05796506004299573, -11.00312125762203941, 10.50000095367419917 ) ) ;
#5025 = ORIENTED_EDGE ( 'NONE', *, *, #6930, .F. ) ;
#5026 = ORIENTED_EDGE ( 'NONE', *, *, #304, .F. ) ;
#5027 = EDGE_CURVE ( 'NONE', #7542, #6319, #2435, .T. ) ;
#5028 = VERTEX_POINT ( 'NONE', #4453 ) ;
#5029 = EDGE_CURVE ( 'NONE', #2910, #8157, #4887, .T. ) ;
#5030 = VECTOR ( 'NONE', #3003, 1000.000000000000000 ) ;
#5031 = CYLINDRICAL_SURFACE ( 'NONE', #455, 1.000000000000000888 ) ;
#5032 = VECTOR ( 'NONE', #8596, 1000.000000000000000 ) ;
#5033 = DIRECTION ( 'NONE',  ( -0.2292962573396254977, -0.9733566799329216312, 0.000000000000000000 ) ) ;
#5034 = CARTESIAN_POINT ( 'NONE',  ( 22.05796506004260848, -11.00312125762303950, 5.500000953674160087 ) ) ;
#5035 = AXIS2_PLACEMENT_3D ( 'NONE', #7087, #6993, #6170 ) ;
#5036 = CARTESIAN_POINT ( 'NONE',  ( -22.05796506004299573, 11.00312125762192750, 12.50000095367419917 ) ) ;
#5037 = ORIENTED_EDGE ( 'NONE', *, *, #6768, .F. ) ;
#5038 = CIRCLE ( 'NONE', #1513, 1.000000000000001110 ) ;
#5039 = DIRECTION ( 'NONE',  ( 0.9733566799329461672, -0.2292962573395214698, 0.000000000000000000 ) ) ;
#5040 = AXIS2_PLACEMENT_3D ( 'NONE', #345, #3265, #9121 ) ;
#5041 = VECTOR ( 'NONE', #27, 1000.000000000000000 ) ;
#5042 = EDGE_CURVE ( 'NONE', #6389, #7302, #2135, .T. ) ;
#5043 = ORIENTED_EDGE ( 'NONE', *, *, #8640, .T. ) ;
#5044 = VERTEX_POINT ( 'NONE', #103 ) ;
#5045 = DIRECTION ( 'NONE',  ( 1.000000000000000000, 0.000000000000000000, 0.000000000000000000 ) ) ;
#5046 = EDGE_LOOP ( 'NONE', ( #628, #6401, #84, #6603 ) ) ;
#5048 = AXIS2_PLACEMENT_3D ( 'NONE', #3542, #2877, #2777 ) ;
#5047 = CARTESIAN_POINT ( 'NONE',  ( -22.05796506004299573, -11.00312125762203941, 5.500000953674160087 ) ) ;
#5049 = DIRECTION ( 'NONE',  ( 0.000000000000000000, 0.000000000000000000, 1.000000000000000000 ) ) ;
#5050 = DIRECTION ( 'NONE',  ( -0.05548714545610360788, 0.9984594016228869329, 0.000000000000000000 ) ) ;
#5051 = DIRECTION ( 'NONE',  ( 1.000000000000000000, 0.000000000000000000, 0.000000000000000000 ) ) ;
#5052 = DIRECTION ( 'NONE',  ( 0.6852547238153542386, -0.7283034830952977989, 0.000000000000000000 ) ) ;
#5053 = CARTESIAN_POINT ( 'NONE',  ( 0.000000000000000000, 0.000000000000000000, -10.99999976158160031 ) ) ;
#5054 = EDGE_CURVE ( 'NONE', #5028, #4331, #3503, .T. ) ;
#5055 = ORIENTED_EDGE ( 'NONE', *, *, #9343, .T. ) ;
#5056 = ORIENTED_EDGE ( 'NONE', *, *, #3716, .T. ) ;
#5057 = ADVANCED_FACE ( 'NONE', ( #8974 ), #8405, .T. ) ;
#5058 = DIRECTION ( 'NONE',  ( 0.000000000000000000, 0.000000000000000000, -1.000000000000000000 ) ) ;
#5059 = EDGE_CURVE ( 'NONE', #2614, #6906, #1830, .T. ) ;
#5060 = DIRECTION ( 'NONE',  ( 0.8660254037844387076, -0.4999999999999998890, 0.000000000000000000 ) ) ;
#5061 = DIRECTION ( 'NONE',  ( 0.000000000000000000, 0.000000000000000000, -1.000000000000000000 ) ) ;
#5062 = ORIENTED_EDGE ( 'NONE', *, *, #6513, .F. ) ;
#5063 = EDGE_CURVE ( 'NONE', #5677, #5161, #3312, .T. ) ;
#5064 = DIRECTION ( 'NONE',  ( 0.6852547238153056108, 0.7283034830953436511, 0.000000000000000000 ) ) ;
#5065 = LINE ( 'NONE', #5689, #7457 ) ;
#5066 = DIRECTION ( 'NONE',  ( 0.000000000000000000, 0.000000000000000000, 1.000000000000000000 ) ) ;
#5067 = CARTESIAN_POINT ( 'NONE',  ( -22.55796506004299928, 10.13709585383704237, -4.500000000000158984 ) ) ;
#5068 = CARTESIAN_POINT ( 'NONE',  ( 0.000000000000000000, 0.000000000000000000, -4.500000000000158984 ) ) ;
#5069 = LINE ( 'NONE', #794, #9466 ) ;
#5070 = EDGE_CURVE ( 'NONE', #3784, #9134, #8260, .T. ) ;
#5071 = FACE_OUTER_BOUND ( 'NONE', #8691, .T. ) ;
#5072 = ORIENTED_EDGE ( 'NONE', *, *, #5523, .F. ) ;
#5073 = ORIENTED_EDGE ( 'NONE', *, *, #4257, .T. ) ;
#5074 = ORIENTED_EDGE ( 'NONE', *, *, #5943, .F. ) ;
#5075 = CIRCLE ( 'NONE', #8600, 25.64999999999999858 ) ;
#5076 = CYLINDRICAL_SURFACE ( 'NONE', #2755, 1.000000000000001332 ) ;
#5077 = FACE_BOUND ( 'NONE', #4699, .T. ) ;
#5078 = LINE ( 'NONE', #8872, #9456 ) ;
#5079 = EDGE_CURVE ( 'NONE', #4452, #9397, #5187, .T. ) ;
#5080 = CARTESIAN_POINT ( 'NONE',  ( 0.000000000000000000, 0.000000000000000000, -10.99999976158160031 ) ) ;
#5081 = EDGE_CURVE ( 'NONE', #2943, #3550, #2741, .T. ) ;
#5082 = VERTEX_POINT ( 'NONE', #957 ) ;
#5083 = CARTESIAN_POINT ( 'NONE',  ( -1.500000000000001332, -24.60431872659807340, 10.50000095367419917 ) ) ;
#5084 = ORIENTED_EDGE ( 'NONE', *, *, #2010, .F. ) ;
#5085 = ORIENTED_EDGE ( 'NONE', *, *, #1430, .T. ) ;
#5086 = CARTESIAN_POINT ( 'NONE',  ( 10.45227248018340482, -1.000000000000000888, -6.499999761581589652 ) ) ;
#5087 = ORIENTED_EDGE ( 'NONE', *, *, #4567, .T. ) ;
#5088 = CARTESIAN_POINT ( 'NONE',  ( 0.000000000000000000, 0.000000000000000000, 28.99999856948849697 ) ) ;
#5089 = DIRECTION ( 'NONE',  ( 0.000000000000000000, 0.000000000000000000, -1.000000000000000000 ) ) ;
#5090 = CARTESIAN_POINT ( 'NONE',  ( 22.95281151278270926, 11.44949534515204981, 10.50000095367419917 ) ) ;
#5091 = EDGE_CURVE ( 'NONE', #9020, #6319, #8308, .T. ) ;
#5092 = DIRECTION ( 'NONE',  ( 0.7452527504477821640, -0.6667820768062199255, 0.000000000000000000 ) ) ;
#5093 = DIRECTION ( 'NONE',  ( 0.000000000000000000, 0.000000000000000000, 1.000000000000000000 ) ) ;
#5094 = DIRECTION ( 'NONE',  ( 0.000000000000000000, 0.000000000000000000, 1.000000000000000000 ) ) ;
#5095 = ORIENTED_EDGE ( 'NONE', *, *, #3693, .T. ) ;
#5096 = AXIS2_PLACEMENT_3D ( 'NONE', #3110, #1524, #2968 ) ;
#5097 = EDGE_CURVE ( 'NONE', #2919, #1393, #1781, .T. ) ;
#5098 = ORIENTED_EDGE ( 'NONE', *, *, #8074, .F. ) ;
#5099 = ORIENTED_EDGE ( 'NONE', *, *, #9467, .F. ) ;
#5100 = FACE_OUTER_BOUND ( 'NONE', #1791, .T. ) ;
#5101 = EDGE_CURVE ( 'NONE', #2332, #5474, #4028, .T. ) ;
#5102 = CARTESIAN_POINT ( 'NONE',  ( 0.000000000000000000, 0.000000000000000000, 22.50000000000000000 ) ) ;
#5103 = AXIS2_PLACEMENT_3D ( 'NONE', #1700, #213, #3135 ) ;
#5104 = CARTESIAN_POINT ( 'NONE',  ( -21.40449719101199122, 2.499999999999946709, -4.500000000000158984 ) ) ;
#5105 = ORIENTED_EDGE ( 'NONE', *, *, #1918, .T. ) ;
#5106 = AXIS2_PLACEMENT_3D ( 'NONE', #8094, #2191, #1514 ) ;
#5107 = DIRECTION ( 'NONE',  ( 0.2292962573396709614, -0.9733566799329110841, 0.000000000000000000 ) ) ;
#5108 = CARTESIAN_POINT ( 'NONE',  ( 12.26893148769999797, 14.15438635627899444, -10.99999976158160031 ) ) ;
#5109 = DIRECTION ( 'NONE',  ( -0.2292962573396254977, -0.9733566799329216312, 0.000000000000000000 ) ) ;
#5110 = CARTESIAN_POINT ( 'NONE',  ( 8.537185086044910776, -19.78683832264904652, 22.50000000000000000 ) ) ;
#5111 = DIRECTION ( 'NONE',  ( 0.000000000000000000, 0.000000000000000000, -1.000000000000000000 ) ) ;
#5112 = FACE_OUTER_BOUND ( 'NONE', #4841, .T. ) ;
#5113 = CARTESIAN_POINT ( 'NONE',  ( -12.67365965879599443, -4.430389469675999337, 12.50000095367419917 ) ) ;
#5114 = VECTOR ( 'NONE', #61, 1000.000000000000000 ) ;
#5115 = ORIENTED_EDGE ( 'NONE', *, *, #5070, .T. ) ;
#5116 = VERTEX_POINT ( 'NONE', #8450 ) ;
#5117 = ORIENTED_EDGE ( 'NONE', *, *, #3514, .F. ) ;
#5118 = AXIS2_PLACEMENT_3D ( 'NONE', #3893, #7450, #6731 ) ;
#5119 = ORIENTED_EDGE ( 'NONE', *, *, #5710, .T. ) ;
#5120 = FACE_OUTER_BOUND ( 'NONE', #3034, .T. ) ;
#5121 = DIRECTION ( 'NONE',  ( 0.05548714545607766335, 0.9984594016228882651, 0.000000000000000000 ) ) ;
#5122 = CARTESIAN_POINT ( 'NONE',  ( 6.683765968360705578, 8.097979530733990572, -6.499999761581589652 ) ) ;
#5123 = ADVANCED_FACE ( 'NONE', ( #4603, #1684 ), #4076, .T. ) ;
#5124 = CIRCLE ( 'NONE', #2830, 1.000000000000001110 ) ;
#5125 = CARTESIAN_POINT ( 'NONE',  ( 21.55000000000000071, 0.000000000000000000, -10.99999976158160031 ) ) ;
#5126 = ORIENTED_EDGE ( 'NONE', *, *, #3035, .F. ) ;
#5127 = LINE ( 'NONE', #8778, #1713 ) ;
#5128 = ORIENTED_EDGE ( 'NONE', *, *, #6211, .T. ) ;
#5129 = EDGE_LOOP ( 'NONE', ( #687, #6217, #6005, #2303, #4857, #8052, #4939, #478, #3294, #7442, #2256, #467, #4901, #3506, #3808, #9191, #6636, #5917, #5740, #7914, #8879, #4728, #1345, #8572, #8218, #6150, #8500, #3331 ) ) ;
#5130 = CARTESIAN_POINT ( 'NONE',  ( -16.80720077974400084, -12.59039324045807540, 16.50000095367419917 ) ) ;
#5131 = ORIENTED_EDGE ( 'NONE', *, *, #9167, .T. ) ;
#5132 = LINE ( 'NONE', #4316, #2250 ) ;
#5133 = DIRECTION ( 'NONE',  ( 1.000000000000000000, 0.000000000000000000, 0.000000000000000000 ) ) ;
#5134 = AXIS2_PLACEMENT_3D ( 'NONE', #1764, #184, #845 ) ;
#5135 = CYLINDRICAL_SURFACE ( 'NONE', #6926, 1.000000000000000888 ) ;
#5136 = AXIS2_PLACEMENT_3D ( 'NONE', #5553, #1954, #6184 ) ;
#5137 = DIRECTION ( 'NONE',  ( 0.05548714545610360788, -0.9984594016228869329, 0.000000000000000000 ) ) ;
#5138 = DIRECTION ( 'NONE',  ( -0.4999999999999998890, 0.8660254037844387076, 0.000000000000000000 ) ) ;
#5139 = CIRCLE ( 'NONE', #2848, 1.000000000000000888 ) ;
#5140 = AXIS2_PLACEMENT_3D ( 'NONE', #2607, #4132, #4801 ) ;
#5141 = VERTEX_POINT ( 'NONE', #7589 ) ;
#5142 = ORIENTED_EDGE ( 'NONE', *, *, #7665, .T. ) ;
#5143 = ORIENTED_EDGE ( 'NONE', *, *, #1455, .T. ) ;
#5144 = EDGE_CURVE ( 'NONE', #6519, #718, #8104, .T. ) ;
#5145 = DIRECTION ( 'NONE',  ( -0.2881019561176164645, 0.9575997404350123920, 0.000000000000000000 ) ) ;
#5146 = VECTOR ( 'NONE', #9284, 1000.000000000000000 ) ;
#5147 = CARTESIAN_POINT ( 'NONE',  ( -11.27047208607698181, 14.09889921082296738, 28.99999856948849697 ) ) ;
#5148 = CARTESIAN_POINT ( 'NONE',  ( 11.44949534515241041, -22.95281151278305742, 12.50000095367419917 ) ) ;
#5149 = ADVANCED_FACE ( 'NONE', ( #1062 ), #6922, .T. ) ;
#5150 = EDGE_CURVE ( 'NONE', #7382, #5256, #3812, .T. ) ;
#5151 = ORIENTED_EDGE ( 'NONE', *, *, #4225, .F. ) ;
#5152 = DIRECTION ( 'NONE',  ( 0.000000000000000000, 0.000000000000000000, 1.000000000000000000 ) ) ;
#5153 = DIRECTION ( 'NONE',  ( 0.000000000000000000, 0.000000000000000000, -1.000000000000000000 ) ) ;
#5154 = CARTESIAN_POINT ( 'NONE',  ( -22.55796506004299928, 10.13709585383704237, 12.50000095367419917 ) ) ;
#5155 = DIRECTION ( 'NONE',  ( 0.000000000000000000, 0.000000000000000000, 1.000000000000000000 ) ) ;
#5156 = VECTOR ( 'NONE', #8784, 1000.000000000000000 ) ;
#5157 = CARTESIAN_POINT ( 'NONE',  ( 0.000000000000000000, 0.000000000000000000, -4.500000000000158984 ) ) ;
#5158 = PLANE ( 'NONE',  #6231 ) ;
#5159 = DIRECTION ( 'NONE',  ( 0.7071067811865480168, 0.7071067811865470176, 8.659560562354929160E-17 ) ) ;
#5160 = ORIENTED_EDGE ( 'NONE', *, *, #4280, .F. ) ;
#5161 = VERTEX_POINT ( 'NONE', #7541 ) ;
#5162 = EDGE_CURVE ( 'NONE', #2789, #1474, #7688, .T. ) ;
#5163 = ORIENTED_EDGE ( 'NONE', *, *, #5029, .F. ) ;
#5164 = ORIENTED_EDGE ( 'NONE', *, *, #8627, .T. ) ;
#5165 = PLANE ( 'NONE',  #5962 ) ;
#5166 = EDGE_CURVE ( 'NONE', #313, #3262, #6871, .T. ) ;
#5167 = CARTESIAN_POINT ( 'NONE',  ( -12.26893148769987363, 14.15438635627899444, 0.9999999999998441247 ) ) ;
#5168 = LINE ( 'NONE', #8146, #2576 ) ;
#5169 = AXIS2_PLACEMENT_3D ( 'NONE', #2768, #1146, #7823 ) ;
#5170 = ADVANCED_FACE ( 'NONE', ( #6149 ), #9075, .T. ) ;
#5171 = CARTESIAN_POINT ( 'NONE',  ( -25.60246553092200728, 1.560851926976969395, 12.50000095367419917 ) ) ;
#5172 = ORIENTED_EDGE ( 'NONE', *, *, #4332, .F. ) ;
#5173 = ORIENTED_EDGE ( 'NONE', *, *, #3950, .T. ) ;
#5174 = CARTESIAN_POINT ( 'NONE',  ( -8.537185086044992488, 19.78683832264904652, -4.500000000000158984 ) ) ;
#5175 = CIRCLE ( 'NONE', #1050, 1.000000000000000888 ) ;
#5176 = ORIENTED_EDGE ( 'NONE', *, *, #7693, .F. ) ;
#5177 = VECTOR ( 'NONE', #2790, 1000.000000000000000 ) ;
#5178 = EDGE_CURVE ( 'NONE', #8705, #342, #3968, .T. ) ;
#5179 = VERTEX_POINT ( 'NONE', #8587 ) ;
#5180 = CARTESIAN_POINT ( 'NONE',  ( 6.683765968360705578, 8.097979530733990572, 28.99999856948849697 ) ) ;
#5181 = ORIENTED_EDGE ( 'NONE', *, *, #3671, .T. ) ;
#5182 = CIRCLE ( 'NONE', #895, 21.55000000000000071 ) ;
#5183 = LINE ( 'NONE', #771, #4537 ) ;
#5184 = CARTESIAN_POINT ( 'NONE',  ( 17.28683832264900389, -12.86731210496705557, 12.50000095367419917 ) ) ;
#5185 = ADVANCED_FACE ( 'NONE', ( #1387 ), #619, .T. ) ;
#5186 = CIRCLE ( 'NONE', #7955, 1.000000000000000888 ) ;
#5187 = CIRCLE ( 'NONE', #7193, 0.9999999999999994449 ) ;
#5188 = LINE ( 'NONE', #3121, #4838 ) ;
#5189 = CARTESIAN_POINT ( 'NONE',  ( 0.000000000000000000, 0.000000000000000000, 12.50000095367419917 ) ) ;
#5190 = FACE_OUTER_BOUND ( 'NONE', #5536, .T. ) ;
#5191 = EDGE_LOOP ( 'NONE', ( #1926, #4181, #4408, #9468 ) ) ;
#5192 = VECTOR ( 'NONE', #7625, 1000.000000000000000 ) ;
#5193 = VERTEX_POINT ( 'NONE', #1968 ) ;
#5194 = ORIENTED_EDGE ( 'NONE', *, *, #3796, .T. ) ;
#5195 = DIRECTION ( 'NONE',  ( 0.9575997404350009568, -0.2881019561176543786, 0.000000000000000000 ) ) ;
#5196 = CARTESIAN_POINT ( 'NONE',  ( -17.28683832264898967, 12.86731210496694366, -4.500000000000158984 ) ) ;
#5197 = CIRCLE ( 'NONE', #754, 21.55000000000000071 ) ;
#5198 = CARTESIAN_POINT ( 'NONE',  ( 0.000000000000000000, 0.000000000000000000, 12.50000095367419917 ) ) ;
#5199 = ORIENTED_EDGE ( 'NONE', *, *, #704, .T. ) ;
#5200 = EDGE_CURVE ( 'NONE', #1022, #1859, #1294, .T. ) ;
#5201 = EDGE_LOOP ( 'NONE', ( #7727, #8282, #3217, #4244, #2362, #5487, #2216, #2347 ) ) ;
#5202 = EDGE_CURVE ( 'NONE', #9026, #4464, #8634, .T. ) ;
#5203 = LINE ( 'NONE', #3000, #2559 ) ;
#5204 = LINE ( 'NONE', #8947, #5615 ) ;
#5205 = DIRECTION ( 'NONE',  ( 0.000000000000000000, 0.000000000000000000, -1.000000000000000000 ) ) ;
#5206 = DIRECTION ( 'NONE',  ( 0.000000000000000000, 0.000000000000000000, 1.000000000000000000 ) ) ;
#5207 = CARTESIAN_POINT ( 'NONE',  ( -1.500000000000001332, -24.60431872659807340, 12.50000095367419917 ) ) ;
#5208 = CARTESIAN_POINT ( 'NONE',  ( -11.00312125762199855, -22.05796506004298152, 12.50000095367419917 ) ) ;
#5209 = EDGE_CURVE ( 'NONE', #4660, #7726, #7658, .T. ) ;
#5210 = VERTEX_POINT ( 'NONE', #4210 ) ;
#5211 = VERTEX_POINT ( 'NONE', #7246 ) ;
#5212 = ORIENTED_EDGE ( 'NONE', *, *, #2297, .F. ) ;
#5213 = DIRECTION ( 'NONE',  ( 0.000000000000000000, 0.000000000000000000, 1.000000000000000000 ) ) ;
#5214 = CARTESIAN_POINT ( 'NONE',  ( -16.80720077974400084, -12.59039324045807540, 16.50000095367419917 ) ) ;
#5215 = LINE ( 'NONE', #5167, #7789 ) ;
#5216 = DIRECTION ( 'NONE',  ( 0.000000000000000000, 0.000000000000000000, -1.000000000000000000 ) ) ;
#5217 = EDGE_CURVE ( 'NONE', #6585, #7977, #665, .T. ) ;
#5218 = DIRECTION ( 'NONE',  ( 0.000000000000000000, 0.000000000000000000, -1.000000000000000000 ) ) ;
#5219 = VERTEX_POINT ( 'NONE', #5747 ) ;
#5220 = VERTEX_POINT ( 'NONE', #2687 ) ;
#5221 = DIRECTION ( 'NONE',  ( -1.000000000000000000, 0.000000000000000000, 0.000000000000000000 ) ) ;
#5222 = AXIS2_PLACEMENT_3D ( 'NONE', #1308, #2897, #7887 ) ;
#5223 = VERTEX_POINT ( 'NONE', #4895 ) ;
#5224 = EDGE_CURVE ( 'NONE', #1393, #6159, #2057, .T. ) ;
#5225 = EDGE_LOOP ( 'NONE', ( #5674, #8205, #7126, #8027, #6337, #4275, #6099, #6664 ) ) ;
#5226 = CARTESIAN_POINT ( 'NONE',  ( 13.60119746897540871, -20.55796506004303836, 5.500000953674160087 ) ) ;
#5227 = VERTEX_POINT ( 'NONE', #5610 ) ;
#5228 = DIRECTION ( 'NONE',  ( 0.000000000000000000, 0.000000000000000000, 1.000000000000000000 ) ) ;
#5229 = CARTESIAN_POINT ( 'NONE',  ( 2.500000000000002220, 24.60431872659696495, 10.50000095367419917 ) ) ;
#5230 = CIRCLE ( 'NONE', #1103, 1.000000000000000444 ) ;
#5231 = CARTESIAN_POINT ( 'NONE',  ( 10.27860038987220292, -3.047601356037987763, 22.50000000000000000 ) ) ;
#5232 = EDGE_CURVE ( 'NONE', #300, #3941, #1363, .T. ) ;
#5233 = CARTESIAN_POINT ( 'NONE',  ( -11.44949534515199474, 22.95281151278294374, 5.500000953674160087 ) ) ;
#5234 = DIRECTION ( 'NONE',  ( 1.000000000000000000, 0.000000000000000000, 0.000000000000000000 ) ) ;
#5235 = AXIS2_PLACEMENT_3D ( 'NONE', #6177, #5305, #3245 ) ;
#5236 = ORIENTED_EDGE ( 'NONE', *, *, #6193, .T. ) ;
#5237 = EDGE_CURVE ( 'NONE', #4953, #154, #4570, .T. ) ;
#5238 = ORIENTED_EDGE ( 'NONE', *, *, #1813, .T. ) ;
#5239 = EDGE_LOOP ( 'NONE', ( #6643, #8769, #2152, #2513 ) ) ;
#5240 = CARTESIAN_POINT ( 'NONE',  ( -10.13709585383799983, -22.55796506004303836, 12.50000095367419917 ) ) ;
#5241 = AXIS2_PLACEMENT_3D ( 'NONE', #918, #2983, #159 ) ;
#5242 = CARTESIAN_POINT ( 'NONE',  ( 0.000000000000000000, 0.000000000000000000, -4.500000000000158984 ) ) ;
#5243 = AXIS2_PLACEMENT_3D ( 'NONE', #8397, #1723, #4642 ) ;
#5244 = DIRECTION ( 'NONE',  ( 0.4999999999999998890, 0.8660254037844387076, 0.000000000000000000 ) ) ;
#5245 = EDGE_LOOP ( 'NONE', ( #2664, #215, #3024, #8315, #8911, #3838, #196, #8768 ) ) ;
#5246 = ORIENTED_EDGE ( 'NONE', *, *, #1381, .F. ) ;
#5247 = AXIS2_PLACEMENT_3D ( 'NONE', #8847, #1547, #4471 ) ;
#5248 = DIRECTION ( 'NONE',  ( 0.000000000000000000, 0.000000000000000000, 1.000000000000000000 ) ) ;
#5249 = DIRECTION ( 'NONE',  ( 1.836970198721029688E-16, 1.000000000000000000, 2.249639673992789970E-32 ) ) ;
#5250 = CARTESIAN_POINT ( 'NONE',  ( -19.78683832264900744, -8.537185086044951632, 5.500000953674160087 ) ) ;
#5251 = CARTESIAN_POINT ( 'NONE',  ( 19.78683832264890796, -8.537185086044951632, -4.500000000000158984 ) ) ;
#5252 = CARTESIAN_POINT ( 'NONE',  ( -12.67365965879599443, -4.430389469675999337, 22.50000000000000000 ) ) ;
#5253 = EDGE_CURVE ( 'NONE', #9020, #8155, #450, .T. ) ;
#5254 = CARTESIAN_POINT ( 'NONE',  ( -17.93885447847799597, -1.000000000000000888, 0.9999999999998441247 ) ) ;
#5255 = ORIENTED_EDGE ( 'NONE', *, *, #8477, .F. ) ;
#5256 = VERTEX_POINT ( 'NONE', #8495 ) ;
#5257 = ORIENTED_EDGE ( 'NONE', *, *, #2386, .T. ) ;
#5258 = FACE_OUTER_BOUND ( 'NONE', #3363, .T. ) ;
#5259 = AXIS2_PLACEMENT_3D ( 'NONE', #565, #3488, #4252 ) ;
#5260 = CARTESIAN_POINT ( 'NONE',  ( -13.39179242963699146, -11.97757886726402710, -10.99999976158160031 ) ) ;
#5261 = CARTESIAN_POINT ( 'NONE',  ( -10.45227248018298916, 1.000000000000000888, 28.99999856948849697 ) ) ;
#5262 = DIRECTION ( 'NONE',  ( 0.000000000000000000, 0.000000000000000000, -1.000000000000000000 ) ) ;
#5263 = EDGE_CURVE ( 'NONE', #8068, #9222, #3406, .T. ) ;
#5264 = CARTESIAN_POINT ( 'NONE',  ( -7.326798050422994812, 5.912584488048877596, 28.99999856948849697 ) ) ;
#5265 = LINE ( 'NONE', #5314, #76 ) ;
#5266 = CARTESIAN_POINT ( 'NONE',  ( 8.537185086044910776, -19.78683832264904652, 5.500000953674160087 ) ) ;
#5267 = ORIENTED_EDGE ( 'NONE', *, *, #9379, .T. ) ;
#5268 = ORIENTED_EDGE ( 'NONE', *, *, #4057, .F. ) ;
#5269 = FACE_OUTER_BOUND ( 'NONE', #1202, .T. ) ;
#5270 = EDGE_CURVE ( 'NONE', #3996, #1190, #1207, .T. ) ;
#5271 = EDGE_CURVE ( 'NONE', #718, #398, #9253, .T. ) ;
#5272 = AXIS2_PLACEMENT_3D ( 'NONE', #2174, #730, #8704 ) ;
#5273 = ORIENTED_EDGE ( 'NONE', *, *, #6250, .F. ) ;
#5274 = ORIENTED_EDGE ( 'NONE', *, *, #5144, .T. ) ;
#5275 = DIRECTION ( 'NONE',  ( -0.7283034830954149275, 0.6852547238152297826, 0.000000000000000000 ) ) ;
#5276 = ORIENTED_EDGE ( 'NONE', *, *, #3792, .F. ) ;
#5277 = DIRECTION ( 'NONE',  ( 0.000000000000000000, 0.000000000000000000, -1.000000000000000000 ) ) ;
#5278 = LINE ( 'NONE', #3791, #2067 ) ;
#5279 = AXIS2_PLACEMENT_3D ( 'NONE', #6810, #235, #2634 ) ;
#5280 = CARTESIAN_POINT ( 'NONE',  ( -2.499999999999988454, -26.38181191654598479, 16.50000095367419917 ) ) ;
#5281 = CARTESIAN_POINT ( 'NONE',  ( 21.39195958580511459, -14.15297018576999832, 12.50000095367419917 ) ) ;
#5282 = CARTESIAN_POINT ( 'NONE',  ( 0.000000000000000000, 0.000000000000000000, 22.50000000000000000 ) ) ;
#5283 = VERTEX_POINT ( 'NONE', #2828 ) ;
#5284 = EDGE_CURVE ( 'NONE', #3714, #5753, #8086, .T. ) ;
#5285 = AXIS2_PLACEMENT_3D ( 'NONE', #6797, #1711, #3964 ) ;
#5286 = CIRCLE ( 'NONE', #394, 1.000000000000000222 ) ;
#5287 = VERTEX_POINT ( 'NONE', #9301 ) ;
#5288 = EDGE_LOOP ( 'NONE', ( #5949, #1128, #7445, #7536, #6133, #8354, #566, #2275 ) ) ;
#5289 = CARTESIAN_POINT ( 'NONE',  ( 22.05796506004260848, 11.00312125762192750, 22.50000000000000000 ) ) ;
#5290 = EDGE_CURVE ( 'NONE', #3809, #7509, #5658, .T. ) ;
#5291 = DIRECTION ( 'NONE',  ( 0.000000000000000000, 0.000000000000000000, -1.000000000000000000 ) ) ;
#5292 = CIRCLE ( 'NONE', #8821, 1.000000000000000000 ) ;
#5293 = CARTESIAN_POINT ( 'NONE',  ( 0.000000000000000000, 0.000000000000000000, -5.499999523163009663 ) ) ;
#5294 = VERTEX_POINT ( 'NONE', #571 ) ;
#5295 = VERTEX_POINT ( 'NONE', #3496 ) ;
#5296 = AXIS2_PLACEMENT_3D ( 'NONE', #1077, #4766, #6263 ) ;
#5297 = CIRCLE ( 'NONE', #2854, 10.50000000000000000 ) ;
#5298 = EDGE_CURVE ( 'NONE', #1728, #7060, #4936, .T. ) ;
#5299 = DIRECTION ( 'NONE',  ( 0.000000000000000000, 0.000000000000000000, 1.000000000000000000 ) ) ;
#5300 = CARTESIAN_POINT ( 'NONE',  ( -1.500000000000001332, -24.60431872659807340, 5.500000953674160087 ) ) ;
#5301 = CARTESIAN_POINT ( 'NONE',  ( 11.00312125762210869, 22.05796506004198321, -4.500000000000158984 ) ) ;
#5302 = DIRECTION ( 'NONE',  ( -1.000000000000000000, 0.000000000000000000, 0.000000000000000000 ) ) ;
#5303 = DIRECTION ( 'NONE',  ( -0.000000000000000000, -0.000000000000000000, -1.000000000000000000 ) ) ;
#5304 = VECTOR ( 'NONE', #4966, 1000.000000000000000 ) ;
#5305 = DIRECTION ( 'NONE',  ( 0.000000000000000000, 0.000000000000000000, -1.000000000000000000 ) ) ;
#5306 = VERTEX_POINT ( 'NONE', #9351 ) ;
#5307 = VERTEX_POINT ( 'NONE', #2779 ) ;
#5308 = CIRCLE ( 'NONE', #7160, 1.000000000000000444 ) ;
#5309 = DIRECTION ( 'NONE',  ( 1.000000000000000000, 0.000000000000000000, 0.000000000000000000 ) ) ;
#5310 = DIRECTION ( 'NONE',  ( 0.000000000000000000, 0.000000000000000000, -1.000000000000000000 ) ) ;
#5311 = DIRECTION ( 'NONE',  ( -0.6852547238153542386, -0.7283034830952977989, 0.000000000000000000 ) ) ;
#5312 = CARTESIAN_POINT ( 'NONE',  ( -1.500000000000001332, 24.60431872659696495, 22.50000000000000000 ) ) ;
#5313 = CARTESIAN_POINT ( 'NONE',  ( 22.05796506004260848, -11.00312125762303950, 22.50000000000000000 ) ) ;
#5314 = CARTESIAN_POINT ( 'NONE',  ( -7.778600389871992427, -7.377728374959979796, 22.50000000000000000 ) ) ;
#5315 = EDGE_CURVE ( 'NONE', #2545, #5295, #1960, .T. ) ;
#5316 = DIRECTION ( 'NONE',  ( -0.9733566799329479435, -0.2292962573395145309, 0.000000000000000000 ) ) ;
#5317 = CIRCLE ( 'NONE', #435, 1.000000000000000888 ) ;
#5318 = ORIENTED_EDGE ( 'NONE', *, *, #2406, .T. ) ;
#5319 = ORIENTED_EDGE ( 'NONE', *, *, #9060, .T. ) ;
#5320 = CARTESIAN_POINT ( 'NONE',  ( 1.333217923193680265, -18.68410722892578590, -10.99999976158160031 ) ) ;
#5321 = EDGE_CURVE ( 'NONE', #4167, #3697, #5348, .T. ) ;
#5322 = ORIENTED_EDGE ( 'NONE', *, *, #5777, .T. ) ;
#5323 = AXIS2_PLACEMENT_3D ( 'NONE', #5312, #8339, #1766 ) ;
#5324 = EDGE_LOOP ( 'NONE', ( #403, #529, #8309, #3887 ) ) ;
#5325 = CARTESIAN_POINT ( 'NONE',  ( 1.500000000000001332, -24.60431872659807340, 22.50000000000000000 ) ) ;
#5326 = ORIENTED_EDGE ( 'NONE', *, *, #777, .T. ) ;
#5327 = CARTESIAN_POINT ( 'NONE',  ( -2.958039891549995914, 1.000000000000000888, -10.99999976158160031 ) ) ;
#5328 = DIRECTION ( 'NONE',  ( 0.000000000000000000, 0.000000000000000000, -1.000000000000000000 ) ) ;
#5329 = LINE ( 'NONE', #2982, #6375 ) ;
#5330 = AXIS2_PLACEMENT_3D ( 'NONE', #7110, #7325, #8091 ) ;
#5331 = CARTESIAN_POINT ( 'NONE',  ( 0.000000000000000000, 0.000000000000000000, -4.500000000000158984 ) ) ;
#5332 = EDGE_CURVE ( 'NONE', #6070, #3640, #1645, .T. ) ;
#5333 = DIRECTION ( 'NONE',  ( 0.000000000000000000, 0.000000000000000000, -1.000000000000000000 ) ) ;
#5334 = AXIS2_PLACEMENT_3D ( 'NONE', #7369, #4383, #3672 ) ;
#5335 = ORIENTED_EDGE ( 'NONE', *, *, #7217, .T. ) ;
#5336 = ORIENTED_EDGE ( 'NONE', *, *, #2355, .F. ) ;
#5337 = CYLINDRICAL_SURFACE ( 'NONE', #6312, 1.000000000000000888 ) ;
#5338 = ORIENTED_EDGE ( 'NONE', *, *, #4136, .F. ) ;
#5339 = AXIS2_PLACEMENT_3D ( 'NONE', #7236, #5155, #746 ) ;
#5340 = CARTESIAN_POINT ( 'NONE',  ( 0.000000000000000000, 0.000000000000000000, -6.499999761581589652 ) ) ;
#5341 = AXIS2_PLACEMENT_3D ( 'NONE', #3023, #5950, #246 ) ;
#5342 = DIRECTION ( 'NONE',  ( 0.000000000000000000, 0.000000000000000000, -1.000000000000000000 ) ) ;
#5343 = EDGE_CURVE ( 'NONE', #4869, #6376, #7046, .T. ) ;
#5344 = DIRECTION ( 'NONE',  ( 0.9575997404350280462, 0.2881019561175639510, 0.000000000000000000 ) ) ;
#5345 = ORIENTED_EDGE ( 'NONE', *, *, #3191, .F. ) ;
#5346 = VERTEX_POINT ( 'NONE', #2878 ) ;
#5347 = AXIS2_PLACEMENT_3D ( 'NONE', #2584, #3298, #7901 ) ;
#5348 = CIRCLE ( 'NONE', #2443, 1.000000000000000888 ) ;
#5349 = EDGE_CURVE ( 'NONE', #1302, #7697, #1566, .T. ) ;
#5350 = AXIS2_PLACEMENT_3D ( 'NONE', #7603, #5438, #1171 ) ;
#5351 = ADVANCED_FACE ( 'NONE', ( #760, #5803, #8105, #4490, #7429, #5077, #8916, #2338, #7293, #6710 ), #3013, .T. ) ;
#5352 = ORIENTED_EDGE ( 'NONE', *, *, #5809, .T. ) ;
#5353 = PLANE ( 'NONE',  #4512 ) ;
#5354 = CARTESIAN_POINT ( 'NONE',  ( 1.000000000000000888, -9.361657171677029154, -10.99999976158160031 ) ) ;
#5355 = LINE ( 'NONE', #1034, #7805 ) ;
#5356 = CYLINDRICAL_SURFACE ( 'NONE', #8675, 1.000000000000000222 ) ;
#5357 = DIRECTION ( 'NONE',  ( 0.8629987385490769380, 0.5052060740556291174, 0.000000000000000000 ) ) ;
#5358 = VECTOR ( 'NONE', #2004, 1000.000000000000000 ) ;
#5359 = CARTESIAN_POINT ( 'NONE',  ( -19.78683832264800557, -8.537185086044951632, 16.49999856948839749 ) ) ;
#5360 = EDGE_CURVE ( 'NONE', #6906, #8281, #2923, .T. ) ;
#5361 = ORIENTED_EDGE ( 'NONE', *, *, #5364, .F. ) ;
#5362 = ORIENTED_EDGE ( 'NONE', *, *, #2328, .T. ) ;
#5363 = DIRECTION ( 'NONE',  ( 0.000000000000000000, 0.000000000000000000, -1.000000000000000000 ) ) ;
#5364 = EDGE_CURVE ( 'NONE', #5851, #7123, #2418, .T. ) ;
#5365 = DIRECTION ( 'NONE',  ( 0.000000000000000000, 0.000000000000000000, 1.000000000000000000 ) ) ;
#5366 = DIRECTION ( 'NONE',  ( 0.000000000000000000, 0.000000000000000000, -1.000000000000000000 ) ) ;
#5367 = CARTESIAN_POINT ( 'NONE',  ( -11.97757886726399867, -13.39179242963706074, 28.99999856948849697 ) ) ;
#5368 = DIRECTION ( 'NONE',  ( 0.000000000000000000, 0.000000000000000000, -1.000000000000000000 ) ) ;
#5369 = DIRECTION ( 'NONE',  ( 0.000000000000000000, 0.000000000000000000, -1.000000000000000000 ) ) ;
#5370 = FACE_OUTER_BOUND ( 'NONE', #3540, .T. ) ;
#5371 = VERTEX_POINT ( 'NONE', #8771 ) ;
#5372 = ORIENTED_EDGE ( 'NONE', *, *, #8081, .T. ) ;
#5373 = FACE_OUTER_BOUND ( 'NONE', #3955, .T. ) ;
#5374 = ORIENTED_EDGE ( 'NONE', *, *, #9226, .T. ) ;
#5375 = ORIENTED_EDGE ( 'NONE', *, *, #3565, .T. ) ;
#5376 = EDGE_CURVE ( 'NONE', #2300, #1422, #8010, .T. ) ;
#5377 = VERTEX_POINT ( 'NONE', #5 ) ;
#5378 = DIRECTION ( 'NONE',  ( -0.9575997404349968489, -0.2881019561176680344, 0.000000000000000000 ) ) ;
#5379 = ORIENTED_EDGE ( 'NONE', *, *, #3470, .F. ) ;
#5380 = CARTESIAN_POINT ( 'NONE',  ( 13.60119746897540871, 20.55796506004192636, 10.50000095367419917 ) ) ;
#5381 = CARTESIAN_POINT ( 'NONE',  ( -18.93269683185599916, -2.110803324099963518, -10.99999976158160031 ) ) ;
#5382 = EDGE_CURVE ( 'NONE', #1730, #9490, #2295, .T. ) ;
#5383 = PLANE ( 'NONE',  #1167 ) ;
#5384 = AXIS2_PLACEMENT_3D ( 'NONE', #854, #7537, #5945 ) ;
#5385 = VERTEX_POINT ( 'NONE', #3777 ) ;
#5386 = CARTESIAN_POINT ( 'NONE',  ( 2.500000000000002220, -24.60431872659807340, 5.500000953674160087 ) ) ;
#5387 = ADVANCED_FACE ( 'NONE', ( #6659 ), #141, .T. ) ;
#5388 = ORIENTED_EDGE ( 'NONE', *, *, #1749, .F. ) ;
#5389 = ORIENTED_EDGE ( 'NONE', *, *, #955, .T. ) ;
#5390 = CARTESIAN_POINT ( 'NONE',  ( 21.39195958580511459, 14.15297018576899823, -4.500000000000158984 ) ) ;
#5391 = ORIENTED_EDGE ( 'NONE', *, *, #8477, .T. ) ;
#5392 = ADVANCED_FACE ( 'NONE', ( #6575 ), #45, .T. ) ;
#5393 = DIRECTION ( 'NONE',  ( -0.2881019561176164645, 0.9575997404350123920, 0.000000000000000000 ) ) ;
#5394 = DIRECTION ( 'NONE',  ( 1.000000000000000000, 0.000000000000000000, 0.000000000000000000 ) ) ;
#5395 = DIRECTION ( 'NONE',  ( -0.9733566799329479435, -0.2292962573395145309, 0.000000000000000000 ) ) ;
#5396 = ORIENTED_EDGE ( 'NONE', *, *, #4059, .F. ) ;
#5397 = ORIENTED_EDGE ( 'NONE', *, *, #7416, .F. ) ;
#5398 = EDGE_CURVE ( 'NONE', #9263, #6390, #5215, .T. ) ;
#5399 = ADVANCED_FACE ( 'NONE', ( #4443 ), #7386, .T. ) ;
#5400 = ORIENTED_EDGE ( 'NONE', *, *, #1506, .T. ) ;
#5401 = LINE ( 'NONE', #9097, #6724 ) ;
#5402 = DIRECTION ( 'NONE',  ( 0.000000000000000000, 0.000000000000000000, -1.000000000000000000 ) ) ;
#5403 = CARTESIAN_POINT ( 'NONE',  ( -2.499999999999988454, -21.40449719101200543, 5.500000953674160087 ) ) ;
#5404 = CARTESIAN_POINT ( 'NONE',  ( 0.000000000000000000, 0.000000000000000000, -6.499999761581589652 ) ) ;
#5405 = DIRECTION ( 'NONE',  ( 0.9984594016228911517, -0.05548714545602558001, 0.000000000000000000 ) ) ;
#5406 = CARTESIAN_POINT ( 'NONE',  ( -8.760516488598005580, -10.17365965879601930, 12.50000095367419917 ) ) ;
#5407 = ORIENTED_EDGE ( 'NONE', *, *, #1485, .T. ) ;
#5408 = ORIENTED_EDGE ( 'NONE', *, *, #5813, .T. ) ;
#5409 = AXIS2_PLACEMENT_3D ( 'NONE', #6478, #717, #7111 ) ;
#5410 = EDGE_CURVE ( 'NONE', #809, #2460, #1614, .T. ) ;
#5411 = DIRECTION ( 'NONE',  ( 0.000000000000000000, 0.000000000000000000, 1.000000000000000000 ) ) ;
#5412 = CARTESIAN_POINT ( 'NONE',  ( 0.000000000000000000, 0.000000000000000000, 5.500000953674160087 ) ) ;
#5413 = CARTESIAN_POINT ( 'NONE',  ( 22.95281151278260978, -11.44949534515304990, 10.50000095367419917 ) ) ;
#5414 = PLANE ( 'NONE',  #1671 ) ;
#5415 = CARTESIAN_POINT ( 'NONE',  ( 11.00312125762210869, 22.05796506004198321, 10.50000095367419917 ) ) ;
#5416 = LINE ( 'NONE', #4020, #1301 ) ;
#5417 = CARTESIAN_POINT ( 'NONE',  ( -1.999999999999988010, 17.93885447847687331, 28.99999856948849697 ) ) ;
#5418 = ORIENTED_EDGE ( 'NONE', *, *, #5907, .T. ) ;
#5419 = ORIENTED_EDGE ( 'NONE', *, *, #6690, .T. ) ;
#5420 = DIRECTION ( 'NONE',  ( 0.000000000000000000, 0.000000000000000000, -1.000000000000000000 ) ) ;
#5421 = VERTEX_POINT ( 'NONE', #6757 ) ;
#5422 = ORIENTED_EDGE ( 'NONE', *, *, #4622, .F. ) ;
#5423 = DIRECTION ( 'NONE',  ( 0.000000000000000000, 0.000000000000000000, 1.000000000000000000 ) ) ;
#5424 = VERTEX_POINT ( 'NONE', #3105 ) ;
#5425 = ADVANCED_FACE ( 'NONE', ( #7529 ), #5414, .T. ) ;
#5426 = CARTESIAN_POINT ( 'NONE',  ( 3.258827488323434718, -1.855409227461041199, 48.05698003239911031 ) ) ;
#5427 = DIRECTION ( 'NONE',  ( 0.000000000000000000, 0.000000000000000000, -1.000000000000000000 ) ) ;
#5428 = CARTESIAN_POINT ( 'NONE',  ( -2.110803324099991052, 18.93269683185605601, 0.9999999999998441247 ) ) ;
#5429 = VECTOR ( 'NONE', #4910, 1000.000000000000114 ) ;
#5430 = VECTOR ( 'NONE', #4098, 1000.000000000000000 ) ;
#5431 = EDGE_LOOP ( 'NONE', ( #4650, #1621, #1132, #1639 ) ) ;
#5432 = DIRECTION ( 'NONE',  ( 0.000000000000000000, 0.000000000000000000, -1.000000000000000000 ) ) ;
#5433 = ORIENTED_EDGE ( 'NONE', *, *, #5091, .F. ) ;
#5434 = ORIENTED_EDGE ( 'NONE', *, *, #2946, .T. ) ;
#5435 = CARTESIAN_POINT ( 'NONE',  ( 13.39179242963679783, -11.97757886726402710, 0.9999999999998441247 ) ) ;
#5436 = EDGE_LOOP ( 'NONE', ( #3138, #3007, #7695, #5761, #3181, #8642, #3981, #5388 ) ) ;
#5437 = AXIS2_PLACEMENT_3D ( 'NONE', #8361, #1975, #1789 ) ;
#5438 = DIRECTION ( 'NONE',  ( 0.000000000000000000, 0.000000000000000000, -1.000000000000000000 ) ) ;
#5439 = LINE ( 'NONE', #2616, #8216 ) ;
#5440 = DIRECTION ( 'NONE',  ( 0.9575997404350009568, -0.2881019561176543786, 0.000000000000000000 ) ) ;
#5441 = CIRCLE ( 'NONE', #1913, 1.000000000000000666 ) ;
#5442 = ORIENTED_EDGE ( 'NONE', *, *, #9199, .T. ) ;
#5443 = ORIENTED_EDGE ( 'NONE', *, *, #974, .T. ) ;
#5444 = EDGE_CURVE ( 'NONE', #810, #2920, #7815, .T. ) ;
#5445 = VERTEX_POINT ( 'NONE', #1095 ) ;
#5446 = CARTESIAN_POINT ( 'NONE',  ( -22.95281151278301479, -11.44949534515304990, 22.50000000000000000 ) ) ;
#5447 = AXIS2_PLACEMENT_3D ( 'NONE', #5549, #3388, #4778 ) ;
#5448 = FACE_OUTER_BOUND ( 'NONE', #1696, .T. ) ;
#5449 = PLANE ( 'NONE',  #400 ) ;
#5450 = CARTESIAN_POINT ( 'NONE',  ( 17.93885447847770465, -1.000000000000000888, 0.9999999999998441247 ) ) ;
#5451 = DIRECTION ( 'NONE',  ( 0.000000000000000000, 0.000000000000000000, 1.000000000000000000 ) ) ;
#5452 = CIRCLE ( 'NONE', #1315, 0.9999999999999985567 ) ;
#5453 = EDGE_LOOP ( 'NONE', ( #4913, #3491, #1246, #4904 ) ) ;
#5454 = ORIENTED_EDGE ( 'NONE', *, *, #997, .T. ) ;
#5455 = AXIS2_PLACEMENT_3D ( 'NONE', #2470, #4425, #6641 ) ;
#5456 = AXIS2_PLACEMENT_3D ( 'NONE', #2061, #9304, #9400 ) ;
#5457 = CARTESIAN_POINT ( 'NONE',  ( 24.60431872659751917, 2.499999999999946709, 5.500000953674160087 ) ) ;
#5458 = CARTESIAN_POINT ( 'NONE',  ( -14.15297018576999832, 21.39195958580497603, 12.50000095367419917 ) ) ;
#5460 = DIRECTION ( 'NONE',  ( 0.000000000000000000, 0.000000000000000000, 1.000000000000000000 ) ) ;
#5459 = AXIS2_PLACEMENT_3D ( 'NONE', #4162, #564, #4116 ) ;
#5461 = DIRECTION ( 'NONE',  ( -0.4999999999999998890, -0.8660254037844387076, 0.000000000000000000 ) ) ;
#5462 = CIRCLE ( 'NONE', #856, 0.9999999999999994449 ) ;
#5463 = AXIS2_PLACEMENT_3D ( 'NONE', #2766, #3531, #5973 ) ;
#5464 = DIRECTION ( 'NONE',  ( 0.7452527504476756937, 0.6667820768063390524, 0.000000000000000000 ) ) ;
#5465 = DIRECTION ( 'NONE',  ( 0.000000000000000000, 0.000000000000000000, 1.000000000000000000 ) ) ;
#5466 = EDGE_CURVE ( 'NONE', #31, #787, #6856, .T. ) ;
#5467 = CARTESIAN_POINT ( 'NONE',  ( -8.000000000000000000, 0.000000000000000000, -10.99999976158160031 ) ) ;
#5468 = ORIENTED_EDGE ( 'NONE', *, *, #3055, .T. ) ;
#5469 = ORIENTED_EDGE ( 'NONE', *, *, #4092, .T. ) ;
#5470 = VECTOR ( 'NONE', #3909, 1000.000000000000000 ) ;
#5471 = ORIENTED_EDGE ( 'NONE', *, *, #4947, .F. ) ;
#5472 = EDGE_CURVE ( 'NONE', #4073, #6817, #2902, .T. ) ;
#5473 = ADVANCED_FACE ( 'NONE', ( #1047 ), #9155, .T. ) ;
#5474 = VERTEX_POINT ( 'NONE', #5367 ) ;
#5475 = CARTESIAN_POINT ( 'NONE',  ( -11.00312125762199855, 22.05796506004198321, 10.50000095367419917 ) ) ;
#5476 = DIRECTION ( 'NONE',  ( 0.7071067811865480168, 0.7071067811865470176, 0.000000000000000000 ) ) ;
#5477 = CARTESIAN_POINT ( 'NONE',  ( -10.42532973099699589, -2.500000000000057732, -4.500000000000158984 ) ) ;
#5478 = AXIS2_PLACEMENT_3D ( 'NONE', #5380, #1015, #3888 ) ;
#5479 = DIRECTION ( 'NONE',  ( 0.7452527504477821640, -0.6667820768062199255, 0.000000000000000000 ) ) ;
#5480 = ORIENTED_EDGE ( 'NONE', *, *, #294, .T. ) ;
#5481 = DIRECTION ( 'NONE',  ( -1.836970198721029688E-16, -1.000000000000000000, 0.000000000000000000 ) ) ;
#5482 = EDGE_CURVE ( 'NONE', #5445, #2292, #3975, .T. ) ;
#5483 = VERTEX_POINT ( 'NONE', #945 ) ;
#5484 = CIRCLE ( 'NONE', #4097, 1.500000000000000222 ) ;
#5485 = ORIENTED_EDGE ( 'NONE', *, *, #1537, .F. ) ;
#5486 = DIRECTION ( 'NONE',  ( 0.000000000000000000, 0.000000000000000000, 1.000000000000000000 ) ) ;
#5487 = ORIENTED_EDGE ( 'NONE', *, *, #7184, .F. ) ;
#5488 = ADVANCED_FACE ( 'NONE', ( #6140 ), #2538, .T. ) ;
#5489 = CYLINDRICAL_SURFACE ( 'NONE', #6582, 1.000000000000000444 ) ;
#5490 = CIRCLE ( 'NONE', #2884, 1.000000000000000666 ) ;
#5491 = DIRECTION ( 'NONE',  ( 0.6852547238153056108, 0.7283034830953436511, 0.000000000000000000 ) ) ;
#5492 = AXIS2_PLACEMENT_3D ( 'NONE', #7097, #3435, #7861 ) ;
#5493 = DIRECTION ( 'NONE',  ( -0.8690206635529155177, 0.4947757939896113011, 0.000000000000000000 ) ) ;
#5494 = ORIENTED_EDGE ( 'NONE', *, *, #3500, .F. ) ;
#5495 = CYLINDRICAL_SURFACE ( 'NONE', #8537, 0.9999999999999994449 ) ;
#5496 = CIRCLE ( 'NONE', #4414, 1.000000000000000222 ) ;
#5497 = AXIS2_PLACEMENT_3D ( 'NONE', #2744, #533, #7159 ) ;
#5498 = ORIENTED_EDGE ( 'NONE', *, *, #7993, .F. ) ;
#5499 = DIRECTION ( 'NONE',  ( 0.9733566799329029795, 0.2292962573397054060, 0.000000000000000000 ) ) ;
#5500 = CARTESIAN_POINT ( 'NONE',  ( 22.05796506004260848, 11.00312125762192750, 10.50000095367419917 ) ) ;
#5501 = CIRCLE ( 'NONE', #7497, 0.9999999999999998890 ) ;
#5502 = CARTESIAN_POINT ( 'NONE',  ( -13.19090595827299239, 2.499999999999946709, 12.50000095367419917 ) ) ;
#5503 = CARTESIAN_POINT ( 'NONE',  ( 0.000000000000000000, 0.000000000000000000, -10.99999976158160031 ) ) ;
#5504 = EDGE_CURVE ( 'NONE', #5179, #7622, #4593, .T. ) ;
#5505 = CARTESIAN_POINT ( 'NONE',  ( 20.05796506004260848, 14.46722287275992258, 10.50000095367419917 ) ) ;
#5506 = AXIS2_PLACEMENT_3D ( 'NONE', #5325, #1108, #442 ) ;
#5507 = AXIS2_PLACEMENT_3D ( 'NONE', #7745, #314, #6306 ) ;
#5508 = EDGE_LOOP ( 'NONE', ( #137, #1694, #4498, #8943 ) ) ;
#5509 = EDGE_CURVE ( 'NONE', #3994, #3203, #7320, .T. ) ;
#5510 = CARTESIAN_POINT ( 'NONE',  ( -7.326798050422994812, 5.912584488048877596, -10.99999976158160031 ) ) ;
#5511 = VECTOR ( 'NONE', #9204, 1000.000000000000000 ) ;
#5512 = PLANE ( 'NONE',  #6675 ) ;
#5513 = DIRECTION ( 'NONE',  ( 0.000000000000000000, 0.000000000000000000, 1.000000000000000000 ) ) ;
#5514 = CARTESIAN_POINT ( 'NONE',  ( 11.00312125762210869, -22.05796506004298152, 10.50000095367419917 ) ) ;
#5515 = LINE ( 'NONE', #8442, #4996 ) ;
#5516 = EDGE_CURVE ( 'NONE', #9371, #1005, #284, .T. ) ;
#5517 = CARTESIAN_POINT ( 'NONE',  ( 10.13709585383761080, 22.55796506004192992, 10.50000095367419917 ) ) ;
#5518 = DIRECTION ( 'NONE',  ( 0.000000000000000000, 0.000000000000000000, 1.000000000000000000 ) ) ;
#5519 = EDGE_LOOP ( 'NONE', ( #978, #6685, #9162, #6339 ) ) ;
#5520 = VECTOR ( 'NONE', #4297, 1000.000000000000000 ) ;
#5521 = VERTEX_POINT ( 'NONE', #4693 ) ;
#5522 = ORIENTED_EDGE ( 'NONE', *, *, #7804, .F. ) ;
#5523 = EDGE_CURVE ( 'NONE', #6327, #2932, #6911, .T. ) ;
#5524 = EDGE_CURVE ( 'NONE', #3958, #9020, #9309, .T. ) ;
#5525 = ORIENTED_EDGE ( 'NONE', *, *, #1247, .F. ) ;
#5526 = DIRECTION ( 'NONE',  ( -0.7071067811865480168, -0.7071067811865470176, 0.000000000000000000 ) ) ;
#5527 = FACE_OUTER_BOUND ( 'NONE', #3772, .T. ) ;
#5528 = DIRECTION ( 'NONE',  ( 0.9733566799329461672, -0.2292962573395214698, 0.000000000000000000 ) ) ;
#5529 = LINE ( 'NONE', #5428, #552 ) ;
#5530 = VERTEX_POINT ( 'NONE', #6806 ) ;
#5531 = CARTESIAN_POINT ( 'NONE',  ( -12.86731210496699873, -17.28683832264909981, 22.50000000000000000 ) ) ;
#5532 = EDGE_CURVE ( 'NONE', #6305, #5871, #7575, .T. ) ;
#5533 = EDGE_LOOP ( 'NONE', ( #2314, #1622, #9068, #7602 ) ) ;
#5534 = VERTEX_POINT ( 'NONE', #3922 ) ;
#5535 = DIRECTION ( 'NONE',  ( 0.000000000000000000, 0.000000000000000000, 1.000000000000000000 ) ) ;
#5536 = EDGE_LOOP ( 'NONE', ( #339, #8794, #2071, #4774, #8149, #2395, #3054, #7980, #6203, #4146 ) ) ;
#5537 = CARTESIAN_POINT ( 'NONE',  ( -14.15438635627909925, -12.26893148770000685, -10.99999976158160031 ) ) ;
#5538 = ADVANCED_FACE ( 'NONE', ( #6186 ), #186, .T. ) ;
#5539 = DIRECTION ( 'NONE',  ( 0.000000000000000000, 0.000000000000000000, 1.000000000000000000 ) ) ;
#5540 = PLANE ( 'NONE',  #7267 ) ;
#5541 = ORIENTED_EDGE ( 'NONE', *, *, #9347, .F. ) ;
#5542 = DIRECTION ( 'NONE',  ( 0.000000000000000000, 0.000000000000000000, -1.000000000000000000 ) ) ;
#5543 = ADVANCED_FACE ( 'NONE', ( #1818 ), #3302, .T. ) ;
#5544 = AXIS2_PLACEMENT_3D ( 'NONE', #8087, #5018, #3620 ) ;
#5545 = ORIENTED_EDGE ( 'NONE', *, *, #783, .T. ) ;
#5546 = CARTESIAN_POINT ( 'NONE',  ( -8.537185086044992488, -19.78683832264904652, 5.500000953674160087 ) ) ;
#5547 = LINE ( 'NONE', #4958, #3199 ) ;
#5548 = CARTESIAN_POINT ( 'NONE',  ( 10.27860038987220292, -3.047601356037987763, -4.500000000000158984 ) ) ;
#5549 = CARTESIAN_POINT ( 'NONE',  ( 0.000000000000000000, 0.000000000000000000, -4.500000000000158984 ) ) ;
#5550 = DIRECTION ( 'NONE',  ( 0.000000000000000000, 0.000000000000000000, 1.000000000000000000 ) ) ;
#5551 = EDGE_LOOP ( 'NONE', ( #518, #622, #9074, #1978 ) ) ;
#5552 = FACE_OUTER_BOUND ( 'NONE', #8633, .T. ) ;
#5553 = CARTESIAN_POINT ( 'NONE',  ( 0.000000000000000000, 0.000000000000000000, -4.500000000000158984 ) ) ;
#5554 = CARTESIAN_POINT ( 'NONE',  ( 8.537185086044409843, 19.78683832264804821, 16.49999856948839749 ) ) ;
#5555 = LINE ( 'NONE', #7769, #124 ) ;
#5556 = DIRECTION ( 'NONE',  ( 0.7283034830954154826, 0.6852547238152291165, 0.000000000000000000 ) ) ;
#5557 = AXIS2_PLACEMENT_3D ( 'NONE', #4460, #8073, #3745 ) ;
#5558 = DIRECTION ( 'NONE',  ( 1.000000000000000000, 0.000000000000000000, 0.000000000000000000 ) ) ;
#5559 = ORIENTED_EDGE ( 'NONE', *, *, #3165, .F. ) ;
#5560 = VERTEX_POINT ( 'NONE', #7722 ) ;
#5561 = CIRCLE ( 'NONE', #360, 1.000000000000000888 ) ;
#5562 = ORIENTED_EDGE ( 'NONE', *, *, #8746, .F. ) ;
#5563 = EDGE_CURVE ( 'NONE', #6693, #7107, #2111, .T. ) ;
#5564 = ORIENTED_EDGE ( 'NONE', *, *, #252, .F. ) ;
#5565 = DIRECTION ( 'NONE',  ( 1.000000000000000000, 0.000000000000000000, 0.000000000000000000 ) ) ;
#5566 = LINE ( 'NONE', #8496, #1801 ) ;
#5567 = CARTESIAN_POINT ( 'NONE',  ( 14.57455414890831236, 20.78726131738163119, 10.50000095367419917 ) ) ;
#5568 = EDGE_CURVE ( 'NONE', #3549, #2292, #8549, .T. ) ;
#5569 = CARTESIAN_POINT ( 'NONE',  ( -12.86731210496699873, -17.28683832264909981, 5.500000953674160087 ) ) ;
#5570 = ADVANCED_FACE ( 'NONE', ( #2723 ), #9292, .F. ) ;
#5571 = VECTOR ( 'NONE', #6703, 1000.000000000000000 ) ;
#5572 = ORIENTED_EDGE ( 'NONE', *, *, #867, .F. ) ;
#5573 = DIRECTION ( 'NONE',  ( 3.770471112782770013E-19, 6.784746809671409961E-18, -1.000000000000000000 ) ) ;
#5574 = ORIENTED_EDGE ( 'NONE', *, *, #657, .F. ) ;
#5575 = VERTEX_POINT ( 'NONE', #9244 ) ;
#5576 = DIRECTION ( 'NONE',  ( -0.7283034830954149275, 0.6852547238152297826, 0.000000000000000000 ) ) ;
#5577 = ORIENTED_EDGE ( 'NONE', *, *, #2141, .T. ) ;
#5578 = CARTESIAN_POINT ( 'NONE',  ( 25.60246553092200728, 1.560851926976969395, -4.500000000000158984 ) ) ;
#5579 = CARTESIAN_POINT ( 'NONE',  ( -1.000000000000000888, -10.45227248018398925, -10.99999976158160031 ) ) ;
#5580 = CIRCLE ( 'NONE', #6653, 25.64999999999999858 ) ;
#5581 = DIRECTION ( 'NONE',  ( 0.000000000000000000, 0.000000000000000000, 1.000000000000000000 ) ) ;
#5582 = DIRECTION ( 'NONE',  ( 0.4947757939896113566, 0.8690206635529156287, -0.000000000000000000 ) ) ;
#5583 = EDGE_CURVE ( 'NONE', #1203, #164, #5600, .T. ) ;
#5584 = EDGE_LOOP ( 'NONE', ( #2276, #6879, #2467, #2305 ) ) ;
#5585 = VECTOR ( 'NONE', #1587, 1000.000000000000000 ) ;
#5586 = EDGE_CURVE ( 'NONE', #1503, #437, #434, .T. ) ;
#5587 = ORIENTED_EDGE ( 'NONE', *, *, #4616, .T. ) ;
#5588 = VERTEX_POINT ( 'NONE', #9205 ) ;
#5589 = CARTESIAN_POINT ( 'NONE',  ( -7.778600389871992427, -7.377728374959979796, 5.500000953674160087 ) ) ;
#5590 = DIRECTION ( 'NONE',  ( 0.000000000000000000, 0.000000000000000000, -1.000000000000000000 ) ) ;
#5591 = FACE_OUTER_BOUND ( 'NONE', #6872, .T. ) ;
#5592 = DIRECTION ( 'NONE',  ( 0.000000000000000000, 0.000000000000000000, -1.000000000000000000 ) ) ;
#5593 = VECTOR ( 'NONE', #6348, 1000.000000000000000 ) ;
#5594 = ORIENTED_EDGE ( 'NONE', *, *, #445, .F. ) ;
#5595 = EDGE_CURVE ( 'NONE', #8373, #48, #5785, .T. ) ;
#5596 = AXIS2_PLACEMENT_3D ( 'NONE', #3243, #9285, #1857 ) ;
#5597 = DIRECTION ( 'NONE',  ( 0.000000000000000000, 0.000000000000000000, 1.000000000000000000 ) ) ;
#5598 = CARTESIAN_POINT ( 'NONE',  ( -24.60431872659797747, -2.500000000000057732, 22.50000000000000000 ) ) ;
#5599 = CYLINDRICAL_SURFACE ( 'NONE', #4277, 25.64999999999999858 ) ;
#5600 = LINE ( 'NONE', #6419, #1494 ) ;
#5601 = DIRECTION ( 'NONE',  ( 1.000000000000000000, 0.000000000000000000, 0.000000000000000000 ) ) ;
#5602 = AXIS2_PLACEMENT_3D ( 'NONE', #3728, #9061, #138 ) ;
#5603 = CARTESIAN_POINT ( 'NONE',  ( 11.00312125762210869, -22.05796506004298152, 22.50000000000000000 ) ) ;
#5604 = CIRCLE ( 'NONE', #1459, 1.000000000000001332 ) ;
#5605 = CIRCLE ( 'NONE', #6220, 1.000000000000001776 ) ;
#5606 = VERTEX_POINT ( 'NONE', #4115 ) ;
#5607 = ORIENTED_EDGE ( 'NONE', *, *, #1944, .T. ) ;
#5608 = EDGE_LOOP ( 'NONE', ( #7197, #415, #1374, #2154 ) ) ;
#5609 = EDGE_LOOP ( 'NONE', ( #3582, #8006, #55, #8712 ) ) ;
#5610 = CARTESIAN_POINT ( 'NONE',  ( 25.60246553092200728, 1.560851926976969395, 12.50000095367419917 ) ) ;
#5611 = VECTOR ( 'NONE', #1658, 1000.000000000000000 ) ;
#5612 = CARTESIAN_POINT ( 'NONE',  ( 4.430389469675014347, -12.67365965879607614, 22.50000000000000000 ) ) ;
#5613 = DIRECTION ( 'NONE',  ( 0.000000000000000000, 0.000000000000000000, -1.000000000000000000 ) ) ;
#5614 = DIRECTION ( 'NONE',  ( 0.000000000000000000, 0.000000000000000000, -1.000000000000000000 ) ) ;
#5615 = VECTOR ( 'NONE', #127, 1000.000000000000000 ) ;
#5616 = ORIENTED_EDGE ( 'NONE', *, *, #3360, .T. ) ;
#5617 = LINE ( 'NONE', #7696, #7848 ) ;
#5618 = VERTEX_POINT ( 'NONE', #6462 ) ;
#5619 = VERTEX_POINT ( 'NONE', #5646 ) ;
#5620 = LINE ( 'NONE', #1261, #2271 ) ;
#5621 = VECTOR ( 'NONE', #3842, 1000.000000000000000 ) ;
#5622 = ORIENTED_EDGE ( 'NONE', *, *, #4773, .F. ) ;
#5623 = FACE_OUTER_BOUND ( 'NONE', #3948, .T. ) ;
#5624 = DIRECTION ( 'NONE',  ( 0.4999999999999998890, 0.8660254037844387076, 0.000000000000000000 ) ) ;
#5625 = DIRECTION ( 'NONE',  ( 0.000000000000000000, 0.000000000000000000, -1.000000000000000000 ) ) ;
#5626 = LINE ( 'NONE', #3280, #5429 ) ;
#5627 = EDGE_LOOP ( 'NONE', ( #436, #3543, #3089, #3915 ) ) ;
#5628 = CIRCLE ( 'NONE', #2412, 21.55000000000000071 ) ;
#5629 = DIRECTION ( 'NONE',  ( 0.000000000000000000, 0.000000000000000000, 1.000000000000000000 ) ) ;
#5630 = ORIENTED_EDGE ( 'NONE', *, *, #3539, .T. ) ;
#5631 = ORIENTED_EDGE ( 'NONE', *, *, #2750, .T. ) ;
#5632 = AXIS2_PLACEMENT_3D ( 'NONE', #4017, #6961, #2588 ) ;
#5633 = CARTESIAN_POINT ( 'NONE',  ( 13.60119746897540871, 20.55796506004192636, 22.50000000000000000 ) ) ;
#5634 = EDGE_CURVE ( 'NONE', #2396, #1879, #513, .T. ) ;
#5635 = CARTESIAN_POINT ( 'NONE',  ( 2.500000000000002220, -20.85065946199304676, 16.50000095367419917 ) ) ;
#5636 = FACE_OUTER_BOUND ( 'NONE', #488, .T. ) ;
#5637 = CARTESIAN_POINT ( 'NONE',  ( -20.55796506004299573, -13.60119746897603399, 10.50000095367419917 ) ) ;
#5638 = ADVANCED_FACE ( 'NONE', ( #7139 ), #7005, .T. ) ;
#5639 = VERTEX_POINT ( 'NONE', #3395 ) ;
#5640 = ADVANCED_FACE ( 'NONE', ( #562 ), #4883, .T. ) ;
#5641 = VECTOR ( 'NONE', #2650, 1000.000000000000000 ) ;
#5642 = LINE ( 'NONE', #3347, #4734 ) ;
#5643 = VECTOR ( 'NONE', #8519, 1000.000000000000000 ) ;
#5644 = CARTESIAN_POINT ( 'NONE',  ( -10.45227248018298916, 1.000000000000000888, -10.99999976158160031 ) ) ;
#5645 = LINE ( 'NONE', #6232, #3668 ) ;
#5646 = CARTESIAN_POINT ( 'NONE',  ( -11.44949534515199474, 22.95281151278294374, 12.50000095367419917 ) ) ;
#5647 = DIRECTION ( 'NONE',  ( 1.000000000000000000, 0.000000000000000000, 0.000000000000000000 ) ) ;
#5648 = VECTOR ( 'NONE', #8001, 1000.000000000000000 ) ;
#5649 = CIRCLE ( 'NONE', #4269, 0.9999999999999994449 ) ;
#5650 = EDGE_CURVE ( 'NONE', #3380, #194, #5940, .T. ) ;
#5651 = DIRECTION ( 'NONE',  ( 6.123233995736769734E-17, 1.000000000000000000, 0.000000000000000000 ) ) ;
#5652 = ORIENTED_EDGE ( 'NONE', *, *, #7062, .T. ) ;
#5653 = ORIENTED_EDGE ( 'NONE', *, *, #2780, .T. ) ;
#5654 = EDGE_CURVE ( 'NONE', #1031, #3784, #6323, .T. ) ;
#5655 = CIRCLE ( 'NONE', #9185, 1.000000000000000444 ) ;
#5656 = ORIENTED_EDGE ( 'NONE', *, *, #2605, .T. ) ;
#5657 = ORIENTED_EDGE ( 'NONE', *, *, #5284, .T. ) ;
#5658 = LINE ( 'NONE', #2014, #9486 ) ;
#5659 = LINE ( 'NONE', #5612, #4710 ) ;
#5660 = CIRCLE ( 'NONE', #7666, 0.9999999999999992228 ) ;
#5661 = CARTESIAN_POINT ( 'NONE',  ( -20.78726131738259753, 14.57455414890785050, -4.500000000000158984 ) ) ;
#5662 = VERTEX_POINT ( 'NONE', #1240 ) ;
#5663 = DIRECTION ( 'NONE',  ( 1.000000000000000000, 0.000000000000000000, 0.000000000000000000 ) ) ;
#5664 = ORIENTED_EDGE ( 'NONE', *, *, #6171, .F. ) ;
#5665 = EDGE_LOOP ( 'NONE', ( #1931, #4942, #491, #9221 ) ) ;
#5666 = LINE ( 'NONE', #2070, #5177 ) ;
#5667 = ORIENTED_EDGE ( 'NONE', *, *, #3427, .T. ) ;
#5668 = LINE ( 'NONE', #9313, #6385 ) ;
#5669 = CARTESIAN_POINT ( 'NONE',  ( -1.500000000000001332, 24.60431872659696495, 10.50000095367419917 ) ) ;
#5670 = DIRECTION ( 'NONE',  ( 0.000000000000000000, 0.000000000000000000, 1.000000000000000000 ) ) ;
#5671 = EDGE_CURVE ( 'NONE', #5965, #214, #5555, .T. ) ;
#5672 = DIRECTION ( 'NONE',  ( -0.000000000000000000, -0.000000000000000000, -1.000000000000000000 ) ) ;
#5673 = DIRECTION ( 'NONE',  ( 0.6852547238153542386, -0.7283034830952977989, 0.000000000000000000 ) ) ;
#5674 = ORIENTED_EDGE ( 'NONE', *, *, #132, .F. ) ;
#5675 = DIRECTION ( 'NONE',  ( 0.000000000000000000, 0.000000000000000000, 1.000000000000000000 ) ) ;
#5676 = EDGE_LOOP ( 'NONE', ( #4371, #1869, #7792, #5594, #114, #8455, #7489, #1795 ) ) ;
#5677 = VERTEX_POINT ( 'NONE', #9341 ) ;
#5678 = EDGE_CURVE ( 'NONE', #8927, #7060, #1814, .T. ) ;
#5679 = CARTESIAN_POINT ( 'NONE',  ( -1.500000000000001332, -24.60431872659807340, 5.500000953674160087 ) ) ;
#5680 = LINE ( 'NONE', #551, #8713 ) ;
#5681 = CYLINDRICAL_SURFACE ( 'NONE', #1610, 19.05000000000000071 ) ;
#5682 = DIRECTION ( 'NONE',  ( 1.000000000000000000, 0.000000000000000000, 0.000000000000000000 ) ) ;
#5683 = CARTESIAN_POINT ( 'NONE',  ( 11.02584244881181519, -24.09731931759196044, 16.50000095367419917 ) ) ;
#5684 = EDGE_CURVE ( 'NONE', #3640, #5223, #1282, .T. ) ;
#5685 = AXIS2_PLACEMENT_3D ( 'NONE', #20, #5672, #5718 ) ;
#5686 = ORIENTED_EDGE ( 'NONE', *, *, #2183, .T. ) ;
#5687 = ADVANCED_FACE ( 'NONE', ( #5691 ), #8623, .F. ) ;
#5688 = DIRECTION ( 'NONE',  ( 0.000000000000000000, 0.000000000000000000, -1.000000000000000000 ) ) ;
#5689 = CARTESIAN_POINT ( 'NONE',  ( -1.560851926977996351, 25.60246553092193622, 10.50000095367419917 ) ) ;
#5690 = CARTESIAN_POINT ( 'NONE',  ( -10.42532973099699589, -2.500000000000057732, -4.500000000000158984 ) ) ;
#5691 = FACE_OUTER_BOUND ( 'NONE', #2499, .T. ) ;
#5692 = CIRCLE ( 'NONE', #1549, 1.000000000000000222 ) ;
#5693 = CYLINDRICAL_SURFACE ( 'NONE', #7135, 1.000000000000001776 ) ;
#5694 = CARTESIAN_POINT ( 'NONE',  ( -14.46722287275999186, -20.05796506004298152, 12.50000095367419917 ) ) ;
#5695 = AXIS2_PLACEMENT_3D ( 'NONE', #6998, #5093, #5052 ) ;
#5696 = ORIENTED_EDGE ( 'NONE', *, *, #3737, .T. ) ;
#5697 = ORIENTED_EDGE ( 'NONE', *, *, #2423, .F. ) ;
#5698 = EDGE_CURVE ( 'NONE', #8259, #7506, #2816, .T. ) ;
#5699 = EDGE_LOOP ( 'NONE', ( #9007, #7535, #5375, #9021 ) ) ;
#5700 = CARTESIAN_POINT ( 'NONE',  ( 0.000000000000000000, 0.000000000000000000, 12.50000095367419917 ) ) ;
#5701 = VERTEX_POINT ( 'NONE', #3675 ) ;
#5702 = CARTESIAN_POINT ( 'NONE',  ( -22.05796506004299573, 11.00312125762192750, 5.500000953674160087 ) ) ;
#5703 = LINE ( 'NONE', #6334, #8840 ) ;
#5704 = CIRCLE ( 'NONE', #1563, 1.000000000000000888 ) ;
#5705 = CARTESIAN_POINT ( 'NONE',  ( -1.560851926977996351, 25.60246553092193622, 22.50000000000000000 ) ) ;
#5706 = ORIENTED_EDGE ( 'NONE', *, *, #9372, .F. ) ;
#5707 = CARTESIAN_POINT ( 'NONE',  ( 22.95281151278270926, 11.44949534515204981, 22.50000000000000000 ) ) ;
#5708 = AXIS2_PLACEMENT_3D ( 'NONE', #890, #2434, #7620 ) ;
#5709 = EDGE_LOOP ( 'NONE', ( #8139, #1665, #4621, #3800 ) ) ;
#5710 = EDGE_CURVE ( 'NONE', #4963, #5141, #6510, .T. ) ;
#5711 = AXIS2_PLACEMENT_3D ( 'NONE', #5729, #3569, #693 ) ;
#5712 = ORIENTED_EDGE ( 'NONE', *, *, #6346, .T. ) ;
#5713 = CARTESIAN_POINT ( 'NONE',  ( -20.55796506004299573, -13.60119746897603399, 10.50000095367419917 ) ) ;
#5714 = ORIENTED_EDGE ( 'NONE', *, *, #117, .F. ) ;
#5715 = PLANE ( 'NONE',  #864 ) ;
#5716 = DIRECTION ( 'NONE',  ( 0.000000000000000000, 0.000000000000000000, 1.000000000000000000 ) ) ;
#5717 = CARTESIAN_POINT ( 'NONE',  ( 20.55796506004270441, 13.60119746897492377, 10.50000095367419917 ) ) ;
#5718 = DIRECTION ( 'NONE',  ( -1.000000000000000000, 0.000000000000000000, 0.000000000000000000 ) ) ;
#5719 = CARTESIAN_POINT ( 'NONE',  ( -2.798756847521996605, -1.384543285149031355, -10.99999976158160031 ) ) ;
#5720 = CARTESIAN_POINT ( 'NONE',  ( -11.89487497173198705, 14.88000166017600101, -10.99999976158160031 ) ) ;
#5721 = ORIENTED_EDGE ( 'NONE', *, *, #6237, .F. ) ;
#5722 = CYLINDRICAL_SURFACE ( 'NONE', #7253, 19.05000000000000071 ) ;
#5723 = ORIENTED_EDGE ( 'NONE', *, *, #9231, .F. ) ;
#5724 = ORIENTED_EDGE ( 'NONE', *, *, #2638, .T. ) ;
#5725 = PLANE ( 'NONE',  #8414 ) ;
#5726 = DIRECTION ( 'NONE',  ( 0.000000000000000000, 0.000000000000000000, 1.000000000000000000 ) ) ;
#5727 = DIRECTION ( 'NONE',  ( 0.000000000000000000, 0.000000000000000000, 1.000000000000000000 ) ) ;
#5728 = ADVANCED_FACE ( 'NONE', ( #6607 ), #2914, .T. ) ;
#5729 = CARTESIAN_POINT ( 'NONE',  ( 24.60431872659751917, 1.499999999999945821, 5.500000953674160087 ) ) ;
#5730 = CIRCLE ( 'NONE', #1592, 21.55000000000000071 ) ;
#5731 = ORIENTED_EDGE ( 'NONE', *, *, #7793, .T. ) ;
#5732 = EDGE_CURVE ( 'NONE', #7409, #4294, #8134, .T. ) ;
#5733 = DIRECTION ( 'NONE',  ( 0.9984594016228911517, -0.05548714545602558001, 0.000000000000000000 ) ) ;
#5734 = CYLINDRICAL_SURFACE ( 'NONE', #9143, 1.000000000000000000 ) ;
#5736 = FACE_OUTER_BOUND ( 'NONE', #2069, .T. ) ;
#5735 = AXIS2_PLACEMENT_3D ( 'NONE', #8300, #8396, #1823 ) ;
#5737 = DIRECTION ( 'NONE',  ( 0.000000000000000000, 0.000000000000000000, -1.000000000000000000 ) ) ;
#5738 = PLANE ( 'NONE',  #6827 ) ;
#5739 = DIRECTION ( 'NONE',  ( -0.4999999999999998890, -0.8660254037844387076, 0.000000000000000000 ) ) ;
#5740 = ORIENTED_EDGE ( 'NONE', *, *, #931, .T. ) ;
#5741 = ORIENTED_EDGE ( 'NONE', *, *, #6732, .T. ) ;
#5742 = AXIS2_PLACEMENT_3D ( 'NONE', #6318, #2668, #1275 ) ;
#5743 = AXIS2_PLACEMENT_3D ( 'NONE', #2426, #3140, #126 ) ;
#5744 = ORIENTED_EDGE ( 'NONE', *, *, #5684, .F. ) ;
#5745 = DIRECTION ( 'NONE',  ( 0.000000000000000000, 0.000000000000000000, -1.000000000000000000 ) ) ;
#5746 = EDGE_LOOP ( 'NONE', ( #9141, #1299, #4598, #5656 ) ) ;
#5747 = CARTESIAN_POINT ( 'NONE',  ( -17.28683832264898967, 12.86731210496694366, 12.50000095367419917 ) ) ;
#5748 = FACE_OUTER_BOUND ( 'NONE', #3440, .T. ) ;
#5749 = EDGE_CURVE ( 'NONE', #4868, #2502, #5496, .T. ) ;
#5750 = AXIS2_PLACEMENT_3D ( 'NONE', #5242, #8278, #8845 ) ;
#5751 = VECTOR ( 'NONE', #1212, 1000.000000000000000 ) ;
#5752 = CARTESIAN_POINT ( 'NONE',  ( 1.000000000000000888, -10.45227248018398925, -10.99999976158160031 ) ) ;
#5753 = VERTEX_POINT ( 'NONE', #5067 ) ;
#5754 = CARTESIAN_POINT ( 'NONE',  ( 22.05796506004260848, 11.00312125762192750, 22.50000000000000000 ) ) ;
#5755 = ADVANCED_BREP_SHAPE_REPRESENTATION ( '\X2\8f6e6bc2\X0\', ( #18, #6490 ), #2196 ) ;
#5756 = EDGE_CURVE ( 'NONE', #2662, #6269, #3763, .T. ) ;
#5757 = ORIENTED_EDGE ( 'NONE', *, *, #1243, .F. ) ;
#5758 = AXIS2_PLACEMENT_3D ( 'NONE', #3951, #6210, #5491 ) ;
#5759 = EDGE_CURVE ( 'NONE', #809, #8586, #5186, .T. ) ;
#5760 = AXIS2_PLACEMENT_3D ( 'NONE', #935, #4480, #6701 ) ;
#5761 = ORIENTED_EDGE ( 'NONE', *, *, #6301, .F. ) ;
#5762 = EDGE_CURVE ( 'NONE', #9086, #4167, #7372, .T. ) ;
#5763 = CARTESIAN_POINT ( 'NONE',  ( -25.60246553092200728, -1.560851926977968596, 12.50000095367419917 ) ) ;
#5764 = ORIENTED_EDGE ( 'NONE', *, *, #5315, .T. ) ;
#5765 = DIRECTION ( 'NONE',  ( 0.000000000000000000, 0.000000000000000000, -1.000000000000000000 ) ) ;
#5766 = DIRECTION ( 'NONE',  ( 1.000000000000000000, 0.000000000000000000, 0.000000000000000000 ) ) ;
#5767 = VECTOR ( 'NONE', #9266, 1000.000000000000000 ) ;
#5768 = AXIS2_PLACEMENT_3D ( 'NONE', #4654, #1064, #5528 ) ;
#5769 = CIRCLE ( 'NONE', #7917, 1.000000000000000888 ) ;
#5770 = CARTESIAN_POINT ( 'NONE',  ( -12.86731210496699873, 17.28683832264898967, 12.50000095367419917 ) ) ;
#5771 = DIRECTION ( 'NONE',  ( 1.000000000000000000, 0.000000000000000000, 0.000000000000000000 ) ) ;
#5772 = EDGE_CURVE ( 'NONE', #5900, #1591, #837, .T. ) ;
#5773 = LINE ( 'NONE', #8651, #4012 ) ;
#5774 = DIRECTION ( 'NONE',  ( 1.220876328034555964E-16, 6.784746809680940233E-18, -1.000000000000000000 ) ) ;
#5775 = PRESENTATION_LAYER_ASSIGNMENT (  '', '', ( #6546 ) ) ;
#5776 = AXIS2_PLACEMENT_3D ( 'NONE', #5088, #725, #8020 ) ;
#5777 = EDGE_CURVE ( 'NONE', #558, #1577, #8102, .T. ) ;
#5778 = ORIENTED_EDGE ( 'NONE', *, *, #7691, .T. ) ;
#5779 = ORIENTED_EDGE ( 'NONE', *, *, #4066, .T. ) ;
#5780 = PLANE ( 'NONE',  #6416 ) ;
#5781 = CARTESIAN_POINT ( 'NONE',  ( 1.500000000000001332, -24.60431872659807340, 10.50000095367419917 ) ) ;
#5782 = CIRCLE ( 'NONE', #6547, 21.55000000000000071 ) ;
#5783 = DIRECTION ( 'NONE',  ( -0.05548714545610360788, 0.9984594016228869329, 0.000000000000000000 ) ) ;
#5784 = VERTEX_POINT ( 'NONE', #5923 ) ;
#5785 = CIRCLE ( 'NONE', #2727, 0.9999999999999995559 ) ;
#5786 = CIRCLE ( 'NONE', #7170, 0.9999999999999991118 ) ;
#5787 = DIRECTION ( 'NONE',  ( 0.000000000000000000, 0.000000000000000000, 1.000000000000000000 ) ) ;
#5788 = CARTESIAN_POINT ( 'NONE',  ( -20.05796506004299573, -14.46722287276003271, 12.50000095367419917 ) ) ;
#5789 = CARTESIAN_POINT ( 'NONE',  ( 12.86731210496699873, -17.28683832264909981, -4.500000000000158984 ) ) ;
#5790 = DIRECTION ( 'NONE',  ( 0.000000000000000000, 0.000000000000000000, -1.000000000000000000 ) ) ;
#5791 = EDGE_CURVE ( 'NONE', #8657, #4153, #701, .T. ) ;
#5792 = CARTESIAN_POINT ( 'NONE',  ( 0.000000000000000000, 0.000000000000000000, 22.50000000000000000 ) ) ;
#5793 = CARTESIAN_POINT ( 'NONE',  ( 10.45227248018340482, -1.000000000000000888, -10.99999976158160031 ) ) ;
#5794 = CIRCLE ( 'NONE', #3642, 1.000000000000000222 ) ;
#5795 = DIRECTION ( 'NONE',  ( 0.000000000000000000, 0.000000000000000000, -1.000000000000000000 ) ) ;
#5796 = AXIS2_PLACEMENT_3D ( 'NONE', #5713, #2122, #9406 ) ;
#5797 = ORIENTED_EDGE ( 'NONE', *, *, #657, .T. ) ;
#5798 = ORIENTED_EDGE ( 'NONE', *, *, #4236, .T. ) ;
#5799 = ORIENTED_EDGE ( 'NONE', *, *, #6592, .F. ) ;
#5800 = VECTOR ( 'NONE', #1318, 1000.000000000000000 ) ;
#5801 = DIRECTION ( 'NONE',  ( 0.000000000000000000, 0.000000000000000000, 1.000000000000000000 ) ) ;
#5802 = AXIS2_PLACEMENT_3D ( 'NONE', #6043, #2976, #2304 ) ;
#5803 = FACE_BOUND ( 'NONE', #1581, .T. ) ;
#5804 = CARTESIAN_POINT ( 'NONE',  ( 24.60431872659751917, -1.500000000000056843, 22.50000000000000000 ) ) ;
#5805 = CARTESIAN_POINT ( 'NONE',  ( -0.02258221876439383061, 3.749932005169651195, 48.05698003239911031 ) ) ;
#5806 = ORIENTED_EDGE ( 'NONE', *, *, #2021, .F. ) ;
#5807 = VECTOR ( 'NONE', #5688, 1000.000000000000000 ) ;
#5808 = CARTESIAN_POINT ( 'NONE',  ( -22.95281151278301479, -11.44949534515304990, 12.50000095367419917 ) ) ;
#5809 = EDGE_CURVE ( 'NONE', #1220, #1069, #3801, .T. ) ;
#5810 = AXIS2_PLACEMENT_3D ( 'NONE', #803, #5987, #8193 ) ;
#5811 = VECTOR ( 'NONE', #6007, 1000.000000000000000 ) ;
#5812 = ORIENTED_EDGE ( 'NONE', *, *, #1455, .F. ) ;
#5813 = EDGE_CURVE ( 'NONE', #6870, #217, #8858, .T. ) ;
#5814 = ORIENTED_EDGE ( 'NONE', *, *, #1667, .F. ) ;
#5815 = CARTESIAN_POINT ( 'NONE',  ( -14.09889921082299580, 11.27047208607690010, 0.9999999999998441247 ) ) ;
#5816 = ORIENTED_EDGE ( 'NONE', *, *, #4342, .F. ) ;
#5818 = VECTOR ( 'NONE', #4540, 1000.000000000000000 ) ;
#5817 = DIRECTION ( 'NONE',  ( 1.000000000000000000, 0.000000000000000000, 0.000000000000000000 ) ) ;
#5819 = CARTESIAN_POINT ( 'NONE',  ( 0.000000000000000000, 0.000000000000000000, 22.50000000000000000 ) ) ;
#5820 = CYLINDRICAL_SURFACE ( 'NONE', #531, 1.000000000000000000 ) ;
#5821 = PLANE ( 'NONE',  #7538 ) ;
#5822 = LINE ( 'NONE', #9366, #6466 ) ;
#5823 = DIRECTION ( 'NONE',  ( -0.05548714545610360788, 0.9984594016228869329, 0.000000000000000000 ) ) ;
#5824 = ORIENTED_EDGE ( 'NONE', *, *, #1506, .F. ) ;
#5825 = EDGE_LOOP ( 'NONE', ( #4056, #6549, #7425, #8733 ) ) ;
#5826 = EDGE_CURVE ( 'NONE', #6907, #3640, #8563, .T. ) ;
#5827 = ORIENTED_EDGE ( 'NONE', *, *, #1456, .T. ) ;
#5828 = CARTESIAN_POINT ( 'NONE',  ( -8.260266221535985665, -19.30720077974512705, 16.50000095367419917 ) ) ;
#5829 = DIRECTION ( 'NONE',  ( -0.6852547238153542386, -0.7283034830952977989, 0.000000000000000000 ) ) ;
#5830 = DIRECTION ( 'NONE',  ( 0.000000000000000000, 0.000000000000000000, 1.000000000000000000 ) ) ;
#5831 = ORIENTED_EDGE ( 'NONE', *, *, #7937, .F. ) ;
#5832 = EDGE_CURVE ( 'NONE', #1628, #3369, #2955, .T. ) ;
#5833 = DIRECTION ( 'NONE',  ( -0.6667820768063215109, -0.7452527504476912368, 0.000000000000000000 ) ) ;
#5834 = DIRECTION ( 'NONE',  ( 0.000000000000000000, 0.000000000000000000, 1.000000000000000000 ) ) ;
#5835 = DIRECTION ( 'NONE',  ( 0.000000000000000000, 0.000000000000000000, -1.000000000000000000 ) ) ;
#5836 = LINE ( 'NONE', #8762, #6116 ) ;
#5837 = LINE ( 'NONE', #3408, #7327 ) ;
#5838 = FACE_BOUND ( 'NONE', #492, .T. ) ;
#5839 = LINE ( 'NONE', #5881, #210 ) ;
#5840 = VERTEX_POINT ( 'NONE', #2865 ) ;
#5841 = ORIENTED_EDGE ( 'NONE', *, *, #6584, .F. ) ;
#5842 = ORIENTED_EDGE ( 'NONE', *, *, #1894, .F. ) ;
#5843 = VECTOR ( 'NONE', #7156, 1000.000000000000000 ) ;
#5844 = CARTESIAN_POINT ( 'NONE',  ( 2.000000000000001776, -17.93885447847809544, 0.9999999999998441247 ) ) ;
#5845 = CARTESIAN_POINT ( 'NONE',  ( 14.09889921082331554, 11.27047208607690010, 28.99999856948849697 ) ) ;
#5846 = CYLINDRICAL_SURFACE ( 'NONE', #2112, 25.64999999999999858 ) ;
#5847 = CYLINDRICAL_SURFACE ( 'NONE', #649, 1.000000000000000222 ) ;
#5848 = EDGE_LOOP ( 'NONE', ( #2219, #4631, #2453, #6637 ) ) ;
#5849 = DIRECTION ( 'NONE',  ( 1.000000000000000000, 0.000000000000000000, 0.000000000000000000 ) ) ;
#5850 = EDGE_CURVE ( 'NONE', #8628, #481, #5836, .T. ) ;
#5851 = VERTEX_POINT ( 'NONE', #2188 ) ;
#5852 = EDGE_LOOP ( 'NONE', ( #8767, #7085, #4714, #7304 ) ) ;
#5853 = CARTESIAN_POINT ( 'NONE',  ( -7.326798050422994812, 5.912584488048877596, 28.99999856948849697 ) ) ;
#5854 = VERTEX_POINT ( 'NONE', #5110 ) ;
#5855 = LINE ( 'NONE', #1397, #5156 ) ;
#5856 = CARTESIAN_POINT ( 'NONE',  ( -8.000000000000000000, 0.000000000000000000, 11.80000047683700082 ) ) ;
#5857 = EDGE_CURVE ( 'NONE', #1030, #6094, #7182, .T. ) ;
#5858 = EDGE_CURVE ( 'NONE', #113, #7146, #9175, .T. ) ;
#5859 = DIRECTION ( 'NONE',  ( 1.000000000000000000, 0.000000000000000000, 0.000000000000000000 ) ) ;
#5860 = CARTESIAN_POINT ( 'NONE',  ( -10.71501930150438220, 23.01556480047699438, 5.500000953674160087 ) ) ;
#5861 = CYLINDRICAL_SURFACE ( 'NONE', #4787, 1.000000000000000888 ) ;
#5862 = CARTESIAN_POINT ( 'NONE',  ( -17.93885447847799597, -1.000000000000000888, -10.99999976158160031 ) ) ;
#5863 = ORIENTED_EDGE ( 'NONE', *, *, #176, .F. ) ;
#5864 = CIRCLE ( 'NONE', #9384, 1.000000000000000666 ) ;
#5865 = ORIENTED_EDGE ( 'NONE', *, *, #5263, .F. ) ;
#5866 = VERTEX_POINT ( 'NONE', #8854 ) ;
#5867 = FACE_OUTER_BOUND ( 'NONE', #3219, .T. ) ;
#5868 = DIRECTION ( 'NONE',  ( -0.9984594016228911517, 0.05548714545602558001, 0.000000000000000000 ) ) ;
#5869 = EDGE_CURVE ( 'NONE', #8155, #7542, #792, .T. ) ;
#5870 = DIRECTION ( 'NONE',  ( -6.123233995736769734E-17, -1.000000000000000000, 0.000000000000000000 ) ) ;
#5871 = VERTEX_POINT ( 'NONE', #6947 ) ;
#5872 = AXIS2_PLACEMENT_3D ( 'NONE', #8183, #5979, #6903 ) ;
#5873 = ADVANCED_FACE ( 'NONE', ( #3817 ), #3143, .T. ) ;
#5874 = EDGE_CURVE ( 'NONE', #8019, #545, #7669, .T. ) ;
#5875 = CARTESIAN_POINT ( 'NONE',  ( 3.258827488323434718, -1.855409227461041199, 28.99999856948849697 ) ) ;
#5876 = CARTESIAN_POINT ( 'NONE',  ( -2.228303483095416038, 25.28957345041219185, 22.50000000000000000 ) ) ;
#5877 = DIRECTION ( 'NONE',  ( 0.000000000000000000, 0.000000000000000000, 1.000000000000000000 ) ) ;
#5878 = CARTESIAN_POINT ( 'NONE',  ( -0.02258221876442657178, 3.749932005169650751, 21.30000023841839862 ) ) ;
#5879 = CARTESIAN_POINT ( 'NONE',  ( 0.000000000000000000, 0.000000000000000000, -4.500000000000158984 ) ) ;
#5880 = DIRECTION ( 'NONE',  ( 0.000000000000000000, 0.000000000000000000, -1.000000000000000000 ) ) ;
#5881 = CARTESIAN_POINT ( 'NONE',  ( -11.97757886726399867, 13.39179242963695060, 0.9999999999998441247 ) ) ;
#5882 = AXIS2_PLACEMENT_3D ( 'NONE', #5053, #8790, #1403 ) ;
#5883 = ADVANCED_FACE ( 'NONE', ( #6173 ), #8379, .T. ) ;
#5884 = ORIENTED_EDGE ( 'NONE', *, *, #1430, .F. ) ;
#5885 = ORIENTED_EDGE ( 'NONE', *, *, #9489, .T. ) ;
#5886 = ORIENTED_EDGE ( 'NONE', *, *, #9334, .F. ) ;
#5887 = ORIENTED_EDGE ( 'NONE', *, *, #3427, .F. ) ;
#5888 = DIRECTION ( 'NONE',  ( 0.000000000000000000, 0.000000000000000000, 1.000000000000000000 ) ) ;
#5889 = DIRECTION ( 'NONE',  ( 0.000000000000000000, 0.000000000000000000, 1.000000000000000000 ) ) ;
#5890 = DIRECTION ( 'NONE',  ( 0.000000000000000000, 0.000000000000000000, 1.000000000000000000 ) ) ;
#5891 = AXIS2_PLACEMENT_3D ( 'NONE', #1400, #4318, #7261 ) ;
#5892 = DIRECTION ( 'NONE',  ( 0.4999999999999998890, -0.8660254037844387076, 0.000000000000000000 ) ) ;
#5893 = VERTEX_POINT ( 'NONE', #5250 ) ;
#5894 = VERTEX_POINT ( 'NONE', #7519 ) ;
#5895 = CARTESIAN_POINT ( 'NONE',  ( 2.500000000000002220, -21.40449719101100712, 16.49999856948839749 ) ) ;
#5896 = ORIENTED_EDGE ( 'NONE', *, *, #955, .F. ) ;
#5897 = CIRCLE ( 'NONE', #2543, 25.64999999999999858 ) ;
#5898 = ORIENTED_EDGE ( 'NONE', *, *, #2044, .F. ) ;
#5899 = FACE_OUTER_BOUND ( 'NONE', #8693, .T. ) ;
#5900 = VERTEX_POINT ( 'NONE', #272 ) ;
#5901 = LINE ( 'NONE', #677, #5924 ) ;
#5902 = DIRECTION ( 'NONE',  ( 0.000000000000000000, 0.000000000000000000, -1.000000000000000000 ) ) ;
#5903 = CIRCLE ( 'NONE', #2695, 1.000000000000000444 ) ;
#5904 = DIRECTION ( 'NONE',  ( -0.9999818680452402520, -0.006021925003838838990, 0.000000000000000000 ) ) ;
#5905 = AXIS2_PLACEMENT_3D ( 'NONE', #1238, #8438, #7676 ) ;
#5906 = LINE ( 'NONE', #7358, #1412 ) ;
#5907 = EDGE_CURVE ( 'NONE', #4599, #5951, #2739, .T. ) ;
#5908 = DIRECTION ( 'NONE',  ( 1.000000000000000000, 0.000000000000000000, 0.000000000000000000 ) ) ;
#5909 = CIRCLE ( 'NONE', #3917, 1.000000000000000222 ) ;
#5910 = CIRCLE ( 'NONE', #3608, 25.64999999999999858 ) ;
#5911 = VERTEX_POINT ( 'NONE', #5403 ) ;
#5912 = ORIENTED_EDGE ( 'NONE', *, *, #6156, .T. ) ;
#5913 = ORIENTED_EDGE ( 'NONE', *, *, #6104, .T. ) ;
#5914 = CARTESIAN_POINT ( 'NONE',  ( 23.01556480047763742, -10.71501930150547466, 5.500000953674160087 ) ) ;
#5915 = PLANE ( 'NONE',  #8058 ) ;
#5916 = CARTESIAN_POINT ( 'NONE',  ( -12.86731210496699873, 17.28683832264799136, 16.49999856948839749 ) ) ;
#5917 = ORIENTED_EDGE ( 'NONE', *, *, #423, .T. ) ;
#5918 = AXIS2_PLACEMENT_3D ( 'NONE', #2746, #4676, #9408 ) ;
#5919 = ORIENTED_EDGE ( 'NONE', *, *, #874, .T. ) ;
#5920 = EDGE_CURVE ( 'NONE', #8586, #2401, #3910, .T. ) ;
#5921 = FACE_OUTER_BOUND ( 'NONE', #1853, .T. ) ;
#5922 = DIRECTION ( 'NONE',  ( -0.7283034830953664107, -0.6852547238152811859, 0.000000000000000000 ) ) ;
#5923 = CARTESIAN_POINT ( 'NONE',  ( -14.57455414890890744, 20.78726131738163474, 22.50000000000000000 ) ) ;
#5924 = VECTOR ( 'NONE', #8117, 1000.000000000000000 ) ;
#5925 = DIRECTION ( 'NONE',  ( 0.000000000000000000, 0.000000000000000000, -1.000000000000000000 ) ) ;
#5926 = CARTESIAN_POINT ( 'NONE',  ( 21.39195958580511459, -14.15297018576999832, -4.500000000000158984 ) ) ;
#5927 = DIRECTION ( 'NONE',  ( 0.6852547238153542386, -0.7283034830952977989, 0.000000000000000000 ) ) ;
#5928 = ADVANCED_FACE ( 'NONE', ( #5448 ), #6019, .T. ) ;
#5929 = ADVANCED_FACE ( 'NONE', ( #1805 ), #221, .F. ) ;
#5930 = VERTEX_POINT ( 'NONE', #8948 ) ;
#5931 = EDGE_LOOP ( 'NONE', ( #9346, #494, #1287, #3261 ) ) ;
#5932 = CIRCLE ( 'NONE', #1035, 1.000000000000000444 ) ;
#5933 = ORIENTED_EDGE ( 'NONE', *, *, #6135, .T. ) ;
#5934 = DIRECTION ( 'NONE',  ( 0.000000000000000000, 0.000000000000000000, -1.000000000000000000 ) ) ;
#5935 = DIRECTION ( 'NONE',  ( 0.000000000000000000, 0.000000000000000000, -1.000000000000000000 ) ) ;
#5936 = CARTESIAN_POINT ( 'NONE',  ( -22.55796506004299928, 10.13709585383804068, 10.50000095367419917 ) ) ;
#5937 = AXIS2_PLACEMENT_3D ( 'NONE', #6972, #1875, #1016 ) ;
#5938 = EDGE_CURVE ( 'NONE', #4235, #5575, #5355, .T. ) ;
#5939 = DIRECTION ( 'NONE',  ( 1.000000000000000000, 0.000000000000000000, 0.000000000000000000 ) ) ;
#5940 = CIRCLE ( 'NONE', #8403, 25.64999999999999858 ) ;
#5941 = PLANE ( 'NONE',  #5096 ) ;
#5942 = ORIENTED_EDGE ( 'NONE', *, *, #1878, .F. ) ;
#5943 = EDGE_CURVE ( 'NONE', #8366, #7539, #3654, .T. ) ;
#5944 = ORIENTED_EDGE ( 'NONE', *, *, #8470, .T. ) ;
#5945 = DIRECTION ( 'NONE',  ( 1.000000000000000000, 0.000000000000000000, 0.000000000000000000 ) ) ;
#5946 = VECTOR ( 'NONE', #6899, 1000.000000000000000 ) ;
#5947 = ORIENTED_EDGE ( 'NONE', *, *, #4947, .T. ) ;
#5948 = AXIS2_PLACEMENT_3D ( 'NONE', #4662, #5486, #4808 ) ;
#5949 = ORIENTED_EDGE ( 'NONE', *, *, #7872, .F. ) ;
#5950 = DIRECTION ( 'NONE',  ( 0.000000000000000000, 0.000000000000000000, 1.000000000000000000 ) ) ;
#5951 = VERTEX_POINT ( 'NONE', #1709 ) ;
#5952 = CIRCLE ( 'NONE', #4731, 21.55000000000000071 ) ;
#5953 = DIRECTION ( 'NONE',  ( 0.9984594016228911517, -0.05548714545602558001, 0.000000000000000000 ) ) ;
#5954 = DIRECTION ( 'NONE',  ( 0.000000000000000000, 0.000000000000000000, -1.000000000000000000 ) ) ;
#5955 = AXIS2_PLACEMENT_3D ( 'NONE', #4829, #1193, #4112 ) ;
#5956 = AXIS2_PLACEMENT_3D ( 'NONE', #3364, #7017, #3886 ) ;
#5957 = CARTESIAN_POINT ( 'NONE',  ( 24.60431872659751917, 2.499999999999946709, -4.500000000000158984 ) ) ;
#5958 = CIRCLE ( 'NONE', #4126, 1.000000000000001110 ) ;
#5959 = CARTESIAN_POINT ( 'NONE',  ( -3.236245269559040239, -1.894522777708608441, 48.05698003239911031 ) ) ;
#5960 = FACE_OUTER_BOUND ( 'NONE', #3081, .T. ) ;
#5961 = ORIENTED_EDGE ( 'NONE', *, *, #3524, .T. ) ;
#5962 = AXIS2_PLACEMENT_3D ( 'NONE', #802, #3154, #7574 ) ;
#5963 = ORIENTED_EDGE ( 'NONE', *, *, #7474, .T. ) ;
#5964 = EDGE_CURVE ( 'NONE', #2332, #6258, #6844, .T. ) ;
#5965 = VERTEX_POINT ( 'NONE', #173 ) ;
#5966 = FACE_OUTER_BOUND ( 'NONE', #7210, .T. ) ;
#5967 = PLANE ( 'NONE',  #4369 ) ;
#5968 = VECTOR ( 'NONE', #7235, 1000.000000000000000 ) ;
#5969 = CARTESIAN_POINT ( 'NONE',  ( 18.68410722892548748, 1.333217923193781962, 28.99999856948849697 ) ) ;
#5970 = ORIENTED_EDGE ( 'NONE', *, *, #4257, .F. ) ;
#5971 = ORIENTED_EDGE ( 'NONE', *, *, #8984, .T. ) ;
#5972 = EDGE_CURVE ( 'NONE', #8705, #1693, #4626, .T. ) ;
#5973 = DIRECTION ( 'NONE',  ( -0.6852547238152568720, 0.7283034830953893923, 0.000000000000000000 ) ) ;
#5974 = CARTESIAN_POINT ( 'NONE',  ( -21.39195958580499024, -14.15297018576999832, 5.500000953674160087 ) ) ;
#5975 = DIRECTION ( 'NONE',  ( 0.9733566799329029795, 0.2292962573397054060, 0.000000000000000000 ) ) ;
#5976 = CARTESIAN_POINT ( 'NONE',  ( -20.05796506004299573, 14.46722287275992258, 5.500000953674160087 ) ) ;
#5977 = CARTESIAN_POINT ( 'NONE',  ( 14.09889921082331554, 11.27047208607690010, 0.9999999999998441247 ) ) ;
#5978 = EDGE_CURVE ( 'NONE', #6380, #9026, #6128, .T. ) ;
#5979 = DIRECTION ( 'NONE',  ( 0.000000000000000000, 0.000000000000000000, 1.000000000000000000 ) ) ;
#5980 = EDGE_CURVE ( 'NONE', #6191, #2988, #9323, .T. ) ;
#5981 = VERTEX_POINT ( 'NONE', #886 ) ;
#5982 = ORIENTED_EDGE ( 'NONE', *, *, #2770, .T. ) ;
#5983 = VERTEX_POINT ( 'NONE', #934 ) ;
#5984 = CYLINDRICAL_SURFACE ( 'NONE', #6727, 1.000000000000001110 ) ;
#5985 = LINE ( 'NONE', #3871, #3913 ) ;
#5986 = DIRECTION ( 'NONE',  ( 3.770471112782575013E-19, 6.784746809671239709E-18, -1.000000000000000000 ) ) ;
#5987 = DIRECTION ( 'NONE',  ( 0.000000000000000000, 0.000000000000000000, 1.000000000000000000 ) ) ;
#5988 = CARTESIAN_POINT ( 'NONE',  ( 0.000000000000000000, 0.000000000000000000, 12.50000095367419917 ) ) ;
#5989 = ADVANCED_FACE ( 'NONE', ( #2376 ), #4677, .T. ) ;
#5990 = LINE ( 'NONE', #8919, #6477 ) ;
#5991 = ORIENTED_EDGE ( 'NONE', *, *, #9043, .T. ) ;
#5992 = ORIENTED_EDGE ( 'NONE', *, *, #3466, .T. ) ;
#5993 = CARTESIAN_POINT ( 'NONE',  ( -20.55796506004299573, -13.60119746897603399, 12.50000095367419917 ) ) ;
#5994 = VECTOR ( 'NONE', #4365, 1000.000000000000000 ) ;
#5995 = EDGE_LOOP ( 'NONE', ( #3564, #2159, #5824, #6310 ) ) ;
#5996 = ORIENTED_EDGE ( 'NONE', *, *, #3191, .T. ) ;
#5997 = DIRECTION ( 'NONE',  ( 0.000000000000000000, 0.000000000000000000, -1.000000000000000000 ) ) ;
#5998 = EDGE_LOOP ( 'NONE', ( #389, #5003, #3008, #4716 ) ) ;
#5999 = DIRECTION ( 'NONE',  ( 1.000000000000000000, 0.000000000000000000, 0.000000000000000000 ) ) ;
#6000 = LINE ( 'NONE', #5229, #557 ) ;
#6001 = DIRECTION ( 'NONE',  ( 0.000000000000000000, 0.000000000000000000, 1.000000000000000000 ) ) ;
#6002 = DIRECTION ( 'NONE',  ( 0.000000000000000000, 0.000000000000000000, 1.000000000000000000 ) ) ;
#6003 = CARTESIAN_POINT ( 'NONE',  ( 24.60431872659751917, 1.499999999999945821, 12.50000095367419917 ) ) ;
#6004 = ORIENTED_EDGE ( 'NONE', *, *, #4055, .T. ) ;
#6005 = ORIENTED_EDGE ( 'NONE', *, *, #2647, .T. ) ;
#6006 = VERTEX_POINT ( 'NONE', #1753 ) ;
#6007 = DIRECTION ( 'NONE',  ( 0.000000000000000000, 0.000000000000000000, -1.000000000000000000 ) ) ;
#6008 = AXIS2_PLACEMENT_3D ( 'NONE', #5189, #8121, #8213 ) ;
#6009 = DIRECTION ( 'NONE',  ( 1.000000000000000000, 0.000000000000000000, 0.000000000000000000 ) ) ;
#6010 = CIRCLE ( 'NONE', #5243, 25.64999999999999858 ) ;
#6011 = CARTESIAN_POINT ( 'NONE',  ( 21.39195958580511459, 14.15297018576899823, 12.50000095367419917 ) ) ;
#6012 = ORIENTED_EDGE ( 'NONE', *, *, #9060, .F. ) ;
#6013 = ORIENTED_EDGE ( 'NONE', *, *, #9258, .F. ) ;
#6014 = AXIS2_PLACEMENT_3D ( 'NONE', #180, #6132, #1089 ) ;
#6015 = EDGE_CURVE ( 'NONE', #6070, #8447, #7615, .T. ) ;
#6016 = CIRCLE ( 'NONE', #1126, 1.000000000000001110 ) ;
#6017 = DIRECTION ( 'NONE',  ( -0.9984594016228911517, 0.05548714545602558001, 0.000000000000000000 ) ) ;
#6018 = DIRECTION ( 'NONE',  ( 1.000000000000000000, 0.000000000000000000, 0.000000000000000000 ) ) ;
#6019 = CYLINDRICAL_SURFACE ( 'NONE', #3352, 0.9999999999999994449 ) ;
#6020 = DIRECTION ( 'NONE',  ( -1.000000000000000000, 0.000000000000000000, 0.000000000000000000 ) ) ;
#6021 = CARTESIAN_POINT ( 'NONE',  ( 1.500000000000001332, 24.60431872659696495, 10.50000095367419917 ) ) ;
#6022 = AXIS2_PLACEMENT_3D ( 'NONE', #3536, #8721, #3579 ) ;
#6023 = ADVANCED_FACE ( 'NONE', ( #9282 ), #4872, .T. ) ;
#6024 = CYLINDRICAL_SURFACE ( 'NONE', #3563, 1.000000000000000000 ) ;
#6025 = ORIENTED_EDGE ( 'NONE', *, *, #578, .F. ) ;
#6026 = EDGE_LOOP ( 'NONE', ( #1435, #9320, #7687, #2202 ) ) ;
#6027 = DIRECTION ( 'NONE',  ( 0.000000000000000000, 0.000000000000000000, -1.000000000000000000 ) ) ;
#6028 = CYLINDRICAL_SURFACE ( 'NONE', #5602, 1.000000000000000666 ) ;
#6029 = DIRECTION ( 'NONE',  ( 0.6852547238153542386, -0.7283034830952977989, 0.000000000000000000 ) ) ;
#6030 = CARTESIAN_POINT ( 'NONE',  ( -20.78726131738262239, -14.57455414890895717, 10.50000095367419917 ) ) ;
#6031 = CIRCLE ( 'NONE', #979, 0.9999999999999985567 ) ;
#6032 = CARTESIAN_POINT ( 'NONE',  ( 17.93885447847770465, -2.000000000000001776, 0.9999999999998441247 ) ) ;
#6033 = EDGE_CURVE ( 'NONE', #6704, #3335, #5547, .T. ) ;
#6034 = CYLINDRICAL_SURFACE ( 'NONE', #5279, 1.000000000000001110 ) ;
#6035 = CARTESIAN_POINT ( 'NONE',  ( 1.500000000000001332, -24.60431872659807340, 12.50000095367419917 ) ) ;
#6036 = ORIENTED_EDGE ( 'NONE', *, *, #6308, .T. ) ;
#6037 = EDGE_LOOP ( 'NONE', ( #6529, #7640, #780, #6587 ) ) ;
#6038 = CARTESIAN_POINT ( 'NONE',  ( -11.97757886726399867, 13.39179242963695060, -10.99999976158160031 ) ) ;
#6039 = CIRCLE ( 'NONE', #526, 19.05000000000000071 ) ;
#6040 = ORIENTED_EDGE ( 'NONE', *, *, #9251, .F. ) ;
#6041 = EDGE_CURVE ( 'NONE', #8334, #6380, #5680, .T. ) ;
#6042 = ORIENTED_EDGE ( 'NONE', *, *, #3671, .F. ) ;
#6043 = CARTESIAN_POINT ( 'NONE',  ( 1.500000000000001332, -24.60431872659807340, 10.50000095367419917 ) ) ;
#6044 = ORIENTED_EDGE ( 'NONE', *, *, #5920, .F. ) ;
#6045 = DIRECTION ( 'NONE',  ( -1.000000000000000000, 0.000000000000000000, 0.000000000000000000 ) ) ;
#6046 = CARTESIAN_POINT ( 'NONE',  ( -1.560851926977996351, 25.60246553092193622, 12.50000095367419917 ) ) ;
#6047 = CIRCLE ( 'NONE', #228, 1.000000000000000888 ) ;
#6048 = CARTESIAN_POINT ( 'NONE',  ( 20.55796506004270441, 13.60119746897492377, 22.50000000000000000 ) ) ;
#6049 = EDGE_CURVE ( 'NONE', #8748, #5530, #9235, .T. ) ;
#6050 = DIRECTION ( 'NONE',  ( 0.000000000000000000, 0.000000000000000000, -1.000000000000000000 ) ) ;
#6051 = DIRECTION ( 'NONE',  ( 0.2881019561176107469, -0.9575997404350141684, 0.000000000000000000 ) ) ;
#6052 = EDGE_CURVE ( 'NONE', #7539, #298, #417, .T. ) ;
#6053 = ORIENTED_EDGE ( 'NONE', *, *, #5938, .T. ) ;
#6054 = VECTOR ( 'NONE', #5303, 1000.000000000000000 ) ;
#6055 = AXIS2_PLACEMENT_3D ( 'NONE', #8283, #3047, #2323 ) ;
#6056 = ORIENTED_EDGE ( 'NONE', *, *, #5290, .F. ) ;
#6057 = FACE_OUTER_BOUND ( 'NONE', #2268, .T. ) ;
#6058 = ORIENTED_EDGE ( 'NONE', *, *, #931, .F. ) ;
#6059 = CARTESIAN_POINT ( 'NONE',  ( 11.00312125762210869, 22.05796506004198321, 12.50000095367419917 ) ) ;
#6060 = AXIS2_PLACEMENT_3D ( 'NONE', #3920, #230, #3206 ) ;
#6061 = EDGE_CURVE ( 'NONE', #313, #9229, #4258, .T. ) ;
#6062 = DIRECTION ( 'NONE',  ( 0.7283034830953664107, -0.6852547238152811859, 0.000000000000000000 ) ) ;
#6063 = VECTOR ( 'NONE', #3278, 1000.000000000000000 ) ;
#6064 = AXIS2_PLACEMENT_3D ( 'NONE', #819, #7448, #2262 ) ;
#6065 = DIRECTION ( 'NONE',  ( 0.000000000000000000, 0.000000000000000000, 1.000000000000000000 ) ) ;
#6066 = ORIENTED_EDGE ( 'NONE', *, *, #1876, .F. ) ;
#6067 = VERTEX_POINT ( 'NONE', #602 ) ;
#6068 = EDGE_CURVE ( 'NONE', #545, #721, #5175, .T. ) ;
#6069 = CIRCLE ( 'NONE', #4845, 25.64999999999999858 ) ;
#6070 = VERTEX_POINT ( 'NONE', #4821 ) ;
#6071 = PLANE ( 'NONE',  #8198 ) ;
#6072 = FACE_OUTER_BOUND ( 'NONE', #5608, .T. ) ;
#6073 = CARTESIAN_POINT ( 'NONE',  ( 0.02258221876442543380, -3.749932005169645866, 21.30000023841839862 ) ) ;
#6074 = DIRECTION ( 'NONE',  ( 0.000000000000000000, 0.000000000000000000, -1.000000000000000000 ) ) ;
#6075 = CARTESIAN_POINT ( 'NONE',  ( -20.55796506004299573, 13.60119746897492377, 22.50000000000000000 ) ) ;
#6076 = VECTOR ( 'NONE', #2863, 1000.000000000000000 ) ;
#6077 = CIRCLE ( 'NONE', #7916, 1.000000000000000222 ) ;
#6078 = DIRECTION ( 'NONE',  ( 1.220876328034555964E-16, 6.784746809680940233E-18, -1.000000000000000000 ) ) ;
#6079 = ORIENTED_EDGE ( 'NONE', *, *, #4696, .F. ) ;
#6080 = ORIENTED_EDGE ( 'NONE', *, *, #4934, .F. ) ;
#6081 = ADVANCED_FACE ( 'NONE', ( #464 ), #7757, .T. ) ;
#6082 = CIRCLE ( 'NONE', #3632, 1.000000000000001110 ) ;
#6083 = EDGE_CURVE ( 'NONE', #4344, #1474, #6414, .T. ) ;
#6084 = LINE ( 'NONE', #2439, #8418 ) ;
#6085 = CARTESIAN_POINT ( 'NONE',  ( -24.60431872659797747, 2.499999999999946709, 10.50000095367419917 ) ) ;
#6086 = CARTESIAN_POINT ( 'NONE',  ( -20.05796506004299573, 14.46722287275992258, 22.50000000000000000 ) ) ;
#6087 = CARTESIAN_POINT ( 'NONE',  ( 11.00312125762210869, 22.05796506004198321, 10.50000095367419917 ) ) ;
#6088 = CARTESIAN_POINT ( 'NONE',  ( 10.71501930150446391, -23.01556480047798914, 22.50000000000000000 ) ) ;
#6089 = EDGE_CURVE ( 'NONE', #2763, #1217, #505, .T. ) ;
#6090 = DIRECTION ( 'NONE',  ( 0.7283034830954154826, 0.6852547238152291165, 0.000000000000000000 ) ) ;
#6091 = DIRECTION ( 'NONE',  ( 0.000000000000000000, 0.000000000000000000, 1.000000000000000000 ) ) ;
#6092 = AXIS2_PLACEMENT_3D ( 'NONE', #92, #8685, #7203 ) ;
#6093 = ORIENTED_EDGE ( 'NONE', *, *, #4667, .F. ) ;
#6094 = VERTEX_POINT ( 'NONE', #8430 ) ;
#6095 = DIRECTION ( 'NONE',  ( 0.000000000000000000, 0.000000000000000000, -1.000000000000000000 ) ) ;
#6096 = ADVANCED_FACE ( 'NONE', ( #2575 ), #1184, .T. ) ;
#6097 = ORIENTED_EDGE ( 'NONE', *, *, #6089, .F. ) ;
#6098 = AXIS2_PLACEMENT_3D ( 'NONE', #2734, #6382, #4980 ) ;
#6099 = ORIENTED_EDGE ( 'NONE', *, *, #7172, .T. ) ;
#6100 = DIRECTION ( 'NONE',  ( -1.000000000000000000, 0.000000000000000000, 0.000000000000000000 ) ) ;
#6101 = EDGE_LOOP ( 'NONE', ( #5085, #3979, #4974, #6240 ) ) ;
#6102 = FACE_OUTER_BOUND ( 'NONE', #6107, .T. ) ;
#6103 = CARTESIAN_POINT ( 'NONE',  ( 0.000000000000000000, 0.000000000000000000, 22.50000000000000000 ) ) ;
#6104 = EDGE_CURVE ( 'NONE', #3784, #8585, #2894, .T. ) ;
#6105 = CARTESIAN_POINT ( 'NONE',  ( -23.01556480047799624, 10.71501930150425963, 12.50000095367419917 ) ) ;
#6106 = AXIS2_PLACEMENT_3D ( 'NONE', #5879, #9216, #1210 ) ;
#6107 = EDGE_LOOP ( 'NONE', ( #8130, #7847, #1911, #8727 ) ) ;
#6108 = CARTESIAN_POINT ( 'NONE',  ( 0.000000000000000000, 0.000000000000000000, 28.99999856948849697 ) ) ;
#6109 = ADVANCED_FACE ( 'NONE', ( #8521 ), #1945, .T. ) ;
#6110 = CIRCLE ( 'NONE', #5948, 1.000000000000000666 ) ;
#6111 = ORIENTED_EDGE ( 'NONE', *, *, #4564, .T. ) ;
#6112 = AXIS2_PLACEMENT_3D ( 'NONE', #6218, #2574, #5499 ) ;
#6113 = ORIENTED_EDGE ( 'NONE', *, *, #387, .F. ) ;
#6114 = LINE ( 'NONE', #6342, #5032 ) ;
#6115 = VERTEX_POINT ( 'NONE', #3475 ) ;
#6116 = VECTOR ( 'NONE', #7324, 1000.000000000000000 ) ;
#6117 = CARTESIAN_POINT ( 'NONE',  ( -0.02258221876439383061, 3.749932005169651195, 21.30000023841839862 ) ) ;
#6118 = VECTOR ( 'NONE', #2257, 1000.000000000000000 ) ;
#6119 = FACE_OUTER_BOUND ( 'NONE', #7175, .T. ) ;
#6120 = DIRECTION ( 'NONE',  ( 0.000000000000000000, 0.000000000000000000, -1.000000000000000000 ) ) ;
#6121 = EDGE_LOOP ( 'NONE', ( #1245, #1293, #9034, #5391 ) ) ;
#6122 = EDGE_LOOP ( 'NONE', ( #5238, #7207, #5273, #8467, #5812, #5887, #5095, #4404 ) ) ;
#6123 = AXIS2_PLACEMENT_3D ( 'NONE', #7291, #2965, #4259 ) ;
#6124 = VECTOR ( 'NONE', #926, 1000.000000000000000 ) ;
#6125 = ORIENTED_EDGE ( 'NONE', *, *, #8880, .F. ) ;
#6126 = CARTESIAN_POINT ( 'NONE',  ( 0.02258221876439378203, -3.749932005169651195, 48.05698003239911031 ) ) ;
#6127 = FACE_OUTER_BOUND ( 'NONE', #2888, .T. ) ;
#6128 = LINE ( 'NONE', #6073, #3493 ) ;
#6129 = LINE ( 'NONE', #6747, #4524 ) ;
#6130 = PLANE ( 'NONE',  #3297 ) ;
#6131 = VECTOR ( 'NONE', #3686, 1000.000000000000000 ) ;
#6132 = DIRECTION ( 'NONE',  ( 0.000000000000000000, 0.000000000000000000, 1.000000000000000000 ) ) ;
#6133 = ORIENTED_EDGE ( 'NONE', *, *, #3283, .F. ) ;
#6134 = ORIENTED_EDGE ( 'NONE', *, *, #5271, .T. ) ;
#6135 = EDGE_CURVE ( 'NONE', #8019, #7058, #6994, .T. ) ;
#6136 = EDGE_CURVE ( 'NONE', #7684, #2763, #7088, .T. ) ;
#6137 = DIRECTION ( 'NONE',  ( 0.8660254037844387076, -0.4999999999999998890, 0.000000000000000000 ) ) ;
#6138 = DIRECTION ( 'NONE',  ( 0.000000000000000000, 0.000000000000000000, -1.000000000000000000 ) ) ;
#6139 = CARTESIAN_POINT ( 'NONE',  ( 12.86731210496659727, -17.28683832264810150, 16.49999856948839749 ) ) ;
#6140 = FACE_OUTER_BOUND ( 'NONE', #5533, .T. ) ;
#6141 = DIRECTION ( 'NONE',  ( 0.000000000000000000, 0.000000000000000000, 1.000000000000000000 ) ) ;
#6142 = DIRECTION ( 'NONE',  ( 0.000000000000000000, 0.000000000000000000, -1.000000000000000000 ) ) ;
#6143 = CARTESIAN_POINT ( 'NONE',  ( 0.000000000000000000, 0.000000000000000000, 5.500000953674160087 ) ) ;
#6144 = ORIENTED_EDGE ( 'NONE', *, *, #6068, .T. ) ;
#6145 = EDGE_LOOP ( 'NONE', ( #6144, #7155, #5142, #3333 ) ) ;
#6146 = CARTESIAN_POINT ( 'NONE',  ( 1.333217923193679821, -18.68410722892578590, 0.9999999999998441247 ) ) ;
#6147 = ORIENTED_EDGE ( 'NONE', *, *, #3284, .T. ) ;
#6148 = VERTEX_POINT ( 'NONE', #2714 ) ;
#6149 = FACE_OUTER_BOUND ( 'NONE', #5239, .T. ) ;
#6150 = ORIENTED_EDGE ( 'NONE', *, *, #1243, .T. ) ;
#6151 = FACE_OUTER_BOUND ( 'NONE', #2065, .T. ) ;
#6152 = CARTESIAN_POINT ( 'NONE',  ( 2.500000000000002220, -24.60431872659807340, 22.50000000000000000 ) ) ;
#6153 = CARTESIAN_POINT ( 'NONE',  ( -8.537185086044992488, -19.78683832264904652, 12.50000095367419917 ) ) ;
#6154 = CIRCLE ( 'NONE', #2012, 1.000000000000000000 ) ;
#6156 = EDGE_CURVE ( 'NONE', #3738, #7598, #8568, .T. ) ;
#6155 = ORIENTED_EDGE ( 'NONE', *, *, #7793, .F. ) ;
#6157 = CARTESIAN_POINT ( 'NONE',  ( -1.000000000000000888, 17.93885447847687331, -10.99999976158160031 ) ) ;
#6158 = ORIENTED_EDGE ( 'NONE', *, *, #3894, .T. ) ;
#6159 = VERTEX_POINT ( 'NONE', #4916 ) ;
#6160 = CARTESIAN_POINT ( 'NONE',  ( 0.000000000000000000, 0.000000000000000000, 12.50000095367419917 ) ) ;
#6161 = ORIENTED_EDGE ( 'NONE', *, *, #1568, .T. ) ;
#6162 = AXIS2_PLACEMENT_3D ( 'NONE', #150, #3068, #3735 ) ;
#6163 = CARTESIAN_POINT ( 'NONE',  ( -2.228303483095367632, -25.28957345041335358, 12.50000095367419917 ) ) ;
#6164 = CARTESIAN_POINT ( 'NONE',  ( -14.15297018576999832, -21.39195958580497603, 5.500000953674160087 ) ) ;
#6165 = VECTOR ( 'NONE', #4366, 1000.000000000000000 ) ;
#6166 = CARTESIAN_POINT ( 'NONE',  ( -20.55796506004299573, -13.60119746897603399, 5.500000953674160087 ) ) ;
#6167 = ORIENTED_EDGE ( 'NONE', *, *, #4000, .T. ) ;
#6168 = ORIENTED_EDGE ( 'NONE', *, *, #2950, .F. ) ;
#6169 = ORIENTED_EDGE ( 'NONE', *, *, #8868, .F. ) ;
#6170 = DIRECTION ( 'NONE',  ( -0.7283034830954149275, 0.6852547238152297826, 0.000000000000000000 ) ) ;
#6171 = EDGE_CURVE ( 'NONE', #2053, #6290, #1065, .T. ) ;
#6172 = DIRECTION ( 'NONE',  ( -0.7071067811865470176, 0.7071067811865480168, 0.000000000000000000 ) ) ;
#6173 = FACE_OUTER_BOUND ( 'NONE', #3990, .T. ) ;
#6174 = DIRECTION ( 'NONE',  ( 0.000000000000000000, 0.000000000000000000, 1.000000000000000000 ) ) ;
#6175 = DIRECTION ( 'NONE',  ( 1.000000000000000000, 0.000000000000000000, 0.000000000000000000 ) ) ;
#6176 = AXIS2_PLACEMENT_3D ( 'NONE', #4960, #1771, #3978 ) ;
#6177 = CARTESIAN_POINT ( 'NONE',  ( -11.00312125762199855, 22.05796506004198321, 10.50000095367419917 ) ) ;
#6178 = EDGE_CURVE ( 'NONE', #8109, #1812, #9375, .T. ) ;
#6179 = VERTEX_POINT ( 'NONE', #2807 ) ;
#6180 = EDGE_LOOP ( 'NONE', ( #6168, #7807, #2732, #4084, #6377, #8683, #328, #859 ) ) ;
#6181 = EDGE_CURVE ( 'NONE', #1577, #3287, #5009, .T. ) ;
#6182 = CIRCLE ( 'NONE', #7555, 21.55000000000000071 ) ;
#6183 = DIRECTION ( 'NONE',  ( 0.000000000000000000, 0.000000000000000000, 1.000000000000000000 ) ) ;
#6184 = DIRECTION ( 'NONE',  ( 1.000000000000000000, 0.000000000000000000, 0.000000000000000000 ) ) ;
#6185 = DIRECTION ( 'NONE',  ( 0.9984594016228911517, 0.05548714545602558001, 0.000000000000000000 ) ) ;
#6186 = FACE_OUTER_BOUND ( 'NONE', #62, .T. ) ;
#6187 = CARTESIAN_POINT ( 'NONE',  ( 0.000000000000000000, 0.000000000000000000, 21.30000023841839862 ) ) ;
#6188 = EDGE_CURVE ( 'NONE', #3382, #2460, #9485, .T. ) ;
#6189 = LINE ( 'NONE', #9115, #993 ) ;
#6190 = CARTESIAN_POINT ( 'NONE',  ( -20.78726131738259753, 14.57455414890785050, 5.500000953674160087 ) ) ;
#6191 = VERTEX_POINT ( 'NONE', #375 ) ;
#6192 = VERTEX_POINT ( 'NONE', #8956 ) ;
#6193 = EDGE_CURVE ( 'NONE', #1170, #4038, #303, .T. ) ;
#6194 = ORIENTED_EDGE ( 'NONE', *, *, #4831, .F. ) ;
#6195 = VERTEX_POINT ( 'NONE', #9108 ) ;
#6196 = CARTESIAN_POINT ( 'NONE',  ( -11.00312125762199855, 22.05796506004198321, -4.500000000000158984 ) ) ;
#6197 = CYLINDRICAL_SURFACE ( 'NONE', #8538, 1.000000000000001110 ) ;
#6198 = CARTESIAN_POINT ( 'NONE',  ( -5.912584488049987819, -7.326798050423022346, -10.99999976158160031 ) ) ;
#6199 = CARTESIAN_POINT ( 'NONE',  ( 2.500000000000002220, -21.40449719101200543, 22.50000000000000000 ) ) ;
#6200 = AXIS2_PLACEMENT_3D ( 'NONE', #6166, #8372, #2520 ) ;
#6201 = EDGE_LOOP ( 'NONE', ( #349, #135, #2671, #2787, #3684, #8976, #8175, #6684 ) ) ;
#6202 = PLANE ( 'NONE',  #988 ) ;
#6203 = ORIENTED_EDGE ( 'NONE', *, *, #3940, .F. ) ;
#6204 = VECTOR ( 'NONE', #7864, 1000.000000000000000 ) ;
#6205 = ORIENTED_EDGE ( 'NONE', *, *, #2895, .F. ) ;
#6206 = DIRECTION ( 'NONE',  ( 0.000000000000000000, 0.000000000000000000, 1.000000000000000000 ) ) ;
#6207 = ORIENTED_EDGE ( 'NONE', *, *, #1162, .T. ) ;
#6208 = ADVANCED_FACE ( 'NONE', ( #4014 ), #4634, .T. ) ;
#6209 = LINE ( 'NONE', #9225, #3046 ) ;
#6210 = DIRECTION ( 'NONE',  ( 0.000000000000000000, 0.000000000000000000, 1.000000000000000000 ) ) ;
#6211 = EDGE_CURVE ( 'NONE', #8757, #8323, #9059, .T. ) ;
#6212 = FACE_OUTER_BOUND ( 'NONE', #5627, .T. ) ;
#6213 = AXIS2_PLACEMENT_3D ( 'NONE', #2028, #1307, #1675 ) ;
#6214 = VERTEX_POINT ( 'NONE', #2387 ) ;
#6215 = VERTEX_POINT ( 'NONE', #3826 ) ;
#6216 = ADVANCED_FACE ( 'NONE', ( #1717 ), #4740, .F. ) ;
#6217 = ORIENTED_EDGE ( 'NONE', *, *, #4292, .F. ) ;
#6218 = CARTESIAN_POINT ( 'NONE',  ( 13.60119746897540871, 20.55796506004192636, 12.50000095367419917 ) ) ;
#6219 = CARTESIAN_POINT ( 'NONE',  ( 20.55796506004270441, -13.60119746897603399, 10.50000095367419917 ) ) ;
#6220 = AXIS2_PLACEMENT_3D ( 'NONE', #1111, #1066, #3989 ) ;
#6221 = DIRECTION ( 'NONE',  ( -0.6852547238152568720, 0.7283034830953893923, 0.000000000000000000 ) ) ;
#6222 = DIRECTION ( 'NONE',  ( 0.000000000000000000, 0.000000000000000000, 1.000000000000000000 ) ) ;
#6223 = CARTESIAN_POINT ( 'NONE',  ( -18.68410722892578946, 1.333217923193794174, 28.99999856948849697 ) ) ;
#6224 = ADVANCED_FACE ( 'NONE', ( #7675 ), #5984, .T. ) ;
#6225 = ORIENTED_EDGE ( 'NONE', *, *, #5482, .T. ) ;
#6226 = EDGE_CURVE ( 'NONE', #1950, #786, #3101, .T. ) ;
#6227 = AXIS2_PLACEMENT_3D ( 'NONE', #8033, #690, #2179 ) ;
#6228 = CIRCLE ( 'NONE', #5409, 1.000000000000001776 ) ;
#6229 = FACE_OUTER_BOUND ( 'NONE', #5746, .T. ) ;
#6230 = CARTESIAN_POINT ( 'NONE',  ( 14.09889921082331554, -11.27047208607712037, 0.9999999999998441247 ) ) ;
#6232 = CARTESIAN_POINT ( 'NONE',  ( -0.02258221876439383061, 3.749932005169651195, 28.99999856948849697 ) ) ;
#6231 = AXIS2_PLACEMENT_3D ( 'NONE', #7190, #7237, #9432 ) ;
#6233 = DIRECTION ( 'NONE',  ( 0.000000000000000000, 0.000000000000000000, 1.000000000000000000 ) ) ;
#6234 = AXIS2_PLACEMENT_3D ( 'NONE', #7447, #5954, #5133 ) ;
#6235 = AXIS2_PLACEMENT_3D ( 'NONE', #1415, #6557, #7322 ) ;
#6236 = CYLINDRICAL_SURFACE ( 'NONE', #7915, 10.50000000000000000 ) ;
#6237 = EDGE_CURVE ( 'NONE', #7289, #4670, #183, .T. ) ;
#6238 = DIRECTION ( 'NONE',  ( 0.7071067811865474617, -0.7071067811865474617, 0.000000000000000000 ) ) ;
#6239 = DIRECTION ( 'NONE',  ( -0.4999999999999998890, 0.8660254037844387076, 0.000000000000000000 ) ) ;
#6240 = ORIENTED_EDGE ( 'NONE', *, *, #6584, .T. ) ;
#6241 = ORIENTED_EDGE ( 'NONE', *, *, #5509, .T. ) ;
#6242 = CIRCLE ( 'NONE', #2100, 1.000000000000000444 ) ;
#6243 = ORIENTED_EDGE ( 'NONE', *, *, #8592, .T. ) ;
#6244 = EDGE_CURVE ( 'NONE', #2773, #3927, #4267, .T. ) ;
#6245 = ORIENTED_EDGE ( 'NONE', *, *, #8862, .F. ) ;
#6246 = CARTESIAN_POINT ( 'NONE',  ( -13.19090595827299239, 2.499999999999946709, 5.500000953674160087 ) ) ;
#6247 = DIRECTION ( 'NONE',  ( 1.000000000000000000, 0.000000000000000000, 0.000000000000000000 ) ) ;
#6248 = CARTESIAN_POINT ( 'NONE',  ( 3.236245269559039350, 1.894522777708609329, 48.05698003239911031 ) ) ;
#6249 = AXIS2_PLACEMENT_3D ( 'NONE', #6772, #1784, #8262 ) ;
#6250 = EDGE_CURVE ( 'NONE', #8861, #5981, #5655, .T. ) ;
#6251 = DIRECTION ( 'NONE',  ( 0.000000000000000000, 0.000000000000000000, 1.000000000000000000 ) ) ;
#6252 = ORIENTED_EDGE ( 'NONE', *, *, #234, .T. ) ;
#6253 = CARTESIAN_POINT ( 'NONE',  ( -18.93269683185599916, -2.110803324099963518, 28.99999856948849697 ) ) ;
#6254 = ORIENTED_EDGE ( 'NONE', *, *, #7177, .F. ) ;
#6255 = VECTOR ( 'NONE', #2493, 1000.000000000000000 ) ;
#6256 = AXIS2_PLACEMENT_3D ( 'NONE', #5313, #7532, #1674 ) ;
#6257 = PRODUCT_DEFINITION ( 'æœ', '', #6496, #804 ) ;
#6258 = VERTEX_POINT ( 'NONE', #9010 ) ;
#6259 = DIRECTION ( 'NONE',  ( 0.000000000000000000, 0.000000000000000000, 1.000000000000000000 ) ) ;
#6260 = ORIENTED_EDGE ( 'NONE', *, *, #9445, .F. ) ;
#6261 = CARTESIAN_POINT ( 'NONE',  ( -2.499999999999988454, -21.40449719101200543, 22.50000000000000000 ) ) ;
#6262 = VECTOR ( 'NONE', #1158, 1000.000000000000000 ) ;
#6263 = DIRECTION ( 'NONE',  ( 0.7452527504477821640, -0.6667820768062199255, 0.000000000000000000 ) ) ;
#6264 = DIRECTION ( 'NONE',  ( 0.000000000000000000, 0.000000000000000000, 1.000000000000000000 ) ) ;
#6265 = EDGE_LOOP ( 'NONE', ( #3681, #8909, #4429, #763 ) ) ;
#6266 = DIRECTION ( 'NONE',  ( -0.8660254037844387076, -0.4999999999999998890, 0.000000000000000000 ) ) ;
#6267 = ADVANCED_FACE ( 'NONE', ( #5258 ), #8190, .F. ) ;
#6268 = VECTOR ( 'NONE', #7280, 1000.000000000000000 ) ;
#6269 = VERTEX_POINT ( 'NONE', #5457 ) ;
#6270 = DIRECTION ( 'NONE',  ( 0.2881019561176107469, -0.9575997404350141684, 0.000000000000000000 ) ) ;
#6271 = CARTESIAN_POINT ( 'NONE',  ( -11.00312125762199855, -22.05796506004298152, 12.50000095367419917 ) ) ;
#6272 = CIRCLE ( 'NONE', #2429, 1.000000000000001332 ) ;
#6273 = CARTESIAN_POINT ( 'NONE',  ( 2.228303483095416926, 25.28957345041219185, 12.50000095367419917 ) ) ;
#6274 = CARTESIAN_POINT ( 'NONE',  ( 2.500000000000002220, -24.60431872659807340, 10.50000095367419917 ) ) ;
#6275 = VECTOR ( 'NONE', #7950, 1000.000000000000000 ) ;
#6276 = LINE ( 'NONE', #9150, #1106 ) ;
#6277 = AXIS2_PLACEMENT_3D ( 'NONE', #4844, #8684, #3544 ) ;
#6278 = CIRCLE ( 'NONE', #3665, 0.9999999999999994449 ) ;
#6279 = ORIENTED_EDGE ( 'NONE', *, *, #255, .F. ) ;
#6280 = EDGE_CURVE ( 'NONE', #3895, #1081, #1668, .T. ) ;
#6281 = DIRECTION ( 'NONE',  ( -1.836970198721029688E-16, -1.000000000000000000, -2.249639673992789970E-32 ) ) ;
#6282 = VECTOR ( 'NONE', #6855, 1000.000000000000000 ) ;
#6283 = DIRECTION ( 'NONE',  ( 0.000000000000000000, 0.000000000000000000, -1.000000000000000000 ) ) ;
#6284 = DIRECTION ( 'NONE',  ( 0.000000000000000000, 0.000000000000000000, -1.000000000000000000 ) ) ;
#6285 = EDGE_CURVE ( 'NONE', #7145, #3946, #1666, .T. ) ;
#6286 = DIRECTION ( 'NONE',  ( -0.9733566799329479435, -0.2292962573395145309, 0.000000000000000000 ) ) ;
#6287 = EDGE_CURVE ( 'NONE', #1340, #2545, #5038, .T. ) ;
#6288 = FACE_BOUND ( 'NONE', #7455, .T. ) ;
#6289 = FACE_OUTER_BOUND ( 'NONE', #6884, .T. ) ;
#6290 = VERTEX_POINT ( 'NONE', #7526 ) ;
#6291 = ORIENTED_EDGE ( 'NONE', *, *, #2820, .T. ) ;
#6292 = ORIENTED_EDGE ( 'NONE', *, *, #7679, .F. ) ;
#6293 = ORIENTED_EDGE ( 'NONE', *, *, #7407, .T. ) ;
#6294 = CARTESIAN_POINT ( 'NONE',  ( -2.499999999999988454, -13.19090595827310253, 12.50000095367419917 ) ) ;
#6295 = PLANE ( 'NONE',  #4856 ) ;
#6296 = CYLINDRICAL_SURFACE ( 'NONE', #1651, 1.000000000000000222 ) ;
#6297 = EDGE_CURVE ( 'NONE', #6269, #4790, #229, .T. ) ;
#6298 = CARTESIAN_POINT ( 'NONE',  ( 11.97757886726370735, 13.39179242963695060, -10.99999976158160031 ) ) ;
#6299 = EDGE_LOOP ( 'NONE', ( #4410, #709, #9132, #2872 ) ) ;
#6300 = FACE_OUTER_BOUND ( 'NONE', #2411, .T. ) ;
#6301 = EDGE_CURVE ( 'NONE', #894, #2635, #6084, .T. ) ;
#6302 = ORIENTED_EDGE ( 'NONE', *, *, #2693, .F. ) ;
#6303 = ORIENTED_EDGE ( 'NONE', *, *, #4463, .T. ) ;
#6304 = DIRECTION ( 'NONE',  ( -0.9984594016228911517, -0.05548714545602558001, 0.000000000000000000 ) ) ;
#6305 = VERTEX_POINT ( 'NONE', #4689 ) ;
#6306 = DIRECTION ( 'NONE',  ( -0.9575997404349968489, -0.2881019561176680344, 0.000000000000000000 ) ) ;
#6307 = CARTESIAN_POINT ( 'NONE',  ( 0.000000000000000000, 0.000000000000000000, -4.500000000000158984 ) ) ;
#6308 = EDGE_CURVE ( 'NONE', #8049, #8399, #8293, .T. ) ;
#6309 = DIRECTION ( 'NONE',  ( 0.000000000000000000, 0.000000000000000000, 1.000000000000000000 ) ) ;
#6310 = ORIENTED_EDGE ( 'NONE', *, *, #7872, .T. ) ;
#6311 = CARTESIAN_POINT ( 'NONE',  ( 0.000000000000000000, 0.000000000000000000, -10.99999976158160031 ) ) ;
#6312 = AXIS2_PLACEMENT_3D ( 'NONE', #4333, #8759, #8802 ) ;
#6313 = ORIENTED_EDGE ( 'NONE', *, *, #7665, .F. ) ;
#6314 = ORIENTED_EDGE ( 'NONE', *, *, #3487, .F. ) ;
#6315 = DIRECTION ( 'NONE',  ( 0.000000000000000000, 0.000000000000000000, -1.000000000000000000 ) ) ;
#6316 = DIRECTION ( 'NONE',  ( 0.000000000000000000, 0.000000000000000000, -1.000000000000000000 ) ) ;
#6317 = CARTESIAN_POINT ( 'NONE',  ( 14.57455414890831236, 20.78726131738163119, 5.500000953674160087 ) ) ;
#6318 = CARTESIAN_POINT ( 'NONE',  ( 11.02584244881181519, -24.09731931759196044, 16.50000095367419917 ) ) ;
#6319 = VERTEX_POINT ( 'NONE', #1327 ) ;
#6320 = DIRECTION ( 'NONE',  ( -0.6852547238152568720, 0.7283034830953893923, 0.000000000000000000 ) ) ;
#6321 = CARTESIAN_POINT ( 'NONE',  ( 10.27860038987220292, -3.047601356037987763, 22.50000000000000000 ) ) ;
#6322 = CARTESIAN_POINT ( 'NONE',  ( -2.499999999999988454, 21.40449719101200543, 22.50000000000000000 ) ) ;
#6323 = LINE ( 'NONE', #1196, #4253 ) ;
#6324 = ADVANCED_FACE ( 'NONE', ( #5552 ), #3432, .F. ) ;
#6325 = CARTESIAN_POINT ( 'NONE',  ( -18.93269683185599916, 2.110803324099963518, -10.99999976158160031 ) ) ;
#6326 = FACE_OUTER_BOUND ( 'NONE', #7462, .T. ) ;
#6327 = VERTEX_POINT ( 'NONE', #7819 ) ;
#6328 = ORIENTED_EDGE ( 'NONE', *, *, #6297, .F. ) ;
#6329 = AXIS2_PLACEMENT_3D ( 'NONE', #525, #668, #2016 ) ;
#6330 = ORIENTED_EDGE ( 'NONE', *, *, #9424, .F. ) ;
#6331 = ADVANCED_FACE ( 'NONE', ( #559 ), #9337, .T. ) ;
#6332 = EDGE_LOOP ( 'NONE', ( #1560, #8875, #5389, #8064, #5944, #2573 ) ) ;
#6333 = CARTESIAN_POINT ( 'NONE',  ( -3.047601356036988562, -10.27860038987205016, 5.500000953674160087 ) ) ;
#6334 = CARTESIAN_POINT ( 'NONE',  ( 25.60246553092200728, 1.560851926976969395, 10.50000095367419917 ) ) ;
#6335 = DIRECTION ( 'NONE',  ( 1.000000000000000000, 0.000000000000000000, 0.000000000000000000 ) ) ;
#6336 = CARTESIAN_POINT ( 'NONE',  ( 17.93885447847770465, 2.000000000000001776, -10.99999976158160031 ) ) ;
#6337 = ORIENTED_EDGE ( 'NONE', *, *, #9281, .T. ) ;
#6338 = DIRECTION ( 'NONE',  ( -0.9984594016228911517, 0.05548714545602558001, 0.000000000000000000 ) ) ;
#6339 = ORIENTED_EDGE ( 'NONE', *, *, #4878, .T. ) ;
#6340 = EDGE_CURVE ( 'NONE', #4038, #1496, #6894, .T. ) ;
#6341 = ORIENTED_EDGE ( 'NONE', *, *, #4160, .T. ) ;
#6342 = CARTESIAN_POINT ( 'NONE',  ( -20.05796506004299573, 14.46722287275992258, 10.50000095367419917 ) ) ;
#6343 = VERTEX_POINT ( 'NONE', #4964 ) ;
#6344 = CARTESIAN_POINT ( 'NONE',  ( -11.89487497173198705, 14.88000166017600101, 0.9999999999998441247 ) ) ;
#6345 = DIRECTION ( 'NONE',  ( 1.000000000000000000, 0.000000000000000000, 0.000000000000000000 ) ) ;
#6346 = EDGE_CURVE ( 'NONE', #3421, #6191, #2747, .T. ) ;
#6347 = VECTOR ( 'NONE', #1267, 1000.000000000000000 ) ;
#6348 = DIRECTION ( 'NONE',  ( 0.000000000000000000, 0.000000000000000000, 1.000000000000000000 ) ) ;
#6349 = ADVANCED_FACE ( 'NONE', ( #6415 ), #510, .F. ) ;
#6350 = LINE ( 'NONE', #9269, #6347 ) ;
#6351 = ORIENTED_EDGE ( 'NONE', *, *, #6634, .T. ) ;
#6352 = DIRECTION ( 'NONE',  ( -0.7071067811865480168, -0.7071067811865470176, -8.659560562354929160E-17 ) ) ;
#6353 = CIRCLE ( 'NONE', #71, 10.50000000000000000 ) ;
#6354 = EDGE_LOOP ( 'NONE', ( #2000, #5657, #2964, #4513 ) ) ;
#6355 = ADVANCED_FACE ( 'NONE', ( #6229 ), #7766, .T. ) ;
#6356 = ORIENTED_EDGE ( 'NONE', *, *, #4242, .T. ) ;
#6357 = DIRECTION ( 'NONE',  ( 0.000000000000000000, 0.000000000000000000, -1.000000000000000000 ) ) ;
#6358 = DIRECTION ( 'NONE',  ( 0.006021925003838376686, -0.9999818680452401409, 0.000000000000000000 ) ) ;
#6359 = CARTESIAN_POINT ( 'NONE',  ( -22.95281151278301479, -11.44949534515304990, 10.50000095367419917 ) ) ;
#6360 = CARTESIAN_POINT ( 'NONE',  ( -14.46722287275999186, 20.05796506004198321, 5.500000953674160087 ) ) ;
#6361 = AXIS2_PLACEMENT_3D ( 'NONE', #3438, #1149, #4119 ) ;
#6362 = EDGE_CURVE ( 'NONE', #2773, #2789, #4060, .T. ) ;
#6363 = ORIENTED_EDGE ( 'NONE', *, *, #3587, .F. ) ;
#6364 = CIRCLE ( 'NONE', #542, 25.64999999999999858 ) ;
#6365 = CYLINDRICAL_SURFACE ( 'NONE', #897, 21.55000000000000071 ) ;
#6366 = CARTESIAN_POINT ( 'NONE',  ( 25.28957345041282423, 2.228303483095289472, 12.50000095367419917 ) ) ;
#6367 = CARTESIAN_POINT ( 'NONE',  ( 20.55796506004270441, 13.60119746897492377, -4.500000000000158984 ) ) ;
#6368 = DIRECTION ( 'NONE',  ( -0.8690206635529156287, 0.4947757939896113011, 0.000000000000000000 ) ) ;
#6369 = DIRECTION ( 'NONE',  ( 0.000000000000000000, 0.000000000000000000, 1.000000000000000000 ) ) ;
#6370 = AXIS2_PLACEMENT_3D ( 'NONE', #8337, #3153, #995 ) ;
#6371 = DIRECTION ( 'NONE',  ( 0.000000000000000000, 0.000000000000000000, -1.000000000000000000 ) ) ;
#6372 = AXIS2_PLACEMENT_3D ( 'NONE', #7821, #1045, #3433 ) ;
#6373 = EDGE_CURVE ( 'NONE', #5981, #4038, #8481, .T. ) ;
#6374 = AXIS2_PLACEMENT_3D ( 'NONE', #7459, #5291, #8895 ) ;
#6375 = VECTOR ( 'NONE', #4607, 1000.000000000000000 ) ;
#6376 = VERTEX_POINT ( 'NONE', #2045 ) ;
#6377 = ORIENTED_EDGE ( 'NONE', *, *, #1692, .T. ) ;
#6378 = EDGE_LOOP ( 'NONE', ( #2823, #6025, #7581, #1313 ) ) ;
#6379 = AXIS2_PLACEMENT_3D ( 'NONE', #2934, #8021, #2261 ) ;
#6380 = VERTEX_POINT ( 'NONE', #1904 ) ;
#6381 = EDGE_CURVE ( 'NONE', #6215, #6598, #4879, .T. ) ;
#6382 = DIRECTION ( 'NONE',  ( 0.000000000000000000, 0.000000000000000000, 1.000000000000000000 ) ) ;
#6383 = CYLINDRICAL_SURFACE ( 'NONE', #7624, 0.9999999999999994449 ) ;
#6384 = CYLINDRICAL_SURFACE ( 'NONE', #7911, 1.000000000000000000 ) ;
#6385 = VECTOR ( 'NONE', #5402, 1000.000000000000000 ) ;
#6386 = ORIENTED_EDGE ( 'NONE', *, *, #8780, .F. ) ;
#6387 = ADVANCED_FACE ( 'NONE', ( #7094 ), #6365, .T. ) ;
#6388 = DIRECTION ( 'NONE',  ( 0.9575997404350009568, -0.2881019561176543786, 0.000000000000000000 ) ) ;
#6389 = VERTEX_POINT ( 'NONE', #2672 ) ;
#6390 = VERTEX_POINT ( 'NONE', #1279 ) ;
#6391 = DIRECTION ( 'NONE',  ( 0.000000000000000000, 0.000000000000000000, 1.000000000000000000 ) ) ;
#6392 = VECTOR ( 'NONE', #7981, 1000.000000000000000 ) ;
#6393 = EDGE_LOOP ( 'NONE', ( #3467, #4809, #7312, #5653 ) ) ;
#6394 = FACE_OUTER_BOUND ( 'NONE', #3709, .T. ) ;
#6395 = FACE_OUTER_BOUND ( 'NONE', #8815, .T. ) ;
#6396 = EDGE_CURVE ( 'NONE', #8007, #8644, #469, .T. ) ;
#6397 = DIRECTION ( 'NONE',  ( 0.8690206635529156287, -0.4947757939896113011, 0.000000000000000000 ) ) ;
#6398 = EDGE_CURVE ( 'NONE', #5483, #558, #8437, .T. ) ;
#6399 = PLANE ( 'NONE',  #2315 ) ;
#6400 = DIRECTION ( 'NONE',  ( 3.770471112782770013E-19, -6.784746809671409961E-18, -1.000000000000000000 ) ) ;
#6401 = ORIENTED_EDGE ( 'NONE', *, *, #4579, .T. ) ;
#6402 = AXIS2_PLACEMENT_3D ( 'NONE', #4491, #187, #8249 ) ;
#6403 = SURFACE_STYLE_USAGE ( .BOTH. , #1229 ) ;
#6404 = ORIENTED_EDGE ( 'NONE', *, *, #5563, .T. ) ;
#6405 = AXIS2_PLACEMENT_3D ( 'NONE', #5792, #484, #7281 ) ;
#6406 = ORIENTED_EDGE ( 'NONE', *, *, #5063, .T. ) ;
#6407 = DIRECTION ( 'NONE',  ( 0.9733566799329029795, 0.2292962573397054060, 0.000000000000000000 ) ) ;
#6408 = CARTESIAN_POINT ( 'NONE',  ( 20.78726131738230620, 14.57455414890785050, 10.50000095367419917 ) ) ;
#6409 = DIRECTION ( 'NONE',  ( 0.4999999999999998890, 0.8660254037844387076, 0.000000000000000000 ) ) ;
#6410 = DIRECTION ( 'NONE',  ( -0.7283034830953664107, -0.6852547238152811859, 0.000000000000000000 ) ) ;
#6411 = EDGE_CURVE ( 'NONE', #2837, #6437, #5642, .T. ) ;
#6412 = DIRECTION ( 'NONE',  ( 0.8660254037844387076, 0.4999999999999998890, 0.000000000000000000 ) ) ;
#6413 = VERTEX_POINT ( 'NONE', #8574 ) ;
#6414 = CIRCLE ( 'NONE', #131, 1.000000000000001332 ) ;
#6415 = FACE_OUTER_BOUND ( 'NONE', #2581, .T. ) ;
#6416 = AXIS2_PLACEMENT_3D ( 'NONE', #2139, #6738, #2365 ) ;
#6417 = CARTESIAN_POINT ( 'NONE',  ( 2.110803324100005263, -18.93269683185605601, 0.9999999999998441247 ) ) ;
#6418 = CYLINDRICAL_SURFACE ( 'NONE', #3520, 1.000000000000000888 ) ;
#6419 = CARTESIAN_POINT ( 'NONE',  ( 3.236245269559039350, 1.894522777708609329, 28.99999856948849697 ) ) ;
#6420 = CARTESIAN_POINT ( 'NONE',  ( -26.38181191654599544, 2.499999999999946709, 16.50000095367419917 ) ) ;
#6421 = AXIS2_PLACEMENT_3D ( 'NONE', #7136, #7858, #8619 ) ;
#6422 = AXIS2_PLACEMENT_3D ( 'NONE', #1916, #4306, #8541 ) ;
#6423 = CARTESIAN_POINT ( 'NONE',  ( -2.958039891549995914, 1.000000000000000888, 28.99999856948849697 ) ) ;
#6424 = CIRCLE ( 'NONE', #457, 25.64999999999999858 ) ;
#6425 = EDGE_CURVE ( 'NONE', #8934, #5219, #3972, .T. ) ;
#6426 = ORIENTED_EDGE ( 'NONE', *, *, #7984, .T. ) ;
#6427 = ORIENTED_EDGE ( 'NONE', *, *, #997, .F. ) ;
#6428 = AXIS2_PLACEMENT_3D ( 'NONE', #7719, #2627, #6320 ) ;
#6429 = VERTEX_POINT ( 'NONE', #7050 ) ;
#6430 = ORIENTED_EDGE ( 'NONE', *, *, #3932, .T. ) ;
#6431 = DIRECTION ( 'NONE',  ( 0.4999999999999998890, -0.8660254037844387076, 0.000000000000000000 ) ) ;
#6432 = CARTESIAN_POINT ( 'NONE',  ( -10.13709585383799983, 22.55796506004192992, 10.50000095367419917 ) ) ;
#6433 = AXIS2_PLACEMENT_3D ( 'NONE', #6910, #7768, #9243 ) ;
#6434 = DIRECTION ( 'NONE',  ( -0.9984594016228911517, -0.05548714545602558001, 0.000000000000000000 ) ) ;
#6435 = ORIENTED_EDGE ( 'NONE', *, *, #8423, .F. ) ;
#6436 = CARTESIAN_POINT ( 'NONE',  ( -14.57455414890895540, -20.78726131738255134, -4.500000000000158984 ) ) ;
#6437 = VERTEX_POINT ( 'NONE', #4155 ) ;
#6438 = ORIENTED_EDGE ( 'NONE', *, *, #6033, .T. ) ;
#6439 = CARTESIAN_POINT ( 'NONE',  ( 0.000000000000000000, 0.000000000000000000, -6.499999761581589652 ) ) ;
#6440 = ORIENTED_EDGE ( 'NONE', *, *, #6890, .T. ) ;
#6441 = CARTESIAN_POINT ( 'NONE',  ( -1.560851926977996351, -25.60246553092204636, 22.50000000000000000 ) ) ;
#6442 = CARTESIAN_POINT ( 'NONE',  ( -11.00312125762199855, 22.05796506004198321, 12.50000095367419917 ) ) ;
#6443 = DIRECTION ( 'NONE',  ( 0.000000000000000000, 0.000000000000000000, 1.000000000000000000 ) ) ;
#6444 = EDGE_CURVE ( 'NONE', #2292, #269, #617, .T. ) ;
#6445 = CARTESIAN_POINT ( 'NONE',  ( 14.46722287275981067, 20.05796506004198321, 10.50000095367419917 ) ) ;
#6446 = DIRECTION ( 'NONE',  ( 0.000000000000000000, 0.000000000000000000, 1.000000000000000000 ) ) ;
#6447 = DIRECTION ( 'NONE',  ( 0.8660254037844387076, 0.4999999999999998890, 0.000000000000000000 ) ) ;
#6448 = VERTEX_POINT ( 'NONE', #712 ) ;
#6449 =( NAMED_UNIT ( * ) PLANE_ANGLE_UNIT ( ) SI_UNIT ( $, .RADIAN. ) );
#6450 = EDGE_LOOP ( 'NONE', ( #669, #7413, #8937, #7557 ) ) ;
#6451 = ORIENTED_EDGE ( 'NONE', *, *, #8243, .T. ) ;
#6452 = DIRECTION ( 'NONE',  ( 1.000000000000000000, 0.000000000000000000, 0.000000000000000000 ) ) ;
#6453 = DIRECTION ( 'NONE',  ( 0.000000000000000000, 0.000000000000000000, 1.000000000000000000 ) ) ;
#6454 = DIRECTION ( 'NONE',  ( 0.000000000000000000, 0.000000000000000000, -1.000000000000000000 ) ) ;
#6455 = CARTESIAN_POINT ( 'NONE',  ( 11.44949534515241041, -22.95281151278305742, 22.50000000000000000 ) ) ;
#6456 = AXIS2_PLACEMENT_3D ( 'NONE', #5993, #7438, #3020 ) ;
#6457 = ORIENTED_EDGE ( 'NONE', *, *, #7038, .T. ) ;
#6458 = ADVANCED_FACE ( 'NONE', ( #4398 ), #5031, .F. ) ;
#6459 = DIRECTION ( 'NONE',  ( 0.000000000000000000, 0.000000000000000000, 1.000000000000000000 ) ) ;
#6460 = CARTESIAN_POINT ( 'NONE',  ( -22.95281151278301479, -11.44949534515304990, 10.50000095367419917 ) ) ;
#6461 = CARTESIAN_POINT ( 'NONE',  ( 1.500000000000001332, 24.60431872659696495, 10.50000095367419917 ) ) ;
#6462 = CARTESIAN_POINT ( 'NONE',  ( -14.57455414890890744, 20.78726131738163474, 5.500000953674160087 ) ) ;
#6463 = VECTOR ( 'NONE', #8063, 1000.000000000000000 ) ;
#6464 = DIRECTION ( 'NONE',  ( -0.9984594016228911517, -0.05548714545602558001, 0.000000000000000000 ) ) ;
#6465 = DIRECTION ( 'NONE',  ( 0.8660254037844387076, 0.4999999999999998890, 0.000000000000000000 ) ) ;
#6466 = VECTOR ( 'NONE', #7310, 1000.000000000000000 ) ;
#6467 = EDGE_CURVE ( 'NONE', #7390, #7508, #6579, .T. ) ;
#6468 = ORIENTED_EDGE ( 'NONE', *, *, #2141, .F. ) ;
#6469 = ORIENTED_EDGE ( 'NONE', *, *, #6411, .F. ) ;
#6470 = ORIENTED_EDGE ( 'NONE', *, *, #8573, .T. ) ;
#6471 = VECTOR ( 'NONE', #1586, 1000.000000000000000 ) ;
#6472 = FACE_OUTER_BOUND ( 'NONE', #9076, .T. ) ;
#6473 = VERTEX_POINT ( 'NONE', #6573 ) ;
#6474 = CARTESIAN_POINT ( 'NONE',  ( -25.64999999999999858, -3.141219039812960652E-15, 10.50000095367419917 ) ) ;
#6475 = EDGE_CURVE ( 'NONE', #858, #8546, #2440, .T. ) ;
#6476 = CARTESIAN_POINT ( 'NONE',  ( 22.95281151278270926, 11.44949534515204981, -4.500000000000158984 ) ) ;
#6477 = VECTOR ( 'NONE', #2342, 1000.000000000000000 ) ;
#6478 = CARTESIAN_POINT ( 'NONE',  ( -22.05796506004299573, -11.00312125762203941, 5.500000953674160087 ) ) ;
#6479 = VERTEX_POINT ( 'NONE', #4305 ) ;
#6480 = EDGE_CURVE ( 'NONE', #5193, #4109, #2155, .T. ) ;
#6481 = LINE ( 'NONE', #8734, #6463 ) ;
#6482 = VECTOR ( 'NONE', #8332, 1000.000000000000000 ) ;
#6483 = ORIENTED_EDGE ( 'NONE', *, *, #670, .T. ) ;
#6484 = AXIS2_PLACEMENT_3D ( 'NONE', #8662, #5061, #785 ) ;
#6485 = ORIENTED_EDGE ( 'NONE', *, *, #6308, .F. ) ;
#6486 = DIRECTION ( 'NONE',  ( 1.000000000000000000, 0.000000000000000000, 0.000000000000000000 ) ) ;
#6487 = VERTEX_POINT ( 'NONE', #3729 ) ;
#6488 = DIRECTION ( 'NONE',  ( 0.000000000000000000, 0.000000000000000000, 1.000000000000000000 ) ) ;
#6489 = DIRECTION ( 'NONE',  ( 0.000000000000000000, 0.000000000000000000, 1.000000000000000000 ) ) ;
#6491 = DIRECTION ( 'NONE',  ( 0.000000000000000000, 0.000000000000000000, -1.000000000000000000 ) ) ;
#6490 = AXIS2_PLACEMENT_3D ( 'NONE', #8238, #2482, #1756 ) ;
#6492 = CARTESIAN_POINT ( 'NONE',  ( 0.000000000000000000, 0.000000000000000000, 12.50000095367419917 ) ) ;
#6493 = LINE ( 'NONE', #2131, #3706 ) ;
#6494 = LINE ( 'NONE', #2798, #7576 ) ;
#6495 = ADVANCED_FACE ( 'NONE', ( #1427 ), #9442, .T. ) ;
#6496 = PRODUCT_DEFINITION_FORMATION_WITH_SPECIFIED_SOURCE ( 'ä»', '', #6927, .NOT_KNOWN. ) ;
#6497 = ORIENTED_EDGE ( 'NONE', *, *, #58, .F. ) ;
#6498 = EDGE_LOOP ( 'NONE', ( #40, #2195, #1470, #6896 ) ) ;
#6499 = AXIS2_PLACEMENT_3D ( 'NONE', #2030, #1176, #4095 ) ;
#6500 = DIRECTION ( 'NONE',  ( -0.9733566799329020913, 0.2292962573397090698, 0.000000000000000000 ) ) ;
#6501 = DIRECTION ( 'NONE',  ( 1.000000000000000000, 0.000000000000000000, 0.000000000000000000 ) ) ;
#6502 = CYLINDRICAL_SURFACE ( 'NONE', #8935, 1.000000000000000222 ) ;
#6503 = CIRCLE ( 'NONE', #2054, 1.500000000000000222 ) ;
#6504 = ORIENTED_EDGE ( 'NONE', *, *, #3988, .F. ) ;
#6505 = ADVANCED_FACE ( 'NONE', ( #2198 ), #4978, .F. ) ;
#6506 = CARTESIAN_POINT ( 'NONE',  ( 2.500000000000002220, 21.40449719101100712, 16.49999856948839749 ) ) ;
#6507 = DIRECTION ( 'NONE',  ( 0.000000000000000000, 0.000000000000000000, 1.000000000000000000 ) ) ;
#6509 = LINE ( 'NONE', #8761, #5520 ) ;
#6508 = AXIS2_PLACEMENT_3D ( 'NONE', #7886, #7936, #2126 ) ;
#6510 = LINE ( 'NONE', #7419, #7948 ) ;
#6511 = DIRECTION ( 'NONE',  ( 0.000000000000000000, 0.000000000000000000, 1.000000000000000000 ) ) ;
#6512 = CARTESIAN_POINT ( 'NONE',  ( 14.57455414890835677, -20.78726131738255845, 10.50000095367419917 ) ) ;
#6513 = EDGE_CURVE ( 'NONE', #3174, #1870, #7245, .T. ) ;
#6514 = DIRECTION ( 'NONE',  ( 0.9575997404350009568, -0.2881019561176543786, 0.000000000000000000 ) ) ;
#6515 = ADVANCED_FACE ( 'NONE', ( #5120 ), #5076, .T. ) ;
#6516 = ORIENTED_EDGE ( 'NONE', *, *, #2119, .F. ) ;
#6517 = ORIENTED_EDGE ( 'NONE', *, *, #5097, .F. ) ;
#6518 = VECTOR ( 'NONE', #4628, 1000.000000000000000 ) ;
#6519 = VERTEX_POINT ( 'NONE', #4 ) ;
#6520 = CARTESIAN_POINT ( 'NONE',  ( -11.44949534515199474, 22.95281151278294374, 10.50000095367419917 ) ) ;
#6521 = CARTESIAN_POINT ( 'NONE',  ( 14.09889921082331554, -11.27047208607712037, 28.99999856948849697 ) ) ;
#6522 = DIRECTION ( 'NONE',  ( 0.000000000000000000, 0.000000000000000000, 1.000000000000000000 ) ) ;
#6523 = CIRCLE ( 'NONE', #6374, 10.50000000000000000 ) ;
#6524 = VECTOR ( 'NONE', #4711, 1000.000000000000000 ) ;
#6525 = DIRECTION ( 'NONE',  ( 1.000000000000000000, 0.000000000000000000, 0.000000000000000000 ) ) ;
#6526 = ORIENTED_EDGE ( 'NONE', *, *, #8931, .T. ) ;
#6527 = DIRECTION ( 'NONE',  ( 0.9733566799329029795, 0.2292962573397054060, 0.000000000000000000 ) ) ;
#6528 = EDGE_CURVE ( 'NONE', #5619, #3789, #9349, .T. ) ;
#6529 = ORIENTED_EDGE ( 'NONE', *, *, #6015, .F. ) ;
#6530 = AXIS2_PLACEMENT_3D ( 'NONE', #4721, #7661, #3998 ) ;
#6531 = CIRCLE ( 'NONE', #1936, 0.9999999999999991118 ) ;
#6532 = ORIENTED_EDGE ( 'NONE', *, *, #9048, .F. ) ;
#6533 = FACE_OUTER_BOUND ( 'NONE', #8384, .T. ) ;
#6534 = EDGE_LOOP ( 'NONE', ( #3982, #1677, #2208, #1607 ) ) ;
#6535 = EDGE_CURVE ( 'NONE', #4612, #4373, #4741, .T. ) ;
#6536 = DIRECTION ( 'NONE',  ( 0.000000000000000000, 0.000000000000000000, 1.000000000000000000 ) ) ;
#6537 = DIRECTION ( 'NONE',  ( -0.8660254037844387076, -0.4999999999999998890, 0.000000000000000000 ) ) ;
#6538 = VECTOR ( 'NONE', #651, 1000.000000000000000 ) ;
#6539 = VECTOR ( 'NONE', #2979, 1000.000000000000000 ) ;
#6540 = LINE ( 'NONE', #3603, #2986 ) ;
#6541 = CARTESIAN_POINT ( 'NONE',  ( -13.19090595827299239, 2.499999999999946709, 12.50000095367419917 ) ) ;
#6542 = DIRECTION ( 'NONE',  ( 0.000000000000000000, 0.000000000000000000, 1.000000000000000000 ) ) ;
#6543 = FACE_OUTER_BOUND ( 'NONE', #8333, .T. ) ;
#6544 = ADVANCED_FACE ( 'NONE', ( #6472 ), #2922, .F. ) ;
#6545 = EDGE_CURVE ( 'NONE', #1393, #1540, #908, .T. ) ;
#6546 = STYLED_ITEM ( 'NONE', ( #8605 ), #18 ) ;
#6547 = AXIS2_PLACEMENT_3D ( 'NONE', #2842, #5228, #8697 ) ;
#6548 = ORIENTED_EDGE ( 'NONE', *, *, #2610, .T. ) ;
#6549 = ORIENTED_EDGE ( 'NONE', *, *, #9184, .T. ) ;
#6550 = LINE ( 'NONE', #7316, #8863 ) ;
#6551 = LINE ( 'NONE', #9473, #1927 ) ;
#6552 = CIRCLE ( 'NONE', #2258, 1.000000000000000888 ) ;
#6553 = CARTESIAN_POINT ( 'NONE',  ( -11.27047208607698181, -14.09889921082407938, 0.9999999999998441247 ) ) ;
#6554 = ORIENTED_EDGE ( 'NONE', *, *, #1278, .T. ) ;
#6555 = AXIS2_PLACEMENT_3D ( 'NONE', #713, #4348, #3635 ) ;
#6556 = DIRECTION ( 'NONE',  ( 0.2292962573396709614, -0.9733566799329110841, 0.000000000000000000 ) ) ;
#6557 = DIRECTION ( 'NONE',  ( 0.9999818680452402520, 0.006021925003838377553, -0.000000000000000000 ) ) ;
#6558 = CARTESIAN_POINT ( 'NONE',  ( -25.28957345041333227, -2.228303483095355197, 10.50000095367419917 ) ) ;
#6559 = DIRECTION ( 'NONE',  ( 0.000000000000000000, 0.000000000000000000, 1.000000000000000000 ) ) ;
#6560 = DIRECTION ( 'NONE',  ( 1.000000000000000000, 0.000000000000000000, 0.000000000000000000 ) ) ;
#6561 = DIRECTION ( 'NONE',  ( 0.000000000000000000, 0.000000000000000000, -1.000000000000000000 ) ) ;
#6562 = CIRCLE ( 'NONE', #6405, 25.64999999999999858 ) ;
#6563 = CARTESIAN_POINT ( 'NONE',  ( 24.60431872659751917, -1.500000000000056843, 10.50000095367419917 ) ) ;
#6564 = EDGE_CURVE ( 'NONE', #4420, #2401, #759, .T. ) ;
#6565 = VECTOR ( 'NONE', #1507, 1000.000000000000000 ) ;
#6566 = ORIENTED_EDGE ( 'NONE', *, *, #6645, .T. ) ;
#6567 = EDGE_LOOP ( 'NONE', ( #3839, #8608, #1833, #8150 ) ) ;
#6568 = AXIS2_PLACEMENT_3D ( 'NONE', #1084, #1804, #321 ) ;
#6569 = VERTEX_POINT ( 'NONE', #2107 ) ;
#6570 = EDGE_CURVE ( 'NONE', #5371, #8830, #9193, .T. ) ;
#6571 = ADVANCED_FACE ( 'NONE', ( #2245 ), #5165, .T. ) ;
#6572 = AXIS2_PLACEMENT_3D ( 'NONE', #5021, #9430, #4386 ) ;
#6573 = CARTESIAN_POINT ( 'NONE',  ( 20.05796506004270441, 14.46722287275992258, 12.50000095367419917 ) ) ;
#6574 = AXIS2_PLACEMENT_3D ( 'NONE', #860, #153, #5275 ) ;
#6575 = FACE_OUTER_BOUND ( 'NONE', #4256, .T. ) ;
#6576 = DIRECTION ( 'NONE',  ( 6.801708676704649362E-17, 6.085529284608839213E-17, -1.000000000000000000 ) ) ;
#6577 = DIRECTION ( 'NONE',  ( 1.220876328034555964E-16, 6.784746809680940233E-18, -1.000000000000000000 ) ) ;
#6578 = ORIENTED_EDGE ( 'NONE', *, *, #4419, .T. ) ;
#6579 = CIRCLE ( 'NONE', #1828, 1.000000000000000444 ) ;
#6580 = FACE_OUTER_BOUND ( 'NONE', #1760, .T. ) ;
#6581 = VECTOR ( 'NONE', #522, 1000.000000000000000 ) ;
#6582 = AXIS2_PLACEMENT_3D ( 'NONE', #1887, #7701, #3182 ) ;
#6583 = ORIENTED_EDGE ( 'NONE', *, *, #3070, .T. ) ;
#6584 = EDGE_CURVE ( 'NONE', #437, #6569, #1719, .T. ) ;
#6585 = VERTEX_POINT ( 'NONE', #6658 ) ;
#6586 = CARTESIAN_POINT ( 'NONE',  ( 1.000000000000000888, -17.93885447847809544, 28.99999856948849697 ) ) ;
#6587 = ORIENTED_EDGE ( 'NONE', *, *, #224, .T. ) ;
#6589 = VECTOR ( 'NONE', #6709, 1000.000000000000000 ) ;
#6588 = DIRECTION ( 'NONE',  ( 0.000000000000000000, 0.000000000000000000, -1.000000000000000000 ) ) ;
#6590 = DIRECTION ( 'NONE',  ( -0.7452527504476756937, 0.6667820768063390524, 0.000000000000000000 ) ) ;
#6591 = CARTESIAN_POINT ( 'NONE',  ( -24.60431872659797747, -1.500000000000056843, 22.50000000000000000 ) ) ;
#6592 = EDGE_CURVE ( 'NONE', #7146, #755, #8118, .T. ) ;
#6593 = FACE_OUTER_BOUND ( 'NONE', #4287, .T. ) ;
#6594 = DIRECTION ( 'NONE',  ( 0.000000000000000000, 0.000000000000000000, -1.000000000000000000 ) ) ;
#6595 = DIRECTION ( 'NONE',  ( 0.000000000000000000, 0.000000000000000000, 1.000000000000000000 ) ) ;
#6596 = ORIENTED_EDGE ( 'NONE', *, *, #1646, .F. ) ;
#6597 = ORIENTED_EDGE ( 'NONE', *, *, #7217, .F. ) ;
#6598 = VERTEX_POINT ( 'NONE', #944 ) ;
#6599 = DIRECTION ( 'NONE',  ( -1.000000000000000000, 0.000000000000000000, 0.000000000000000000 ) ) ;
#6600 = ADVANCED_FACE ( 'NONE', ( #3872 ), #8338, .T. ) ;
#6601 = DIRECTION ( 'NONE',  ( 0.000000000000000000, 0.000000000000000000, 1.000000000000000000 ) ) ;
#6602 = CARTESIAN_POINT ( 'NONE',  ( 1.500000000000001332, 24.60431872659696495, 10.50000095367419917 ) ) ;
#6603 = ORIENTED_EDGE ( 'NONE', *, *, #5364, .T. ) ;
#6604 = DIRECTION ( 'NONE',  ( -1.000000000000000000, 0.000000000000000000, 0.000000000000000000 ) ) ;
#6605 = CARTESIAN_POINT ( 'NONE',  ( -2.499999999999988454, 21.40449719101200543, 12.50000095367419917 ) ) ;
#6606 = DIRECTION ( 'NONE',  ( 0.000000000000000000, 0.000000000000000000, 1.000000000000000000 ) ) ;
#6607 = FACE_OUTER_BOUND ( 'NONE', #6965, .T. ) ;
#6608 = FACE_OUTER_BOUND ( 'NONE', #1827, .T. ) ;
#6609 = LINE ( 'NONE', #38, #9271 ) ;
#6610 = DIRECTION ( 'NONE',  ( 0.000000000000000000, 0.000000000000000000, -1.000000000000000000 ) ) ;
#6611 = AXIS2_PLACEMENT_3D ( 'NONE', #4645, #8255, #1680 ) ;
#6612 = ORIENTED_EDGE ( 'NONE', *, *, #1258, .F. ) ;
#6613 = ORIENTED_EDGE ( 'NONE', *, *, #8215, .F. ) ;
#6614 = VERTEX_POINT ( 'NONE', #6086 ) ;
#6615 = CIRCLE ( 'NONE', #9071, 19.05000000000000071 ) ;
#6616 = ORIENTED_EDGE ( 'NONE', *, *, #8230, .F. ) ;
#6617 = DIRECTION ( 'NONE',  ( 0.000000000000000000, 0.000000000000000000, 1.000000000000000000 ) ) ;
#6618 = DIRECTION ( 'NONE',  ( 0.000000000000000000, 0.000000000000000000, -1.000000000000000000 ) ) ;
#6619 = DIRECTION ( 'NONE',  ( 0.9575997404350280462, 0.2881019561175639510, 0.000000000000000000 ) ) ;
#6620 = CIRCLE ( 'NONE', #7852, 1.000000000000000888 ) ;
#6621 = DIRECTION ( 'NONE',  ( 0.000000000000000000, 0.000000000000000000, -1.000000000000000000 ) ) ;
#6622 = ORIENTED_EDGE ( 'NONE', *, *, #8908, .T. ) ;
#6623 = ORIENTED_EDGE ( 'NONE', *, *, #3076, .T. ) ;
#6624 = DIRECTION ( 'NONE',  ( 1.000000000000000000, 0.000000000000000000, 0.000000000000000000 ) ) ;
#6625 = ORIENTED_EDGE ( 'NONE', *, *, #4177, .F. ) ;
#6626 = VERTEX_POINT ( 'NONE', #2337 ) ;
#6627 = CARTESIAN_POINT ( 'NONE',  ( -13.60119746897600557, 20.55796506004192636, 12.50000095367419917 ) ) ;
#6628 = ORIENTED_EDGE ( 'NONE', *, *, #4961, .T. ) ;
#6629 = DIRECTION ( 'NONE',  ( -1.000000000000000000, 1.224646799147350002E-16, -1.224646799147350002E-16 ) ) ;
#6630 = CARTESIAN_POINT ( 'NONE',  ( 0.000000000000000000, 0.000000000000000000, 12.50000095367419917 ) ) ;
#6631 = DIRECTION ( 'NONE',  ( 0.000000000000000000, 0.000000000000000000, -1.000000000000000000 ) ) ;
#6632 = DIRECTION ( 'NONE',  ( 0.000000000000000000, 0.000000000000000000, 1.000000000000000000 ) ) ;
#6633 = DIRECTION ( 'NONE',  ( 1.000000000000000000, 0.000000000000000000, 0.000000000000000000 ) ) ;
#6634 = EDGE_CURVE ( 'NONE', #8644, #1022, #4584, .T. ) ;
#6635 = ORIENTED_EDGE ( 'NONE', *, *, #2322, .F. ) ;
#6636 = ORIENTED_EDGE ( 'NONE', *, *, #4110, .T. ) ;
#6637 = ORIENTED_EDGE ( 'NONE', *, *, #3246, .F. ) ;
#6638 = EDGE_CURVE ( 'NONE', #6733, #2885, #8192, .T. ) ;
#6639 = CARTESIAN_POINT ( 'NONE',  ( 2.228303483095368520, -25.28957345041335358, 10.50000095367419917 ) ) ;
#6640 = EDGE_CURVE ( 'NONE', #2753, #9130, #1765, .T. ) ;
#6641 = DIRECTION ( 'NONE',  ( -0.2881019561176164645, 0.9575997404350123920, 0.000000000000000000 ) ) ;
#6642 = CARTESIAN_POINT ( 'NONE',  ( 10.17365965879581147, -8.760516488597991369, 5.500000953674160087 ) ) ;
#6643 = ORIENTED_EDGE ( 'NONE', *, *, #539, .T. ) ;
#6644 = ORIENTED_EDGE ( 'NONE', *, *, #2750, .F. ) ;
#6645 = EDGE_CURVE ( 'NONE', #3609, #3714, #8427, .T. ) ;
#6646 = FACE_OUTER_BOUND ( 'NONE', #3212, .T. ) ;
#6647 = CARTESIAN_POINT ( 'NONE',  ( 1.000000000000000888, 10.45227248018298916, 28.99999856948849697 ) ) ;
#6648 = CARTESIAN_POINT ( 'NONE',  ( 1.500000000000001332, 24.60431872659696495, 22.50000000000000000 ) ) ;
#6649 = DIRECTION ( 'NONE',  ( 0.000000000000000000, 0.000000000000000000, -1.000000000000000000 ) ) ;
#6650 = DIRECTION ( 'NONE',  ( 0.000000000000000000, 0.000000000000000000, 1.000000000000000000 ) ) ;
#6651 = EDGE_CURVE ( 'NONE', #1973, #1112, #283, .T. ) ;
#6652 = CARTESIAN_POINT ( 'NONE',  ( 12.86731210496690281, 17.28683832264898967, 5.500000953674160087 ) ) ;
#6653 = AXIS2_PLACEMENT_3D ( 'NONE', #1937, #1890, #2617 ) ;
#6654 = ORIENTED_EDGE ( 'NONE', *, *, #5166, .T. ) ;
#6655 = ORIENTED_EDGE ( 'NONE', *, *, #9166, .F. ) ;
#6656 = ORIENTED_EDGE ( 'NONE', *, *, #8735, .F. ) ;
#6657 = DIRECTION ( 'NONE',  ( 0.000000000000000000, 0.000000000000000000, -1.000000000000000000 ) ) ;
#6658 = CARTESIAN_POINT ( 'NONE',  ( -25.64999999999999858, -3.141219039812960652E-15, 22.50000000000000000 ) ) ;
#6659 = FACE_OUTER_BOUND ( 'NONE', #1168, .T. ) ;
#6660 = DIRECTION ( 'NONE',  ( 0.000000000000000000, 0.000000000000000000, -1.000000000000000000 ) ) ;
#6661 = VECTOR ( 'NONE', #4281, 1000.000000000000000 ) ;
#6662 = DIRECTION ( 'NONE',  ( 0.000000000000000000, 0.000000000000000000, 1.000000000000000000 ) ) ;
#6663 = ORIENTED_EDGE ( 'NONE', *, *, #586, .T. ) ;
#6664 = ORIENTED_EDGE ( 'NONE', *, *, #2101, .F. ) ;
#6665 = DIRECTION ( 'NONE',  ( 0.000000000000000000, 0.000000000000000000, -1.000000000000000000 ) ) ;
#6666 = EDGE_CURVE ( 'NONE', #2008, #1725, #7051, .T. ) ;
#6667 = ORIENTED_EDGE ( 'NONE', *, *, #4271, .F. ) ;
#6668 = CIRCLE ( 'NONE', #3908, 8.000000000000000000 ) ;
#6669 = VERTEX_POINT ( 'NONE', #996 ) ;
#6670 = DIRECTION ( 'NONE',  ( 0.9733566799329461672, -0.2292962573395214698, 0.000000000000000000 ) ) ;
#6671 = ORIENTED_EDGE ( 'NONE', *, *, #1568, .F. ) ;
#6672 = PLANE ( 'NONE',  #6700 ) ;
#6673 = CARTESIAN_POINT ( 'NONE',  ( -17.93885447847799597, -2.000000000000001776, -10.99999976158160031 ) ) ;
#6674 = CARTESIAN_POINT ( 'NONE',  ( -11.97757886726399867, 13.39179242963695060, 28.99999856948849697 ) ) ;
#6675 = AXIS2_PLACEMENT_3D ( 'NONE', #4156, #1861, #2721 ) ;
#6676 = PRODUCT_DEFINITION_SHAPE ( 'NONE', 'NONE',  #6257 ) ;
#6678 = EDGE_CURVE ( 'NONE', #8240, #912, #5197, .T. ) ;
#6677 = CARTESIAN_POINT ( 'NONE',  ( 14.09889921082331554, -11.27047208607712037, 0.9999999999998441247 ) ) ;
#6679 = CARTESIAN_POINT ( 'NONE',  ( 24.60431872659751917, -1.500000000000056843, 22.50000000000000000 ) ) ;
#6680 = AXIS2_PLACEMENT_3D ( 'NONE', #8225, #118, #2272 ) ;
#6681 = AXIS2_PLACEMENT_3D ( 'NONE', #5080, #7250, #1254 ) ;
#6682 = ORIENTED_EDGE ( 'NONE', *, *, #2582, .T. ) ;
#6683 = ADVANCED_FACE ( 'NONE', ( #4636 ), #89, .F. ) ;
#6684 = ORIENTED_EDGE ( 'NONE', *, *, #6068, .F. ) ;
#6685 = ORIENTED_EDGE ( 'NONE', *, *, #2386, .F. ) ;
#6686 = EDGE_CURVE ( 'NONE', #3067, #6006, #3776, .T. ) ;
#6687 = AXIS2_PLACEMENT_3D ( 'NONE', #5669, #4278, #8698 ) ;
#6688 = AXIS2_PLACEMENT_3D ( 'NONE', #1280, #7234, #8621 ) ;
#6689 = DIRECTION ( 'NONE',  ( 0.000000000000000000, 0.000000000000000000, 1.000000000000000000 ) ) ;
#6690 = EDGE_CURVE ( 'NONE', #825, #241, #6756, .T. ) ;
#6691 = CARTESIAN_POINT ( 'NONE',  ( 14.57455414890831236, 20.78726131738163119, 10.50000095367419917 ) ) ;
#6692 = DIRECTION ( 'NONE',  ( 0.000000000000000000, 0.000000000000000000, -1.000000000000000000 ) ) ;
#6693 = VERTEX_POINT ( 'NONE', #3828 ) ;
#6694 = AXIS2_PLACEMENT_3D ( 'NONE', #6898, #629, #3417 ) ;
#6695 = ORIENTED_EDGE ( 'NONE', *, *, #2679, .T. ) ;
#6696 = DIRECTION ( 'NONE',  ( 1.000000000000000000, 0.000000000000000000, 0.000000000000000000 ) ) ;
#6697 = ADVANCED_FACE ( 'NONE', ( #899 ), #2294, .T. ) ;
#6698 = CARTESIAN_POINT ( 'NONE',  ( -24.60431872659797747, -1.500000000000056843, 12.50000095367419917 ) ) ;
#6699 = DIRECTION ( 'NONE',  ( -0.05548714545610360788, -0.9984594016228869329, 0.000000000000000000 ) ) ;
#6700 = AXIS2_PLACEMENT_3D ( 'NONE', #2209, #2978, #105 ) ;
#6701 = DIRECTION ( 'NONE',  ( -0.7283034830954149275, 0.6852547238152297826, 0.000000000000000000 ) ) ;
#6702 = DIRECTION ( 'NONE',  ( 1.836970198721029688E-16, 1.000000000000000000, 2.249639673992789970E-32 ) ) ;
#6703 = DIRECTION ( 'NONE',  ( 0.000000000000000000, 0.000000000000000000, -1.000000000000000000 ) ) ;
#6704 = VERTEX_POINT ( 'NONE', #3059 ) ;
#6705 = EDGE_LOOP ( 'NONE', ( #8227, #614, #5163, #151, #3782, #4971, #7978, #7314 ) ) ;
#6706 = VECTOR ( 'NONE', #9015, 1000.000000000000114 ) ;
#6707 = ORIENTED_EDGE ( 'NONE', *, *, #163, .F. ) ;
#6708 = DIRECTION ( 'NONE',  ( -0.8660254037844387076, 0.4999999999999998890, 0.000000000000000000 ) ) ;
#6709 = DIRECTION ( 'NONE',  ( 0.000000000000000000, 0.000000000000000000, -1.000000000000000000 ) ) ;
#6710 = FACE_BOUND ( 'NONE', #9046, .T. ) ;
#6711 = CIRCLE ( 'NONE', #4720, 25.64999999999999858 ) ;
#6712 = CARTESIAN_POINT ( 'NONE',  ( 21.59731931759170820, -15.35596946773398841, 16.50000095367419917 ) ) ;
#6713 = VECTOR ( 'NONE', #5737, 1000.000000000000000 ) ;
#6714 = EDGE_CURVE ( 'NONE', #338, #24, #5660, .T. ) ;
#6715 = CARTESIAN_POINT ( 'NONE',  ( -1.500000000000001332, -24.60431872659807340, 10.50000095367419917 ) ) ;
#6716 = EDGE_LOOP ( 'NONE', ( #6351, #8944, #3749, #6695 ) ) ;
#6717 = ORIENTED_EDGE ( 'NONE', *, *, #5964, .F. ) ;
#6718 = DIRECTION ( 'NONE',  ( -0.9984594016228911517, 0.05548714545602558001, 0.000000000000000000 ) ) ;
#6719 = AXIS2_PLACEMENT_3D ( 'NONE', #4479, #7960, #6699 ) ;
#6720 = ORIENTED_EDGE ( 'NONE', *, *, #2974, .T. ) ;
#6721 = VERTEX_POINT ( 'NONE', #5261 ) ;
#6722 = CARTESIAN_POINT ( 'NONE',  ( -12.86731210496699873, -17.28683832264909981, -4.500000000000158984 ) ) ;
#6723 = ORIENTED_EDGE ( 'NONE', *, *, #9144, .T. ) ;
#6724 = VECTOR ( 'NONE', #8326, 1000.000000000000000 ) ;
#6725 = CARTESIAN_POINT ( 'NONE',  ( -22.95281151278301479, 11.44949534515204981, 12.50000095367419917 ) ) ;
#6726 = CARTESIAN_POINT ( 'NONE',  ( -20.55796506004299573, 13.60119746897492377, -4.500000000000158984 ) ) ;
#6727 = AXIS2_PLACEMENT_3D ( 'NONE', #8244, #6802, #281 ) ;
#6728 = AXIS2_PLACEMENT_3D ( 'NONE', #7830, #482, #1341 ) ;
#6729 = CARTESIAN_POINT ( 'NONE',  ( 12.26893148769999797, 14.15438635627899444, 0.9999999999998441247 ) ) ;
#6730 = LINE ( 'NONE', #820, #6943 ) ;
#6731 = DIRECTION ( 'NONE',  ( 1.000000000000000000, 0.000000000000000000, 0.000000000000000000 ) ) ;
#6732 = EDGE_CURVE ( 'NONE', #7684, #3369, #1670, .T. ) ;
#6733 = VERTEX_POINT ( 'NONE', #2629 ) ;
#6734 = CIRCLE ( 'NONE', #8885, 1.000000000000000888 ) ;
#6735 = ORIENTED_EDGE ( 'NONE', *, *, #3063, .F. ) ;
#6736 = EDGE_LOOP ( 'NONE', ( #6613, #8925, #146, #4025, #5779, #766, #2757, #5831 ) ) ;
#6737 = EDGE_CURVE ( 'NONE', #1217, #2904, #3301, .T. ) ;
#6738 = DIRECTION ( 'NONE',  ( 0.000000000000000000, 0.000000000000000000, 1.000000000000000000 ) ) ;
#6739 = DIRECTION ( 'NONE',  ( -1.000000000000000000, 1.224646799147350002E-16, 0.000000000000000000 ) ) ;
#6740 = FACE_OUTER_BOUND ( 'NONE', #2596, .T. ) ;
#6741 = ORIENTED_EDGE ( 'NONE', *, *, #51, .T. ) ;
#6742 = ORIENTED_EDGE ( 'NONE', *, *, #8936, .F. ) ;
#6743 = EDGE_CURVE ( 'NONE', #4660, #6870, #1517, .T. ) ;
#6744 = CARTESIAN_POINT ( 'NONE',  ( -11.27047208607698181, 14.09889921082296738, -10.99999976158160031 ) ) ;
#6745 = DIRECTION ( 'NONE',  ( -0.8660254037844383745, 0.5000000000000003331, 0.000000000000000000 ) ) ;
#6746 = CARTESIAN_POINT ( 'NONE',  ( 0.02258221876439378203, -3.749932005169651195, 48.05698003239911031 ) ) ;
#6747 = CARTESIAN_POINT ( 'NONE',  ( 20.78726131738237370, -14.57455414890894474, 10.50000095367419917 ) ) ;
#6748 = DIRECTION ( 'NONE',  ( 1.000000000000000000, 0.000000000000000000, 0.000000000000000000 ) ) ;
#6749 = DIRECTION ( 'NONE',  ( 0.7071067811865480168, 0.7071067811865470176, 0.000000000000000000 ) ) ;
#6750 = DIRECTION ( 'NONE',  ( 0.2292962573396013781, 0.9733566799329275154, 0.000000000000000000 ) ) ;
#6751 = EDGE_LOOP ( 'NONE', ( #8113, #2452, #2009, #4485 ) ) ;
#6752 = ORIENTED_EDGE ( 'NONE', *, *, #6467, .T. ) ;
#6753 = EDGE_CURVE ( 'NONE', #2460, #9276, #7507, .T. ) ;
#6754 = DIRECTION ( 'NONE',  ( 0.000000000000000000, 0.000000000000000000, -1.000000000000000000 ) ) ;
#6755 = DIRECTION ( 'NONE',  ( 1.000000000000000000, 0.000000000000000000, 0.000000000000000000 ) ) ;
#6756 = LINE ( 'NONE', #3921, #3213 ) ;
#6757 = CARTESIAN_POINT ( 'NONE',  ( 25.28957345041287397, -2.228303483095354753, 22.50000000000000000 ) ) ;
#6758 = EDGE_CURVE ( 'NONE', #6907, #9490, #3052, .T. ) ;
#6759 = DIRECTION ( 'NONE',  ( 0.000000000000000000, 0.000000000000000000, -1.000000000000000000 ) ) ;
#6760 = ADVANCED_FACE ( 'NONE', ( #8529 ), #5599, .T. ) ;
#6761 = CARTESIAN_POINT ( 'NONE',  ( -24.60431872659797747, 2.499999999999946709, 22.50000000000000000 ) ) ;
#6762 = EDGE_CURVE ( 'NONE', #8401, #5618, #4131, .T. ) ;
#6763 = DIRECTION ( 'NONE',  ( -0.9733566799329020913, 0.2292962573397090698, 0.000000000000000000 ) ) ;
#6764 = VERTEX_POINT ( 'NONE', #4114 ) ;
#6765 = ORIENTED_EDGE ( 'NONE', *, *, #1078, .T. ) ;
#6766 = DIRECTION ( 'NONE',  ( 0.000000000000000000, 0.000000000000000000, 1.000000000000000000 ) ) ;
#6767 = ORIENTED_EDGE ( 'NONE', *, *, #9123, .F. ) ;
#6768 = EDGE_CURVE ( 'NONE', #1941, #6487, #3980, .T. ) ;
#6769 = ORIENTED_EDGE ( 'NONE', *, *, #3685, .T. ) ;
#6770 = CARTESIAN_POINT ( 'NONE',  ( 24.60431872659751917, -1.500000000000056843, -4.500000000000158984 ) ) ;
#6771 = EDGE_LOOP ( 'NONE', ( #3798, #4931, #2962, #1259, #5799, #814, #6457, #5697 ) ) ;
#6772 = CARTESIAN_POINT ( 'NONE',  ( -11.00312125762199855, 22.05796506004198321, 10.50000095367419917 ) ) ;
#6773 = DIRECTION ( 'NONE',  ( 0.000000000000000000, 0.000000000000000000, 1.000000000000000000 ) ) ;
#6774 = ADVANCED_FACE ( 'NONE', ( #1817 ), #4743, .F. ) ;
#6775 = CYLINDRICAL_SURFACE ( 'NONE', #6835, 0.9999999999999992228 ) ;
#6776 = DIRECTION ( 'NONE',  ( 0.000000000000000000, 0.000000000000000000, 1.000000000000000000 ) ) ;
#6777 = CARTESIAN_POINT ( 'NONE',  ( 20.78726131738230620, 14.57455414890785050, 12.50000095367419917 ) ) ;
#6778 = ORIENTED_EDGE ( 'NONE', *, *, #946, .F. ) ;
#6779 = ORIENTED_EDGE ( 'NONE', *, *, #4229, .F. ) ;
#6780 = FACE_OUTER_BOUND ( 'NONE', #758, .T. ) ;
#6781 = EDGE_LOOP ( 'NONE', ( #6292, #8346, #6058, #3148 ) ) ;
#6782 = DIRECTION ( 'NONE',  ( 0.9575997404350280462, 0.2881019561175639510, 0.000000000000000000 ) ) ;
#6783 = CIRCLE ( 'NONE', #9381, 21.55000000000000071 ) ;
#6784 = DIRECTION ( 'NONE',  ( 0.2292962573396013781, 0.9733566799329275154, 0.000000000000000000 ) ) ;
#6785 = EDGE_CURVE ( 'NONE', #1518, #217, #4157, .T. ) ;
#6786 = AXIS2_PLACEMENT_3D ( 'NONE', #950, #2249, #2298 ) ;
#6787 = DIRECTION ( 'NONE',  ( -1.000000000000000000, 0.000000000000000000, 0.000000000000000000 ) ) ;
#6788 = ORIENTED_EDGE ( 'NONE', *, *, #2841, .T. ) ;
#6789 = EDGE_CURVE ( 'NONE', #164, #7684, #5645, .T. ) ;
#6790 = VERTEX_POINT ( 'NONE', #7721 ) ;
#6791 = VERTEX_POINT ( 'NONE', #6322 ) ;
#6792 = VECTOR ( 'NONE', #29, 1000.000000000000000 ) ;
#6793 = CARTESIAN_POINT ( 'NONE',  ( 18.93269683185599916, 2.110803324099963518, -10.99999976158160031 ) ) ;
#6794 = DIRECTION ( 'NONE',  ( 1.000000000000000000, 0.000000000000000000, 0.000000000000000000 ) ) ;
#6795 = DIRECTION ( 'NONE',  ( -0.2881019561176164645, 0.9575997404350123920, 0.000000000000000000 ) ) ;
#6796 = CARTESIAN_POINT ( 'NONE',  ( -24.60431872659797747, -1.500000000000056843, -4.500000000000158984 ) ) ;
#6797 = CARTESIAN_POINT ( 'NONE',  ( 0.000000000000000000, 0.000000000000000000, -10.99999976158160031 ) ) ;
#6798 = AXIS2_PLACEMENT_3D ( 'NONE', #9487, #2917, #39 ) ;
#6799 = DIRECTION ( 'NONE',  ( 1.220876328034555964E-16, -6.784746809680940233E-18, -1.000000000000000000 ) ) ;
#6800 = ORIENTED_EDGE ( 'NONE', *, *, #5568, .F. ) ;
#6801 = ORIENTED_EDGE ( 'NONE', *, *, #1263, .T. ) ;
#6802 = DIRECTION ( 'NONE',  ( 0.000000000000000000, 0.000000000000000000, 1.000000000000000000 ) ) ;
#6803 = LINE ( 'NONE', #898, #7290 ) ;
#6804 = DIRECTION ( 'NONE',  ( 0.9984594016228911517, -0.05548714545602558001, 0.000000000000000000 ) ) ;
#6805 = EDGE_CURVE ( 'NONE', #6954, #8155, #3974, .T. ) ;
#6806 = CARTESIAN_POINT ( 'NONE',  ( -8.097979530733990572, -6.683765968360955156, 28.99999856948849697 ) ) ;
#6807 = VECTOR ( 'NONE', #7800, 1000.000000000000000 ) ;
#6808 = FACE_OUTER_BOUND ( 'NONE', #2244, .T. ) ;
#6809 = EDGE_CURVE ( 'NONE', #5287, #5534, #9291, .T. ) ;
#6810 = CARTESIAN_POINT ( 'NONE',  ( -22.05796506004299573, 11.00312125762192750, 10.50000095367419917 ) ) ;
#6811 = LINE ( 'NONE', #8964, #2185 ) ;
#6812 = ORIENTED_EDGE ( 'NONE', *, *, #6768, .T. ) ;
#6813 = VERTEX_POINT ( 'NONE', #7053 ) ;
#6814 = DIRECTION ( 'NONE',  ( 0.000000000000000000, 0.000000000000000000, -1.000000000000000000 ) ) ;
#6815 = AXIS2_PLACEMENT_3D ( 'NONE', #307, #254, #6051 ) ;
#6816 = ORIENTED_EDGE ( 'NONE', *, *, #5791, .T. ) ;
#6817 = VERTEX_POINT ( 'NONE', #9154 ) ;
#6818 = DIRECTION ( 'NONE',  ( 0.2881019561176164645, 0.9575997404350123920, 0.000000000000000000 ) ) ;
#6819 = EDGE_LOOP ( 'NONE', ( #7612, #3644, #6635, #2996, #5485, #52, #8141, #3581, #3933, #8417, #4345, #6279, #6012, #7775, #5714, #3660, #8459, #9183, #6386, #3311, #3344, #6779, #7363, #5841, #5942, #4147, #8166, #354, #9359, #9470, #424, #7013, #6667, #4091, #7609, #3264, #7560, #161, #6892, #3490, #5886, #6169, #7866, #778, #3400, #3356, #364, #6742, #7728, #2636, #6079, #5006 ) ) ;
#6820 = CARTESIAN_POINT ( 'NONE',  ( 2.000000000000001776, -17.93885447847809544, -10.99999976158160031 ) ) ;
#6821 = LINE ( 'NONE', #2604, #9142 ) ;
#6822 = CIRCLE ( 'NONE', #1762, 25.64999999999999858 ) ;
#6823 = DIRECTION ( 'NONE',  ( 0.000000000000000000, 0.000000000000000000, -1.000000000000000000 ) ) ;
#6824 = ORIENTED_EDGE ( 'NONE', *, *, #1191, .T. ) ;
#6825 = DIRECTION ( 'NONE',  ( 0.000000000000000000, 0.000000000000000000, 1.000000000000000000 ) ) ;
#6826 = ORIENTED_EDGE ( 'NONE', *, *, #7057, .F. ) ;
#6827 = AXIS2_PLACEMENT_3D ( 'NONE', #8719, #8764, #7326 ) ;
#6828 = VERTEX_POINT ( 'NONE', #1094 ) ;
#6829 = LINE ( 'NONE', #2466, #736 ) ;
#6830 = ORIENTED_EDGE ( 'NONE', *, *, #3555, .F. ) ;
#6831 = FACE_OUTER_BOUND ( 'NONE', #8066, .T. ) ;
#6832 = VECTOR ( 'NONE', #6657, 1000.000000000000000 ) ;
#6833 = CARTESIAN_POINT ( 'NONE',  ( 1.500000000000001332, -24.60431872659807340, 5.500000953674160087 ) ) ;
#6834 = CIRCLE ( 'NONE', #4068, 25.64999999999999858 ) ;
#6835 = AXIS2_PLACEMENT_3D ( 'NONE', #8979, #9032, #158 ) ;
#6836 = ADVANCED_FACE ( 'NONE', ( #4016 ), #2586, .T. ) ;
#6837 = DIRECTION ( 'NONE',  ( -0.7071067811865480168, -0.7071067811865470176, 0.000000000000000000 ) ) ;
#6838 = VERTEX_POINT ( 'NONE', #8577 ) ;
#6839 = EDGE_LOOP ( 'NONE', ( #9438, #3848, #1525, #2175 ) ) ;
#6840 = CIRCLE ( 'NONE', #5760, 0.9999999999999998890 ) ;
#6841 = ORIENTED_EDGE ( 'NONE', *, *, #3237, .T. ) ;
#6842 = CARTESIAN_POINT ( 'NONE',  ( 2.000000000000001776, -17.93885447847809544, -10.99999976158160031 ) ) ;
#6843 = LINE ( 'NONE', #4478, #9293 ) ;
#6844 = LINE ( 'NONE', #3861, #5946 ) ;
#6845 = LINE ( 'NONE', #79, #8982 ) ;
#6846 = CARTESIAN_POINT ( 'NONE',  ( -1.333217923193665833, -18.68410722892578590, 0.9999999999998441247 ) ) ;
#6847 = AXIS2_PLACEMENT_3D ( 'NONE', #4432, #4580, #3860 ) ;
#6848 = APPLICATION_PROTOCOL_DEFINITION ( 'draft international standard', 'automotive_design', 1998, #2726 ) ;
#6849 = CARTESIAN_POINT ( 'NONE',  ( -24.60431872659797747, -2.500000000000057732, 5.500000953674160087 ) ) ;
#6850 = ORIENTED_EDGE ( 'NONE', *, *, #731, .F. ) ;
#6851 = ORIENTED_EDGE ( 'NONE', *, *, #8093, .F. ) ;
#6852 = CIRCLE ( 'NONE', #3625, 1.000000000000000000 ) ;
#6853 = DIRECTION ( 'NONE',  ( 0.000000000000000000, 0.000000000000000000, -1.000000000000000000 ) ) ;
#6854 = LINE ( 'NONE', #8191, #1008 ) ;
#6855 = DIRECTION ( 'NONE',  ( 0.000000000000000000, 0.000000000000000000, 1.000000000000000000 ) ) ;
#6856 = LINE ( 'NONE', #3208, #4100 ) ;
#6857 = EDGE_CURVE ( 'NONE', #6327, #9057, #9037, .T. ) ;
#6858 = CARTESIAN_POINT ( 'NONE',  ( 20.55796506004270441, -13.60119746897603399, 5.500000953674160087 ) ) ;
#6859 = CARTESIAN_POINT ( 'NONE',  ( -7.778600389871992427, -7.377728374959979796, 12.50000095367419917 ) ) ;
#6860 = DIRECTION ( 'NONE',  ( 0.000000000000000000, 0.000000000000000000, -1.000000000000000000 ) ) ;
#6861 = AXIS2_PLACEMENT_3D ( 'NONE', #9444, #4400, #2110 ) ;
#6862 = ORIENTED_EDGE ( 'NONE', *, *, #1450, .T. ) ;
#6863 = EDGE_LOOP ( 'NONE', ( #7360, #7785, #6921, #3707 ) ) ;
#6864 = DIRECTION ( 'NONE',  ( -0.6852547238152568720, 0.7283034830953893923, 0.000000000000000000 ) ) ;
#6865 = EDGE_LOOP ( 'NONE', ( #1080, #5400, #3748, #4205 ) ) ;
#6866 = EDGE_CURVE ( 'NONE', #5294, #8318, #1837, .T. ) ;
#6867 = EDGE_CURVE ( 'NONE', #3390, #4167, #6734, .T. ) ;
#6868 = VERTEX_POINT ( 'NONE', #4833 ) ;
#6869 = AXIS2_PLACEMENT_3D ( 'NONE', #610, #4924, #4064 ) ;
#6870 = VERTEX_POINT ( 'NONE', #1195 ) ;
#6871 = LINE ( 'NONE', #299, #4415 ) ;
#6872 = EDGE_LOOP ( 'NONE', ( #5865, #2565, #7610, #3663 ) ) ;
#6873 = PLANE ( 'NONE',  #8228 ) ;
#6874 = LINE ( 'NONE', #8452, #4532 ) ;
#6875 = CARTESIAN_POINT ( 'NONE',  ( 1.000000000000000888, -9.361657171677029154, 28.99999856948849697 ) ) ;
#6876 = EDGE_LOOP ( 'NONE', ( #1679, #5026, #6767, #1775 ) ) ;
#6877 = DIRECTION ( 'NONE',  ( 0.000000000000000000, 0.000000000000000000, 1.000000000000000000 ) ) ;
#6878 = CIRCLE ( 'NONE', #4877, 0.9999999999999991118 ) ;
#6879 = ORIENTED_EDGE ( 'NONE', *, *, #7579, .T. ) ;
#6880 = EDGE_CURVE ( 'NONE', #4671, #8967, #8433, .T. ) ;
#6881 = AXIS2_PLACEMENT_3D ( 'NONE', #1272, #2906, #2037 ) ;
#6882 = ORIENTED_EDGE ( 'NONE', *, *, #8758, .T. ) ;
#6883 = LINE ( 'NONE', #7743, #5641 ) ;
#6884 = EDGE_LOOP ( 'NONE', ( #3080, #8051, #6526, #5236 ) ) ;
#6885 = AXIS2_PLACEMENT_3D ( 'NONE', #8717, #8042, #1464 ) ;
#6886 = FACE_OUTER_BOUND ( 'NONE', #1014, .T. ) ;
#6887 = EDGE_CURVE ( 'NONE', #1912, #4109, #4750, .T. ) ;
#6888 = VECTOR ( 'NONE', #913, 1000.000000000000000 ) ;
#6889 = DIRECTION ( 'NONE',  ( -6.123233995736769734E-17, -1.000000000000000000, 0.000000000000000000 ) ) ;
#6890 = EDGE_CURVE ( 'NONE', #1780, #4311, #4286, .T. ) ;
#6891 = CARTESIAN_POINT ( 'NONE',  ( -11.44949534515299305, -22.95281151278305742, -4.500000000000158984 ) ) ;
#6892 = ORIENTED_EDGE ( 'NONE', *, *, #3696, .F. ) ;
#6893 = ORIENTED_EDGE ( 'NONE', *, *, #9184, .F. ) ;
#6894 = CIRCLE ( 'NONE', #4421, 1.000000000000000444 ) ;
#6895 = ADVANCED_FACE ( 'NONE', ( #2815 ), #6418, .T. ) ;
#6896 = ORIENTED_EDGE ( 'NONE', *, *, #8918, .T. ) ;
#6897 = CARTESIAN_POINT ( 'NONE',  ( 0.02258221876439378203, -3.749932005169651195, 28.99999856948849697 ) ) ;
#6898 = CARTESIAN_POINT ( 'NONE',  ( 0.000000000000000000, 0.000000000000000000, 5.500000953674160087 ) ) ;
#6899 = DIRECTION ( 'NONE',  ( 0.000000000000000000, 0.000000000000000000, -1.000000000000000000 ) ) ;
#6900 = CARTESIAN_POINT ( 'NONE',  ( -20.85065946199300768, -2.500000000000057732, 16.50000095367419917 ) ) ;
#6901 = CYLINDRICAL_SURFACE ( 'NONE', #1159, 1.000000000000000666 ) ;
#6902 = AXIS2_PLACEMENT_3D ( 'NONE', #7096, #7822, #332 ) ;
#6903 = DIRECTION ( 'NONE',  ( -0.9733566799329020913, 0.2292962573397090698, 0.000000000000000000 ) ) ;
#6904 = ADVANCED_FACE ( 'NONE', ( #5736 ), #2098, .F. ) ;
#6905 = DIRECTION ( 'NONE',  ( 0.000000000000000000, 0.000000000000000000, -1.000000000000000000 ) ) ;
#6906 = VERTEX_POINT ( 'NONE', #5154 ) ;
#6907 = VERTEX_POINT ( 'NONE', #3532 ) ;
#6908 = CARTESIAN_POINT ( 'NONE',  ( -11.89487497173198705, -14.88000166017711123, 0.9999999999998441247 ) ) ;
#6909 = DIRECTION ( 'NONE',  ( 0.000000000000000000, 0.000000000000000000, -1.000000000000000000 ) ) ;
#6910 = CARTESIAN_POINT ( 'NONE',  ( 11.00312125762210869, -22.05796506004298152, 10.50000095367419917 ) ) ;
#6911 = LINE ( 'NONE', #1720, #6255 ) ;
#6912 = DIRECTION ( 'NONE',  ( 1.000000000000000000, 0.000000000000000000, 0.000000000000000000 ) ) ;
#6913 = CARTESIAN_POINT ( 'NONE',  ( 14.46722287275990837, -20.05796506004298152, 10.50000095367419917 ) ) ;
#6914 = CARTESIAN_POINT ( 'NONE',  ( 24.60431872659751917, 2.499999999999946709, 12.50000095367419917 ) ) ;
#6915 = ORIENTED_EDGE ( 'NONE', *, *, #7093, .F. ) ;
#6916 = ORIENTED_EDGE ( 'NONE', *, *, #6930, .T. ) ;
#6917 = VERTEX_POINT ( 'NONE', #1378 ) ;
#6918 = EDGE_CURVE ( 'NONE', #7107, #338, #6509, .T. ) ;
#6919 = ORIENTED_EDGE ( 'NONE', *, *, #4970, .T. ) ;
#6920 = EDGE_CURVE ( 'NONE', #1484, #6191, #2187, .T. ) ;
#6921 = ORIENTED_EDGE ( 'NONE', *, *, #7222, .F. ) ;
#6922 = CYLINDRICAL_SURFACE ( 'NONE', #5040, 1.000000000000000888 ) ;
#6923 = FACE_OUTER_BOUND ( 'NONE', #6101, .T. ) ;
#6924 = CARTESIAN_POINT ( 'NONE',  ( -1.000000000000000888, -17.93885447847809544, -10.99999976158160031 ) ) ;
#6925 = CYLINDRICAL_SURFACE ( 'NONE', #2082, 1.000000000000000888 ) ;
#6926 = AXIS2_PLACEMENT_3D ( 'NONE', #8072, #1492, #7321 ) ;
#6927 = PRODUCT ( '\X2\8f6e6bc2\X0\', '\X2\8f6e6bc2\X0\', '', ( #7619 ) ) ;
#6928 = ORIENTED_EDGE ( 'NONE', *, *, #7357, .F. ) ;
#6929 = DIRECTION ( 'NONE',  ( 0.9984594016228911517, 0.05548714545602558001, 0.000000000000000000 ) ) ;
#6930 = EDGE_CURVE ( 'NONE', #3248, #5677, #9480, .T. ) ;
#6931 = ORIENTED_EDGE ( 'NONE', *, *, #5270, .T. ) ;
#6932 = ORIENTED_EDGE ( 'NONE', *, *, #2010, .T. ) ;
#6933 = DIRECTION ( 'NONE',  ( 0.9575997404350009568, -0.2881019561176543786, 0.000000000000000000 ) ) ;
#6934 = ORIENTED_EDGE ( 'NONE', *, *, #1179, .T. ) ;
#6935 = AXIS2_PLACEMENT_3D ( 'NONE', #4085, #7023, #449 ) ;
#6936 = DIRECTION ( 'NONE',  ( 0.000000000000000000, 0.000000000000000000, 1.000000000000000000 ) ) ;
#6937 = CARTESIAN_POINT ( 'NONE',  ( -14.88000166017700110, -11.89487497173302799, 0.9999999999998441247 ) ) ;
#6939 = EDGE_CURVE ( 'NONE', #7622, #8097, #8071, .T. ) ;
#6938 = VECTOR ( 'NONE', #2173, 1000.000000000000000 ) ;
#6940 = DIRECTION ( 'NONE',  ( 0.000000000000000000, 0.000000000000000000, 1.000000000000000000 ) ) ;
#6941 = ORIENTED_EDGE ( 'NONE', *, *, #3088, .T. ) ;
#6942 = ORIENTED_EDGE ( 'NONE', *, *, #366, .F. ) ;
#6943 = VECTOR ( 'NONE', #7547, 1000.000000000000000 ) ;
#6944 = EDGE_CURVE ( 'NONE', #6376, #8638, #1281, .T. ) ;
#6945 = ORIENTED_EDGE ( 'NONE', *, *, #7717, .F. ) ;
#6946 = DIRECTION ( 'NONE',  ( 0.000000000000000000, 0.000000000000000000, 1.000000000000000000 ) ) ;
#6947 = CARTESIAN_POINT ( 'NONE',  ( -12.26893148769987363, -14.15438635628010466, -10.99999976158160031 ) ) ;
#6948 = DIRECTION ( 'NONE',  ( 0.8660254037844383745, -0.5000000000000003331, 0.000000000000000000 ) ) ;
#6949 = CARTESIAN_POINT ( 'NONE',  ( 13.39179242963679783, 11.97757886726391519, -10.99999976158160031 ) ) ;
#6950 = VECTOR ( 'NONE', #9116, 1000.000000000000000 ) ;
#6951 = DIRECTION ( 'NONE',  ( 0.000000000000000000, 0.000000000000000000, -1.000000000000000000 ) ) ;
#6952 = CIRCLE ( 'NONE', #1888, 19.05000000000000071 ) ;
#6953 = EDGE_CURVE ( 'NONE', #8985, #8657, #1416, .T. ) ;
#6954 = VERTEX_POINT ( 'NONE', #5789 ) ;
#6955 = ORIENTED_EDGE ( 'NONE', *, *, #4367, .F. ) ;
#6956 = CIRCLE ( 'NONE', #6484, 1.000000000000000888 ) ;
#6957 = CARTESIAN_POINT ( 'NONE',  ( 0.000000000000000000, 0.000000000000000000, 5.500000953674160087 ) ) ;
#6958 = EDGE_CURVE ( 'NONE', #1842, #5474, #8716, .T. ) ;
#6959 = CYLINDRICAL_SURFACE ( 'NONE', #3453, 1.000000000000000000 ) ;
#6960 = DIRECTION ( 'NONE',  ( 1.000000000000000000, 0.000000000000000000, 0.000000000000000000 ) ) ;
#6961 = DIRECTION ( 'NONE',  ( 0.000000000000000000, -1.000000000000000000, 0.000000000000000000 ) ) ;
#6962 = DIRECTION ( 'NONE',  ( 0.000000000000000000, 0.000000000000000000, 1.000000000000000000 ) ) ;
#6963 = DIRECTION ( 'NONE',  ( 0.2292962573396709614, -0.9733566799329110841, 0.000000000000000000 ) ) ;
#6964 = FACE_OUTER_BOUND ( 'NONE', #2118, .T. ) ;
#6965 = EDGE_LOOP ( 'NONE', ( #1629, #7850, #618, #9350, #816, #7116, #8749, #9040 ) ) ;
#6966 = ORIENTED_EDGE ( 'NONE', *, *, #5209, .T. ) ;
#6967 = VECTOR ( 'NONE', #8045, 1000.000000000000000 ) ;
#6968 = VERTEX_POINT ( 'NONE', #2147 ) ;
#6969 = ORIENTED_EDGE ( 'NONE', *, *, #1408, .T. ) ;
#6970 = DIRECTION ( 'NONE',  ( 0.000000000000000000, 0.000000000000000000, -1.000000000000000000 ) ) ;
#6971 = CYLINDRICAL_SURFACE ( 'NONE', #3017, 19.05000000000000071 ) ;
#6972 = CARTESIAN_POINT ( 'NONE',  ( 22.05796506004260848, 11.00312125762192750, -4.500000000000158984 ) ) ;
#6973 = DIRECTION ( 'NONE',  ( 0.000000000000000000, 0.000000000000000000, -1.000000000000000000 ) ) ;
#6974 = EDGE_CURVE ( 'NONE', #479, #4301, #4335, .T. ) ;
#6975 = AXIS2_PLACEMENT_3D ( 'NONE', #4284, #3606, #8652 ) ;
#6976 = ORIENTED_EDGE ( 'NONE', *, *, #7099, .T. ) ;
#6977 = DIRECTION ( 'NONE',  ( -0.7071067811865480168, -0.7071067811865470176, 0.000000000000000000 ) ) ;
#6978 = ORIENTED_EDGE ( 'NONE', *, *, #3657, .T. ) ;
#6979 = CIRCLE ( 'NONE', #9126, 21.55000000000000071 ) ;
#6980 = VERTEX_POINT ( 'NONE', #8000 ) ;
#6981 = DIRECTION ( 'NONE',  ( -0.7283034830954149275, 0.6852547238152297826, 0.000000000000000000 ) ) ;
#6982 = ORIENTED_EDGE ( 'NONE', *, *, #3076, .F. ) ;
#6983 = DIRECTION ( 'NONE',  ( 0.000000000000000000, 0.000000000000000000, -1.000000000000000000 ) ) ;
#6984 = CARTESIAN_POINT ( 'NONE',  ( -14.15297018576999832, -21.39195958580497603, 12.50000095367419917 ) ) ;
#6985 = ADVANCED_FACE ( 'NONE', ( #4198 ), #1463, .T. ) ;
#6986 = CARTESIAN_POINT ( 'NONE',  ( -13.60119746897600557, -20.55796506004303836, 12.50000095367419917 ) ) ;
#6987 = VERTEX_POINT ( 'NONE', #3622 ) ;
#6988 = VECTOR ( 'NONE', #5153, 1000.000000000000000 ) ;
#6989 = LINE ( 'NONE', #1129, #4087 ) ;
#6990 = ADVANCED_FACE ( 'NONE', ( #3484 ), #35, .F. ) ;
#6991 = EDGE_CURVE ( 'NONE', #6148, #1230, #2767, .T. ) ;
#6992 = ORIENTED_EDGE ( 'NONE', *, *, #255, .T. ) ;
#6993 = DIRECTION ( 'NONE',  ( 0.000000000000000000, 0.000000000000000000, 1.000000000000000000 ) ) ;
#6994 = LINE ( 'NONE', #1233, #3205 ) ;
#6995 = VECTOR ( 'NONE', #6001, 1000.000000000000000 ) ;
#6996 = LINE ( 'NONE', #5548, #9287 ) ;
#6997 = CARTESIAN_POINT ( 'NONE',  ( 21.39195958580511459, 14.15297018576899823, 10.50000095367419917 ) ) ;
#6998 = CARTESIAN_POINT ( 'NONE',  ( 24.60431872659751917, -1.500000000000056843, 12.50000095367419917 ) ) ;
#6999 = VERTEX_POINT ( 'NONE', #1329 ) ;
#7000 = VECTOR ( 'NONE', #2622, 1000.000000000000000 ) ;
#7001 = ADVANCED_FACE ( 'NONE', ( #6127 ), #7562, .T. ) ;
#7002 = DIRECTION ( 'NONE',  ( 0.000000000000000000, 0.000000000000000000, -1.000000000000000000 ) ) ;
#7003 = CARTESIAN_POINT ( 'NONE',  ( 2.110803324100005263, -18.93269683185605601, 28.99999856948849697 ) ) ;
#7004 = DIRECTION ( 'NONE',  ( 6.801708676704649362E-17, -6.085529284608839213E-17, -1.000000000000000000 ) ) ;
#7005 = CYLINDRICAL_SURFACE ( 'NONE', #1349, 1.000000000000000444 ) ;
#7006 = VECTOR ( 'NONE', #7214, 1000.000000000000000 ) ;
#7007 = AXIS2_PLACEMENT_3D ( 'NONE', #8119, #106, #200 ) ;
#7008 = VECTOR ( 'NONE', #1552, 1000.000000000000114 ) ;
#7009 = CARTESIAN_POINT ( 'NONE',  ( 4.430389469675014347, -12.67365965879607614, 5.500000953674160087 ) ) ;
#7010 = EDGE_CURVE ( 'NONE', #398, #7145, #4380, .T. ) ;
#7011 = CARTESIAN_POINT ( 'NONE',  ( -12.26893148769987363, 14.15438635627899444, -10.99999976158160031 ) ) ;
#7012 = EDGE_LOOP ( 'NONE', ( #6893, #3098, #7024, #2711 ) ) ;
#7013 = ORIENTED_EDGE ( 'NONE', *, *, #5698, .F. ) ;
#7014 = AXIS2_PLACEMENT_3D ( 'NONE', #7922, #7152, #2781 ) ;
#7015 = ORIENTED_EDGE ( 'NONE', *, *, #6867, .F. ) ;
#7016 = ORIENTED_EDGE ( 'NONE', *, *, #8843, .T. ) ;
#7017 = DIRECTION ( 'NONE',  ( 0.000000000000000000, -0.000000000000000000, 1.000000000000000000 ) ) ;
#7018 = DIRECTION ( 'NONE',  ( -0.7071067811865470176, 0.7071067811865480168, -8.659560562354929160E-17 ) ) ;
#7019 = CARTESIAN_POINT ( 'NONE',  ( 2.500000000000002220, -20.85065946199304676, 16.50000095367419917 ) ) ;
#7020 = VECTOR ( 'NONE', #1835, 1000.000000000000000 ) ;
#7021 = DIRECTION ( 'NONE',  ( 0.000000000000000000, 0.000000000000000000, -1.000000000000000000 ) ) ;
#7022 = ORIENTED_EDGE ( 'NONE', *, *, #7646, .T. ) ;
#7023 = DIRECTION ( 'NONE',  ( 1.224646799147350002E-16, 0.000000000000000000, -1.000000000000000000 ) ) ;
#7024 = ORIENTED_EDGE ( 'NONE', *, *, #6052, .T. ) ;
#7025 = VECTOR ( 'NONE', #7338, 1000.000000000000000 ) ;
#7026 = AXIS2_PLACEMENT_3D ( 'NONE', #5988, #3923, #2540 ) ;
#7027 = ORIENTED_EDGE ( 'NONE', *, *, #8880, .T. ) ;
#7028 = LINE ( 'NONE', #1930, #441 ) ;
#7029 = ORIENTED_EDGE ( 'NONE', *, *, #5343, .T. ) ;
#7030 = DIRECTION ( 'NONE',  ( 0.000000000000000000, 0.000000000000000000, -1.000000000000000000 ) ) ;
#7031 = CIRCLE ( 'NONE', #4558, 1.000000000000001776 ) ;
#7032 = DIRECTION ( 'NONE',  ( 0.000000000000000000, 0.000000000000000000, 1.000000000000000000 ) ) ;
#7033 = VECTOR ( 'NONE', #1980, 1000.000000000000000 ) ;
#7034 = EDGE_CURVE ( 'NONE', #6376, #4099, #4849, .T. ) ;
#7035 = LINE ( 'NONE', #4186, #8341 ) ;
#7036 = ORIENTED_EDGE ( 'NONE', *, *, #4204, .T. ) ;
#7037 = CARTESIAN_POINT ( 'NONE',  ( 13.60119746897540871, -20.55796506004303836, 5.500000953674160087 ) ) ;
#7038 = EDGE_CURVE ( 'NONE', #113, #7380, #5204, .T. ) ;
#7039 = AXIS2_PLACEMENT_3D ( 'NONE', #3386, #3338, #2759 ) ;
#7040 = AXIS2_PLACEMENT_3D ( 'NONE', #769, #1630, #1437 ) ;
#7041 = ORIENTED_EDGE ( 'NONE', *, *, #6944, .T. ) ;
#7042 = CARTESIAN_POINT ( 'NONE',  ( 10.71501930150449233, 23.01556480047699438, 10.50000095367419917 ) ) ;
#7043 = DIRECTION ( 'NONE',  ( 0.7283034830953664107, -0.6852547238152811859, 0.000000000000000000 ) ) ;
#7044 = CARTESIAN_POINT ( 'NONE',  ( -11.00312125762199855, -22.05796506004298152, 22.50000000000000000 ) ) ;
#7045 = DIRECTION ( 'NONE',  ( 0.000000000000000000, 0.000000000000000000, 1.000000000000000000 ) ) ;
#7046 = CIRCLE ( 'NONE', #6555, 1.000000000000000444 ) ;
#7047 = VECTOR ( 'NONE', #6537, 1000.000000000000000 ) ;
#7048 = ORIENTED_EDGE ( 'NONE', *, *, #8823, .F. ) ;
#7049 = EDGE_CURVE ( 'NONE', #2313, #7058, #8133, .T. ) ;
#7050 = CARTESIAN_POINT ( 'NONE',  ( 2.500000000000002220, 21.40449719101200543, 5.500000953674160087 ) ) ;
#7051 = CIRCLE ( 'NONE', #2286, 1.000000000000000222 ) ;
#7052 = CARTESIAN_POINT ( 'NONE',  ( 0.000000000000000000, 0.000000000000000000, 5.500000953674160087 ) ) ;
#7053 = CARTESIAN_POINT ( 'NONE',  ( 10.71501930150446391, -23.01556480047798914, -4.500000000000158984 ) ) ;
#7054 = DIRECTION ( 'NONE',  ( 0.000000000000000000, 0.000000000000000000, -1.000000000000000000 ) ) ;
#7055 = CARTESIAN_POINT ( 'NONE',  ( 0.000000000000000000, 0.000000000000000000, -10.99999976158160031 ) ) ;
#7056 = DIRECTION ( 'NONE',  ( 0.000000000000000000, 0.000000000000000000, 1.000000000000000000 ) ) ;
#7057 = EDGE_CURVE ( 'NONE', #2396, #9423, #8531, .T. ) ;
#7058 = VERTEX_POINT ( 'NONE', #6647 ) ;
#7059 = VERTEX_POINT ( 'NONE', #5974 ) ;
#7060 = VERTEX_POINT ( 'NONE', #1708 ) ;
#7061 = ADVANCED_FACE ( 'NONE', ( #6072 ), #8089, .T. ) ;
#7062 = EDGE_CURVE ( 'NONE', #1069, #8401, #1509, .T. ) ;
#7063 = ORIENTED_EDGE ( 'NONE', *, *, #7804, .T. ) ;
#7064 = DIRECTION ( 'NONE',  ( 6.123233995736769734E-17, 1.000000000000000000, 0.000000000000000000 ) ) ;
#7065 = DIRECTION ( 'NONE',  ( 0.000000000000000000, 0.000000000000000000, 1.000000000000000000 ) ) ;
#7066 = DIRECTION ( 'NONE',  ( 0.000000000000000000, 0.000000000000000000, -1.000000000000000000 ) ) ;
#7067 = LINE ( 'NONE', #9257, #8666 ) ;
#7068 = ORIENTED_EDGE ( 'NONE', *, *, #6193, .F. ) ;
#7069 = CYLINDRICAL_SURFACE ( 'NONE', #1255, 1.000000000000000000 ) ;
#7070 = EDGE_CURVE ( 'NONE', #2313, #545, #2324, .T. ) ;
#7071 = VERTEX_POINT ( 'NONE', #1656 ) ;
#7072 = ORIENTED_EDGE ( 'NONE', *, *, #4587, .T. ) ;
#7073 = PLANE ( 'NONE',  #2886 ) ;
#7074 = ORIENTED_EDGE ( 'NONE', *, *, #8123, .F. ) ;
#7075 = EDGE_CURVE ( 'NONE', #8628, #6669, #3816, .T. ) ;
#7076 = CARTESIAN_POINT ( 'NONE',  ( 14.09889921082331554, 11.27047208607690010, 0.9999999999998441247 ) ) ;
#7077 = FACE_OUTER_BOUND ( 'NONE', #6736, .T. ) ;
#7078 = VECTOR ( 'NONE', #3929, 1000.000000000000000 ) ;
#7079 = CARTESIAN_POINT ( 'NONE',  ( 19.78683832264890796, 8.537185086044951632, 5.500000953674160087 ) ) ;
#7080 = FACE_OUTER_BOUND ( 'NONE', #6751, .T. ) ;
#7081 = ORIENTED_EDGE ( 'NONE', *, *, #7747, .F. ) ;
#7082 = ORIENTED_EDGE ( 'NONE', *, *, #9462, .F. ) ;
#7083 = VECTOR ( 'NONE', #7926, 1000.000000000000000 ) ;
#7084 = EDGE_LOOP ( 'NONE', ( #4753, #8506, #4920, #3896 ) ) ;
#7085 = ORIENTED_EDGE ( 'NONE', *, *, #268, .T. ) ;
#7086 = ADVANCED_FACE ( 'NONE', ( #8179 ), #172, .T. ) ;
#7087 = CARTESIAN_POINT ( 'NONE',  ( -1.500000000000001332, 24.60431872659696495, 10.50000095367419917 ) ) ;
#7088 = LINE ( 'NONE', #3426, #8865 ) ;
#7089 = LINE ( 'NONE', #5502, #5146 ) ;
#7090 = DIRECTION ( 'NONE',  ( 0.000000000000000000, 0.000000000000000000, 1.000000000000000000 ) ) ;
#7091 = ADVANCED_FACE ( 'NONE', ( #2282 ), #4526, .F. ) ;
#7092 = ORIENTED_EDGE ( 'NONE', *, *, #6475, .T. ) ;
#7093 = EDGE_CURVE ( 'NONE', #31, #8583, #7371, .T. ) ;
#7094 = FACE_OUTER_BOUND ( 'NONE', #5129, .T. ) ;
#7095 = CARTESIAN_POINT ( 'NONE',  ( 12.59039324045760289, -16.80720077974506665, 16.50000095367419917 ) ) ;
#7096 = CARTESIAN_POINT ( 'NONE',  ( 1.500000000000001332, 24.60431872659696495, 12.50000095367419917 ) ) ;
#7097 = CARTESIAN_POINT ( 'NONE',  ( 0.000000000000000000, 0.000000000000000000, 22.50000000000000000 ) ) ;
#7098 = DIRECTION ( 'NONE',  ( 0.000000000000000000, 0.000000000000000000, 1.000000000000000000 ) ) ;
#7099 = EDGE_CURVE ( 'NONE', #1152, #8097, #3469, .T. ) ;
#7100 = FACE_OUTER_BOUND ( 'NONE', #1297, .T. ) ;
#7101 = EDGE_LOOP ( 'NONE', ( #9181, #4472 ) ) ;
#7102 = ORIENTED_EDGE ( 'NONE', *, *, #7301, .T. ) ;
#7103 = AXIS2_PLACEMENT_3D ( 'NONE', #7205, #7833, #621 ) ;
#7104 = VERTEX_POINT ( 'NONE', #220 ) ;
#7105 = EDGE_CURVE ( 'NONE', #6006, #2839, #1624, .T. ) ;
#7106 = EDGE_CURVE ( 'NONE', #7104, #7409, #6843, .T. ) ;
#7107 = VERTEX_POINT ( 'NONE', #3719 ) ;
#7108 = DIRECTION ( 'NONE',  ( 0.9733566799329461672, -0.2292962573395214698, 0.000000000000000000 ) ) ;
#7109 = CARTESIAN_POINT ( 'NONE',  ( 17.93885447847770465, 2.000000000000001776, -10.99999976158160031 ) ) ;
#7110 = CARTESIAN_POINT ( 'NONE',  ( 0.000000000000000000, 0.000000000000000000, 12.50000095367419917 ) ) ;
#7111 = DIRECTION ( 'NONE',  ( -0.9575997404349719799, 0.2881019561177511346, 0.000000000000000000 ) ) ;
#7112 = VERTEX_POINT ( 'NONE', #77 ) ;
#7113 = PLANE ( 'NONE',  #6935 ) ;
#7114 = ORIENTED_EDGE ( 'NONE', *, *, #4474, .F. ) ;
#7115 = EDGE_CURVE ( 'NONE', #4914, #1829, #7154, .T. ) ;
#7116 = ORIENTED_EDGE ( 'NONE', *, *, #5678, .T. ) ;
#7117 = DIRECTION ( 'NONE',  ( 0.8660254037844387076, -0.4999999999999998890, 0.000000000000000000 ) ) ;
#7118 = EDGE_LOOP ( 'NONE', ( #6363, #152, #9296, #1472 ) ) ;
#7119 = CARTESIAN_POINT ( 'NONE',  ( -15.35596946773398841, -21.59731931759201018, 16.50000095367419917 ) ) ;
#7120 = LINE ( 'NONE', #536, #7047 ) ;
#7121 = DIRECTION ( 'NONE',  ( 0.000000000000000000, 0.000000000000000000, 1.000000000000000000 ) ) ;
#7122 = CARTESIAN_POINT ( 'NONE',  ( -22.05796506004299573, 11.00312125762192750, 10.50000095367419917 ) ) ;
#7123 = VERTEX_POINT ( 'NONE', #1305 ) ;
#7124 = CIRCLE ( 'NONE', #3585, 25.64999999999999858 ) ;
#7125 = ORIENTED_EDGE ( 'NONE', *, *, #5029, .T. ) ;
#7126 = ORIENTED_EDGE ( 'NONE', *, *, #871, .F. ) ;
#7127 = CARTESIAN_POINT ( 'NONE',  ( 0.000000000000000000, 0.000000000000000000, 12.50000095367419917 ) ) ;
#7128 = DIRECTION ( 'NONE',  ( -6.123233995736769734E-17, -1.000000000000000000, 0.000000000000000000 ) ) ;
#7129 = ADVANCED_FACE ( 'NONE', ( #1033 ), #1221, .T. ) ;
#7130 = LINE ( 'NONE', #3476, #2229 ) ;
#7131 = CARTESIAN_POINT ( 'NONE',  ( 2.228303483095367632, -25.28957345041335358, 5.500000953674160087 ) ) ;
#7132 = VECTOR ( 'NONE', #2542, 1000.000000000000000 ) ;
#7133 = PLANE ( 'NONE',  #4324 ) ;
#7134 = ORIENTED_EDGE ( 'NONE', *, *, #3796, .F. ) ;
#7135 = AXIS2_PLACEMENT_3D ( 'NONE', #2102, #5880, #1380 ) ;
#7136 = CARTESIAN_POINT ( 'NONE',  ( 0.000000000000000000, 0.000000000000000000, 0.9999999999998441247 ) ) ;
#7137 = CARTESIAN_POINT ( 'NONE',  ( 1.500000000000000222, 1.836970198721030181E-16, 21.30000023841839862 ) ) ;
#7138 = CARTESIAN_POINT ( 'NONE',  ( 10.27860038987220292, -3.047601356037987763, -4.500000000000158984 ) ) ;
#7139 = FACE_OUTER_BOUND ( 'NONE', #8535, .T. ) ;
#7140 = PLANE ( 'NONE',  #5459 ) ;
#7141 = CYLINDRICAL_SURFACE ( 'NONE', #5259, 1.000000000000000888 ) ;
#7142 = CIRCLE ( 'NONE', #8819, 1.000000000000000000 ) ;
#7143 = AXIS2_PLACEMENT_3D ( 'NONE', #3133, #9042, #5394 ) ;
#7144 = VECTOR ( 'NONE', #6251, 1000.000000000000000 ) ;
#7145 = VERTEX_POINT ( 'NONE', #9098 ) ;
#7146 = VERTEX_POINT ( 'NONE', #2652 ) ;
#7147 = ORIENTED_EDGE ( 'NONE', *, *, #773, .T. ) ;
#7148 = AXIS2_PLACEMENT_3D ( 'NONE', #7163, #2892, #3461 ) ;
#7149 = ADVANCED_FACE ( 'NONE', ( #6394 ), #322, .T. ) ;
#7150 = ORIENTED_EDGE ( 'NONE', *, *, #8868, .T. ) ;
#7151 = CARTESIAN_POINT ( 'NONE',  ( 0.000000000000000000, 0.000000000000000000, -4.500000000000158984 ) ) ;
#7152 = DIRECTION ( 'NONE',  ( 0.000000000000000000, 0.000000000000000000, -1.000000000000000000 ) ) ;
#7153 = CARTESIAN_POINT ( 'NONE',  ( -1.500000000000001332, 24.60431872659696495, 5.500000953674160087 ) ) ;
#7154 = CIRCLE ( 'NONE', #1794, 1.000000000000000888 ) ;
#7155 = ORIENTED_EDGE ( 'NONE', *, *, #1131, .T. ) ;
#7156 = DIRECTION ( 'NONE',  ( 1.000000000000000000, -1.224646799147350002E-16, 1.224646799147350002E-16 ) ) ;
#7157 = ORIENTED_EDGE ( 'NONE', *, *, #9159, .T. ) ;
#7158 = VERTEX_POINT ( 'NONE', #5578 ) ;
#7159 = DIRECTION ( 'NONE',  ( -0.05548714545610360788, 0.9984594016228869329, 0.000000000000000000 ) ) ;
#7160 = AXIS2_PLACEMENT_3D ( 'NONE', #3790, #3651, #7399 ) ;
#7161 = ORIENTED_EDGE ( 'NONE', *, *, #4867, .F. ) ;
#7162 = DIRECTION ( 'NONE',  ( 0.000000000000000000, 0.000000000000000000, -1.000000000000000000 ) ) ;
#7163 = CARTESIAN_POINT ( 'NONE',  ( 0.000000000000000000, 0.000000000000000000, 5.500000953674160087 ) ) ;
#7164 = FACE_OUTER_BOUND ( 'NONE', #1839, .T. ) ;
#7165 = DIRECTION ( 'NONE',  ( 0.000000000000000000, 0.000000000000000000, -1.000000000000000000 ) ) ;
#7166 = CARTESIAN_POINT ( 'NONE',  ( 13.60119746897540871, 20.55796506004192636, 10.50000095367419917 ) ) ;
#7167 = CARTESIAN_POINT ( 'NONE',  ( 17.28683832264900389, -12.86731210496705557, -4.500000000000158984 ) ) ;
#7168 = EDGE_CURVE ( 'NONE', #7059, #2363, #5668, .T. ) ;
#7169 = ORIENTED_EDGE ( 'NONE', *, *, #7393, .T. ) ;
#7170 = AXIS2_PLACEMENT_3D ( 'NONE', #6858, #7629, #3976 ) ;
#7171 = CARTESIAN_POINT ( 'NONE',  ( 11.00312125762210869, 22.05796506004198321, 10.50000095367419917 ) ) ;
#7172 = EDGE_CURVE ( 'NONE', #8125, #1031, #3960, .T. ) ;
#7173 = VERTEX_POINT ( 'NONE', #8598 ) ;
#7174 = VECTOR ( 'NONE', #2554, 1000.000000000000000 ) ;
#7175 = EDGE_LOOP ( 'NONE', ( #4955, #1641, #6778, #2774 ) ) ;
#7176 = DIRECTION ( 'NONE',  ( 0.8660254037844387076, -0.4999999999999998890, 0.000000000000000000 ) ) ;
#7177 = EDGE_CURVE ( 'NONE', #8399, #881, #2026, .T. ) ;
#7178 = DIRECTION ( 'NONE',  ( 0.000000000000000000, 0.000000000000000000, 1.000000000000000000 ) ) ;
#7179 = DIRECTION ( 'NONE',  ( 0.000000000000000000, 0.000000000000000000, 1.000000000000000000 ) ) ;
#7180 = CARTESIAN_POINT ( 'NONE',  ( -24.60431872659797747, 1.499999999999945821, 10.50000095367419917 ) ) ;
#7181 = ORIENTED_EDGE ( 'NONE', *, *, #9199, .F. ) ;
#7182 = CIRCLE ( 'NONE', #6885, 1.000000000000000888 ) ;
#7183 = VECTOR ( 'NONE', #4274, 1000.000000000000000 ) ;
#7184 = EDGE_CURVE ( 'NONE', #214, #3323, #107, .T. ) ;
#7185 = CARTESIAN_POINT ( 'NONE',  ( 13.60119746897540871, -20.55796506004303836, 10.50000095367419917 ) ) ;
#7186 = CIRCLE ( 'NONE', #6568, 1.000000000000001110 ) ;
#7187 = DIRECTION ( 'NONE',  ( 0.000000000000000000, 0.000000000000000000, 1.000000000000000000 ) ) ;
#7188 = DIRECTION ( 'NONE',  ( 0.000000000000000000, 0.000000000000000000, 1.000000000000000000 ) ) ;
#7189 = DIRECTION ( 'NONE',  ( 1.220876328034559909E-16, -6.784746809677710063E-18, -1.000000000000000000 ) ) ;
#7190 = CARTESIAN_POINT ( 'NONE',  ( 0.000000000000000000, 0.000000000000000000, -10.99999976158160031 ) ) ;
#7191 = ADVANCED_FACE ( 'NONE', ( #5623 ), #7614, .F. ) ;
#7192 = VECTOR ( 'NONE', #6453, 1000.000000000000000 ) ;
#7193 = AXIS2_PLACEMENT_3D ( 'NONE', #3985, #1729, #1834 ) ;
#7194 = CARTESIAN_POINT ( 'NONE',  ( 0.000000000000000000, 0.000000000000000000, 22.50000000000000000 ) ) ;
#7195 = VECTOR ( 'NONE', #165, 1000.000000000000000 ) ;
#7196 = ORIENTED_EDGE ( 'NONE', *, *, #1878, .T. ) ;
#7197 = ORIENTED_EDGE ( 'NONE', *, *, #8592, .F. ) ;
#7198 = AXIS2_PLACEMENT_3D ( 'NONE', #1862, #377, #4063 ) ;
#7199 = ORIENTED_EDGE ( 'NONE', *, *, #1278, .F. ) ;
#7200 = DIRECTION ( 'NONE',  ( 0.000000000000000000, 0.000000000000000000, 1.000000000000000000 ) ) ;
#7201 = ORIENTED_EDGE ( 'NONE', *, *, #7010, .T. ) ;
#7202 = DIRECTION ( 'NONE',  ( 0.000000000000000000, 0.000000000000000000, 1.000000000000000000 ) ) ;
#7203 = DIRECTION ( 'NONE',  ( 0.2881019561176107469, -0.9575997404350141684, 0.000000000000000000 ) ) ;
#7204 = AXIS2_PLACEMENT_3D ( 'NONE', #2913, #5835, #7959 ) ;
#7205 = CARTESIAN_POINT ( 'NONE',  ( 0.000000000000000000, 0.000000000000000000, -4.500000000000158984 ) ) ;
#7206 = ADVANCED_FACE ( 'NONE', ( #4223 ), #3553, .T. ) ;
#7207 = ORIENTED_EDGE ( 'NONE', *, *, #589, .F. ) ;
#7208 = LINE ( 'NONE', #7975, #4161 ) ;
#7209 = ADVANCED_FACE ( 'NONE', ( #7794 ), #4948, .F. ) ;
#7210 = EDGE_LOOP ( 'NONE', ( #1449, #6663, #6042, #1515 ) ) ;
#7211 = ORIENTED_EDGE ( 'NONE', *, *, #2495, .T. ) ;
#7212 = LINE ( 'NONE', #2838, #8412 ) ;
#7213 = ORIENTED_EDGE ( 'NONE', *, *, #2524, .F. ) ;
#7214 = DIRECTION ( 'NONE',  ( -6.123233995736769734E-17, -1.000000000000000000, 0.000000000000000000 ) ) ;
#7215 = PLANE ( 'NONE',  #1324 ) ;
#7216 = FACE_OUTER_BOUND ( 'NONE', #6839, .T. ) ;
#7217 = EDGE_CURVE ( 'NONE', #3457, #4972, #584, .T. ) ;
#7218 = DIRECTION ( 'NONE',  ( 0.000000000000000000, 0.000000000000000000, -1.000000000000000000 ) ) ;
#7219 = CARTESIAN_POINT ( 'NONE',  ( 2.500000000000002220, -10.42532973099707938, 22.50000000000000000 ) ) ;
#7220 = LINE ( 'NONE', #636, #5114 ) ;
#7221 = CARTESIAN_POINT ( 'NONE',  ( 0.000000000000000000, 0.000000000000000000, 0.9999999999998441247 ) ) ;
#7222 = EDGE_CURVE ( 'NONE', #3592, #1335, #2073, .T. ) ;
#7223 = VERTEX_POINT ( 'NONE', #6441 ) ;
#7224 = ORIENTED_EDGE ( 'NONE', *, *, #4492, .T. ) ;
#7225 = DIRECTION ( 'NONE',  ( -0.7283034830953664107, -0.6852547238152811859, 0.000000000000000000 ) ) ;
#7226 = EDGE_CURVE ( 'NONE', #4452, #6519, #2701, .T. ) ;
#7227 = CARTESIAN_POINT ( 'NONE',  ( -2.228303483095416038, 25.28957345041219185, 10.50000095367419917 ) ) ;
#7228 = FACE_OUTER_BOUND ( 'NONE', #2995, .T. ) ;
#7229 = CARTESIAN_POINT ( 'NONE',  ( -21.55000000000000071, -2.639113852162546308E-15, -10.99999976158160031 ) ) ;
#7230 = AXIS2_PLACEMENT_3D ( 'NONE', #240, #8304, #6718 ) ;
#7231 = ORIENTED_EDGE ( 'NONE', *, *, #4492, .F. ) ;
#7232 = ADVANCED_FACE ( 'NONE', ( #1264 ), #5715, .T. ) ;
#7233 = CYLINDRICAL_SURFACE ( 'NONE', #480, 1.000000000000000888 ) ;
#7234 = DIRECTION ( 'NONE',  ( 0.000000000000000000, 0.000000000000000000, -1.000000000000000000 ) ) ;
#7235 = DIRECTION ( 'NONE',  ( 0.000000000000000000, 0.000000000000000000, -1.000000000000000000 ) ) ;
#7236 = CARTESIAN_POINT ( 'NONE',  ( -13.60119746897600557, 20.55796506004192636, -4.500000000000158984 ) ) ;
#7237 = DIRECTION ( 'NONE',  ( 1.224646799147350002E-16, 0.000000000000000000, -1.000000000000000000 ) ) ;
#7238 = EDGE_CURVE ( 'NONE', #9277, #8757, #6242, .T. ) ;
#7239 = FACE_OUTER_BOUND ( 'NONE', #1531, .T. ) ;
#7240 = ORIENTED_EDGE ( 'NONE', *, *, #6244, .F. ) ;
#7241 = ORIENTED_EDGE ( 'NONE', *, *, #4312, .F. ) ;
#7242 = ADVANCED_FACE ( 'NONE', ( #1353 ), #4276, .F. ) ;
#7243 = VERTEX_POINT ( 'NONE', #3025 ) ;
#7244 = CIRCLE ( 'NONE', #3096, 0.9999999999999994449 ) ;
#7245 = LINE ( 'NONE', #4442, #8876 ) ;
#7246 = CARTESIAN_POINT ( 'NONE',  ( 13.39179242963679783, 11.97757886726391519, 28.99999856948849697 ) ) ;
#7247 = CARTESIAN_POINT ( 'NONE',  ( 0.000000000000000000, 0.000000000000000000, -10.99999976158160031 ) ) ;
#7248 = EDGE_CURVE ( 'NONE', #5840, #3631, #8833, .T. ) ;
#7249 = AXIS2_PLACEMENT_3D ( 'NONE', #1824, #2544, #2762 ) ;
#7250 = DIRECTION ( 'NONE',  ( 0.000000000000000000, 0.000000000000000000, -1.000000000000000000 ) ) ;
#7251 = EDGE_LOOP ( 'NONE', ( #2547, #3223, #3099, #5419 ) ) ;
#7252 = DIRECTION ( 'NONE',  ( -0.4999999999999998890, 0.8660254037844387076, 0.000000000000000000 ) ) ;
#7253 = AXIS2_PLACEMENT_3D ( 'NONE', #7221, #7943, #8654 ) ;
#7254 = ORIENTED_EDGE ( 'NONE', *, *, #7057, .T. ) ;
#7255 = ORIENTED_EDGE ( 'NONE', *, *, #2192, .T. ) ;
#7256 = CARTESIAN_POINT ( 'NONE',  ( 14.15297018576949739, 21.39195958580497603, 5.500000953674160087 ) ) ;
#7257 = ORIENTED_EDGE ( 'NONE', *, *, #1977, .F. ) ;
#7258 = DIRECTION ( 'NONE',  ( 0.000000000000000000, 0.000000000000000000, 1.000000000000000000 ) ) ;
#7259 = DIRECTION ( 'NONE',  ( 0.000000000000000000, 0.000000000000000000, 1.000000000000000000 ) ) ;
#7261 = DIRECTION ( 'NONE',  ( 0.000000000000000000, 0.000000000000000000, 1.000000000000000000 ) ) ;
#7260 = CIRCLE ( 'NONE', #8637, 1.000000000000000444 ) ;
#7262 = CARTESIAN_POINT ( 'NONE',  ( 8.537185086044910776, 19.78683832264904652, 22.50000000000000000 ) ) ;
#7263 = LINE ( 'NONE', #5505, #8147 ) ;
#7264 = CARTESIAN_POINT ( 'NONE',  ( 14.15297018576949739, -21.39195958580497603, 10.50000095367419917 ) ) ;
#7265 = ORIENTED_EDGE ( 'NONE', *, *, #4030, .F. ) ;
#7266 = ORIENTED_EDGE ( 'NONE', *, *, #1115, .F. ) ;
#7267 = AXIS2_PLACEMENT_3D ( 'NONE', #1850, #361, #8466 ) ;
#7268 = EDGE_CURVE ( 'NONE', #7071, #6907, #5183, .T. ) ;
#7269 = CARTESIAN_POINT ( 'NONE',  ( -20.78726131738259753, 14.57455414890785050, 10.50000095367419917 ) ) ;
#7270 = DIRECTION ( 'NONE',  ( 0.2881019561176107469, -0.9575997404350141684, 0.000000000000000000 ) ) ;
#7271 = DIRECTION ( 'NONE',  ( 0.000000000000000000, 0.000000000000000000, 1.000000000000000000 ) ) ;
#7272 = EDGE_CURVE ( 'NONE', #5044, #401, #421, .T. ) ;
#7273 = EDGE_CURVE ( 'NONE', #7275, #7334, #2166, .T. ) ;
#7274 = VECTOR ( 'NONE', #5333, 1000.000000000000000 ) ;
#7275 = VERTEX_POINT ( 'NONE', #4455 ) ;
#7276 = DIRECTION ( 'NONE',  ( 1.000000000000000000, 0.000000000000000000, 0.000000000000000000 ) ) ;
#7277 = DIRECTION ( 'NONE',  ( -0.9575997404349719799, 0.2881019561177511346, 0.000000000000000000 ) ) ;
#7279 = DIRECTION ( 'NONE',  ( 0.9575997404350280462, 0.2881019561175639510, 0.000000000000000000 ) ) ;
#7278 = CIRCLE ( 'NONE', #3292, 1.000000000000000888 ) ;
#7280 = DIRECTION ( 'NONE',  ( 0.000000000000000000, 0.000000000000000000, -1.000000000000000000 ) ) ;
#7281 = DIRECTION ( 'NONE',  ( 1.000000000000000000, 0.000000000000000000, 0.000000000000000000 ) ) ;
#7282 = FACE_OUTER_BOUND ( 'NONE', #8084, .T. ) ;
#7283 = DIRECTION ( 'NONE',  ( 0.000000000000000000, 0.000000000000000000, -1.000000000000000000 ) ) ;
#7284 = ORIENTED_EDGE ( 'NONE', *, *, #5972, .T. ) ;
#7285 = ORIENTED_EDGE ( 'NONE', *, *, #4878, .F. ) ;
#7286 = ADVANCED_FACE ( 'NONE', ( #3700 ), #8069, .T. ) ;
#7287 = AXIS2_PLACEMENT_3D ( 'NONE', #2049, #9388, #2190 ) ;
#7288 = AXIS2_PLACEMENT_3D ( 'NONE', #1508, #1655, #6696 ) ;
#7289 = VERTEX_POINT ( 'NONE', #56 ) ;
#7290 = VECTOR ( 'NONE', #6138, 1000.000000000000000 ) ;
#7291 = CARTESIAN_POINT ( 'NONE',  ( 0.000000000000000000, 0.000000000000000000, -4.500000000000158984 ) ) ;
#7292 = ADVANCED_FACE ( 'NONE', ( #4361 ), #6672, .T. ) ;
#7293 = FACE_BOUND ( 'NONE', #1021, .T. ) ;
#7294 = CARTESIAN_POINT ( 'NONE',  ( 22.55796506004270441, 10.13709585383704237, 22.50000000000000000 ) ) ;
#7295 = CIRCLE ( 'NONE', #6227, 25.64999999999999858 ) ;
#7296 = AXIS2_PLACEMENT_3D ( 'NONE', #5280, #1689, #7502 ) ;
#7297 = DIRECTION ( 'NONE',  ( 0.000000000000000000, 0.000000000000000000, 1.000000000000000000 ) ) ;
#7298 = ORIENTED_EDGE ( 'NONE', *, *, #3811, .T. ) ;
#7299 = CARTESIAN_POINT ( 'NONE',  ( 13.60119746897540871, -20.55796506004303836, 22.50000000000000000 ) ) ;
#7300 = ORIENTED_EDGE ( 'NONE', *, *, #5315, .F. ) ;
#7301 = EDGE_CURVE ( 'NONE', #2370, #8985, #5901, .T. ) ;
#7302 = VERTEX_POINT ( 'NONE', #4503 ) ;
#7303 = DIRECTION ( 'NONE',  ( 0.2292962573396709614, -0.9733566799329110841, 0.000000000000000000 ) ) ;
#7304 = ORIENTED_EDGE ( 'NONE', *, *, #1390, .T. ) ;
#7305 = CARTESIAN_POINT ( 'NONE',  ( 20.05796506004270441, 14.46722287275992258, 22.50000000000000000 ) ) ;
#7306 = DIRECTION ( 'NONE',  ( 5.444759314769119984E-17, 6.085529284608870028E-17, -1.000000000000000000 ) ) ;
#7307 = AXIS2_PLACEMENT_3D ( 'NONE', #3762, #8232, #6018 ) ;
#7308 = CYLINDRICAL_SURFACE ( 'NONE', #6213, 1.000000000000000000 ) ;
#7309 = CARTESIAN_POINT ( 'NONE',  ( 11.00312125762210869, -22.05796506004298152, -4.500000000000158984 ) ) ;
#7310 = DIRECTION ( 'NONE',  ( 1.836970198721029688E-16, 1.000000000000000000, 0.000000000000000000 ) ) ;
#7311 = CARTESIAN_POINT ( 'NONE',  ( -14.46722287275999186, -20.05796506004298152, 22.50000000000000000 ) ) ;
#7312 = ORIENTED_EDGE ( 'NONE', *, *, #3865, .F. ) ;
#7313 = VECTOR ( 'NONE', #6045, 1000.000000000000000 ) ;
#7314 = ORIENTED_EDGE ( 'NONE', *, *, #6890, .F. ) ;
#7315 = ORIENTED_EDGE ( 'NONE', *, *, #706, .T. ) ;
#7316 = CARTESIAN_POINT ( 'NONE',  ( -21.39195958580499024, 14.15297018576899823, 10.50000095367419917 ) ) ;
#7317 = DIRECTION ( 'NONE',  ( 1.000000000000000000, 0.000000000000000000, 0.000000000000000000 ) ) ;
#7318 = LINE ( 'NONE', #8711, #2341 ) ;
#7319 = ORIENTED_EDGE ( 'NONE', *, *, #5042, .T. ) ;
#7320 = CIRCLE ( 'NONE', #7638, 21.55000000000000071 ) ;
#7321 = DIRECTION ( 'NONE',  ( 0.6667820768063215109, 0.7452527504476912368, 0.000000000000000000 ) ) ;
#7322 = DIRECTION ( 'NONE',  ( -0.006021925003838376686, 0.9999818680452401409, 0.000000000000000000 ) ) ;
#7323 = CARTESIAN_POINT ( 'NONE',  ( 0.000000000000000000, 0.000000000000000000, 5.500000953674160087 ) ) ;
#7324 = DIRECTION ( 'NONE',  ( 0.000000000000000000, 0.000000000000000000, -1.000000000000000000 ) ) ;
#7325 = DIRECTION ( 'NONE',  ( 0.000000000000000000, 0.000000000000000000, 1.000000000000000000 ) ) ;
#7326 = DIRECTION ( 'NONE',  ( 0.000000000000000000, 0.000000000000000000, -1.000000000000000000 ) ) ;
#7327 = VECTOR ( 'NONE', #6511, 1000.000000000000000 ) ;
#7328 = LINE ( 'NONE', #655, #4487 ) ;
#7329 = CIRCLE ( 'NONE', #4407, 1.000000000000000888 ) ;
#7330 = VERTEX_POINT ( 'NONE', #1534 ) ;
#7331 = VERTEX_POINT ( 'NONE', #7305 ) ;
#7332 = VECTOR ( 'NONE', #4048, 1000.000000000000000 ) ;
#7333 = ORIENTED_EDGE ( 'NONE', *, *, #7691, .F. ) ;
#7334 = VERTEX_POINT ( 'NONE', #6725 ) ;
#7335 = AXIS2_PLACEMENT_3D ( 'NONE', #7896, #1897, #7043 ) ;
#7336 = CARTESIAN_POINT ( 'NONE',  ( 13.60119746897540871, -20.55796506004303836, 12.50000095367419917 ) ) ;
#7337 = VECTOR ( 'NONE', #1012, 1000.000000000000000 ) ;
#7338 = DIRECTION ( 'NONE',  ( 0.000000000000000000, 0.000000000000000000, 1.000000000000000000 ) ) ;
#7339 = DIRECTION ( 'NONE',  ( -1.000000000000000000, 0.000000000000000000, 0.000000000000000000 ) ) ;
#7340 = EDGE_CURVE ( 'NONE', #7838, #7390, #5308, .T. ) ;
#7341 = DIRECTION ( 'NONE',  ( -0.9733566799329020913, 0.2292962573397090698, 0.000000000000000000 ) ) ;
#7342 = ORIENTED_EDGE ( 'NONE', *, *, #1247, .T. ) ;
#7343 = AXIS2_PLACEMENT_3D ( 'NONE', #7185, #4921, #3482 ) ;
#7344 = ORIENTED_EDGE ( 'NONE', *, *, #8725, .T. ) ;
#7345 = DIRECTION ( 'NONE',  ( 0.000000000000000000, 0.000000000000000000, -1.000000000000000000 ) ) ;
#7346 = EDGE_CURVE ( 'NONE', #9310, #7146, #8884, .T. ) ;
#7347 = AXIS2_PLACEMENT_3D ( 'NONE', #1075, #3997, #4665 ) ;
#7348 = ORIENTED_EDGE ( 'NONE', *, *, #5054, .F. ) ;
#7349 = EDGE_CURVE ( 'NONE', #6215, #8068, #4387, .T. ) ;
#7350 = ORIENTED_EDGE ( 'NONE', *, *, #5595, .F. ) ;
#7351 = DIRECTION ( 'NONE',  ( 6.123233995736769734E-17, 1.000000000000000000, 0.000000000000000000 ) ) ;
#7352 = ORIENTED_EDGE ( 'NONE', *, *, #2252, .F. ) ;
#7354 = VECTOR ( 'NONE', #5888, 1000.000000000000000 ) ;
#7353 = CARTESIAN_POINT ( 'NONE',  ( -9.361657171675988209, -1.000000000000000888, -10.99999976158160031 ) ) ;
#7355 = FACE_OUTER_BOUND ( 'NONE', #3850, .T. ) ;
#7356 = LINE ( 'NONE', #3703, #1460 ) ;
#7357 = EDGE_CURVE ( 'NONE', #930, #7539, #2306, .T. ) ;
#7358 = CARTESIAN_POINT ( 'NONE',  ( -10.42532973099699589, -2.500000000000057732, 12.50000095367419917 ) ) ;
#7359 = DIRECTION ( 'NONE',  ( 0.000000000000000000, 0.000000000000000000, 1.000000000000000000 ) ) ;
#7360 = ORIENTED_EDGE ( 'NONE', *, *, #2705, .F. ) ;
#7361 = EDGE_CURVE ( 'NONE', #3248, #313, #5782, .T. ) ;
#7362 = ORIENTED_EDGE ( 'NONE', *, *, #8299, .F. ) ;
#7363 = ORIENTED_EDGE ( 'NONE', *, *, #3524, .F. ) ;
#7364 = CARTESIAN_POINT ( 'NONE',  ( -14.15297018576999832, -21.39195958580497603, -4.500000000000158984 ) ) ;
#7365 = DIRECTION ( 'NONE',  ( -0.6852547238152568720, 0.7283034830953893923, 0.000000000000000000 ) ) ;
#7366 = DIRECTION ( 'NONE',  ( -0.7452527504477930442, -0.6667820768062077130, 0.000000000000000000 ) ) ;
#7367 = ORIENTED_EDGE ( 'NONE', *, *, #3884, .T. ) ;
#7368 = ORIENTED_EDGE ( 'NONE', *, *, #4933, .F. ) ;
#7369 = CARTESIAN_POINT ( 'NONE',  ( 14.09889921082331554, 11.27047208607690010, -10.99999976158160031 ) ) ;
#7370 = DIRECTION ( 'NONE',  ( -0.6667820768063215109, -0.7452527504476912368, 0.000000000000000000 ) ) ;
#7371 = LINE ( 'NONE', #7467, #5470 ) ;
#7372 = LINE ( 'NONE', #4336, #6268 ) ;
#7373 = DIRECTION ( 'NONE',  ( 0.000000000000000000, 0.000000000000000000, -1.000000000000000000 ) ) ;
#7374 = PLANE ( 'NONE',  #1002 ) ;
#7375 = DIRECTION ( 'NONE',  ( -0.6852547238152568720, 0.7283034830953893923, 0.000000000000000000 ) ) ;
#7376 = AXIS2_PLACEMENT_3D ( 'NONE', #2130, #4951, #5051 ) ;
#7377 = EDGE_CURVE ( 'NONE', #24, #6693, #8158, .T. ) ;
#7378 = ORIENTED_EDGE ( 'NONE', *, *, #8335, .T. ) ;
#7379 = ORIENTED_EDGE ( 'NONE', *, *, #1292, .F. ) ;
#7380 = VERTEX_POINT ( 'NONE', #3601 ) ;
#7381 = AXIS2_PLACEMENT_3D ( 'NONE', #4448, #98, #910 ) ;
#7382 = VERTEX_POINT ( 'NONE', #2124 ) ;
#7383 = EDGE_CURVE ( 'NONE', #734, #6693, #2891, .T. ) ;
#7384 = CARTESIAN_POINT ( 'NONE',  ( -11.00312125762199855, 22.05796506004198321, 22.50000000000000000 ) ) ;
#7385 = DIRECTION ( 'NONE',  ( 0.9733566799329461672, -0.2292962573395214698, 0.000000000000000000 ) ) ;
#7386 = CYLINDRICAL_SURFACE ( 'NONE', #5810, 1.000000000000000666 ) ;
#7387 = DIRECTION ( 'NONE',  ( 0.000000000000000000, 0.000000000000000000, -1.000000000000000000 ) ) ;
#7388 = AXIS2_PLACEMENT_3D ( 'NONE', #2530, #4735, #3866 ) ;
#7389 = DIRECTION ( 'NONE',  ( 0.000000000000000000, 0.000000000000000000, -1.000000000000000000 ) ) ;
#7390 = VERTEX_POINT ( 'NONE', #8740 ) ;
#7391 = ORIENTED_EDGE ( 'NONE', *, *, #8728, .T. ) ;
#7392 = CARTESIAN_POINT ( 'NONE',  ( 11.89487497173240271, -14.88000166017711123, -10.99999976158160031 ) ) ;
#7393 = EDGE_CURVE ( 'NONE', #6870, #2560, #5855, .T. ) ;
#7394 = ORIENTED_EDGE ( 'NONE', *, *, #7927, .T. ) ;
#7395 = EDGE_CURVE ( 'NONE', #4739, #3203, #5132, .T. ) ;
#7396 = ORIENTED_EDGE ( 'NONE', *, *, #7984, .F. ) ;
#7397 = DIRECTION ( 'NONE',  ( 0.000000000000000000, 0.000000000000000000, -1.000000000000000000 ) ) ;
#7398 = EDGE_LOOP ( 'NONE', ( #4045, #4646, #3071, #4396, #3281, #3970, #4614, #327 ) ) ;
#7399 = DIRECTION ( 'NONE',  ( 0.9733566799329461672, -0.2292962573395214698, 0.000000000000000000 ) ) ;
#7400 = AXIS2_PLACEMENT_3D ( 'NONE', #2448, #7899, #4698 ) ;
#7401 = DIRECTION ( 'NONE',  ( -0.7452527504476756937, 0.6667820768063390524, 0.000000000000000000 ) ) ;
#7402 = PLANE ( 'NONE',  #7296 ) ;
#7403 = CARTESIAN_POINT ( 'NONE',  ( 8.097979530733697473, -6.683765968360955156, -6.499999761581589652 ) ) ;
#7404 = CARTESIAN_POINT ( 'NONE',  ( -23.01556480047799624, 10.71501930150425963, -4.500000000000158984 ) ) ;
#7405 = VERTEX_POINT ( 'NONE', #8406 ) ;
#7406 = VECTOR ( 'NONE', #3527, 1000.000000000000000 ) ;
#7407 = EDGE_CURVE ( 'NONE', #7655, #1540, #8355, .T. ) ;
#7408 = ORIENTED_EDGE ( 'NONE', *, *, #7876, .T. ) ;
#7409 = VERTEX_POINT ( 'NONE', #2506 ) ;
#7410 = DIRECTION ( 'NONE',  ( 0.000000000000000000, 0.000000000000000000, 1.000000000000000000 ) ) ;
#7411 = PLANE ( 'NONE',  #6680 ) ;
#7412 = CARTESIAN_POINT ( 'NONE',  ( -20.05796506004299573, -14.46722287276003271, 10.50000095367419917 ) ) ;
#7413 = ORIENTED_EDGE ( 'NONE', *, *, #4692, .F. ) ;
#7414 = ORIENTED_EDGE ( 'NONE', *, *, #6301, .T. ) ;
#7415 = PRODUCT_RELATED_PRODUCT_CATEGORY ( 'part', '', ( #6927 ) ) ;
#7416 = EDGE_CURVE ( 'NONE', #2851, #3550, #8077, .T. ) ;
#7417 = CARTESIAN_POINT ( 'NONE',  ( -12.86731210496699873, 17.28683832264898967, 5.500000953674160087 ) ) ;
#7418 = CARTESIAN_POINT ( 'NONE',  ( 1.500000000000001332, 24.60431872659696495, -4.500000000000158984 ) ) ;
#7419 = CARTESIAN_POINT ( 'NONE',  ( -2.798756847521996605, -1.384543285149031355, 28.99999856948849697 ) ) ;
#7420 = CARTESIAN_POINT ( 'NONE',  ( -19.78683832264800557, 8.537185086043951543, 16.49999856948839749 ) ) ;
#7421 = DIRECTION ( 'NONE',  ( 0.000000000000000000, 0.000000000000000000, -1.000000000000000000 ) ) ;
#7422 = VECTOR ( 'NONE', #6447, 1000.000000000000000 ) ;
#7423 = ORIENTED_EDGE ( 'NONE', *, *, #2328, .F. ) ;
#7424 = ORIENTED_EDGE ( 'NONE', *, *, #1923, .T. ) ;
#7425 = ORIENTED_EDGE ( 'NONE', *, *, #5444, .T. ) ;
#7426 = AXIS2_PLACEMENT_3D ( 'NONE', #2749, #3463, #5050 ) ;
#7427 = DIRECTION ( 'NONE',  ( 1.000000000000000000, 0.000000000000000000, 0.000000000000000000 ) ) ;
#7428 = DIRECTION ( 'NONE',  ( 0.000000000000000000, 0.000000000000000000, -1.000000000000000000 ) ) ;
#7429 = FACE_BOUND ( 'NONE', #502, .T. ) ;
#7430 = DIRECTION ( 'NONE',  ( 0.000000000000000000, 0.000000000000000000, -1.000000000000000000 ) ) ;
#7431 = CIRCLE ( 'NONE', #1181, 21.55000000000000071 ) ;
#7432 = EDGE_CURVE ( 'NONE', #7697, #6790, #3936, .T. ) ;
#7433 = CIRCLE ( 'NONE', #4511, 25.64999999999999858 ) ;
#7434 = CARTESIAN_POINT ( 'NONE',  ( -13.60119746897600557, -20.55796506004303836, 22.50000000000000000 ) ) ;
#7435 = AXIS2_PLACEMENT_3D ( 'NONE', #3761, #2231, #4525 ) ;
#7436 = ORIENTED_EDGE ( 'NONE', *, *, #262, .T. ) ;
#7437 = ORIENTED_EDGE ( 'NONE', *, *, #1125, .T. ) ;
#7438 = DIRECTION ( 'NONE',  ( 0.000000000000000000, 0.000000000000000000, 1.000000000000000000 ) ) ;
#7439 = ADVANCED_FACE ( 'NONE', ( #6102 ), #3119, .T. ) ;
#7440 = ORIENTED_EDGE ( 'NONE', *, *, #5224, .F. ) ;
#7441 = CIRCLE ( 'NONE', #2068, 0.9999999999999994449 ) ;
#7442 = ORIENTED_EDGE ( 'NONE', *, *, #5568, .T. ) ;
#7443 = CARTESIAN_POINT ( 'NONE',  ( 21.40449719101190951, -2.500000000000057732, 22.50000000000000000 ) ) ;
#7444 = AXIS2_PLACEMENT_3D ( 'NONE', #917, #3793, #201 ) ;
#7445 = ORIENTED_EDGE ( 'NONE', *, *, #9226, .F. ) ;
#7446 = CARTESIAN_POINT ( 'NONE',  ( -17.93885447847799597, 1.000000000000000888, 0.9999999999998441247 ) ) ;
#7447 = CARTESIAN_POINT ( 'NONE',  ( 0.000000000000000000, 0.000000000000000000, 5.500000953674160087 ) ) ;
#7448 = DIRECTION ( 'NONE',  ( 0.000000000000000000, 0.000000000000000000, 1.000000000000000000 ) ) ;
#7449 = DIRECTION ( 'NONE',  ( -1.000000000000000000, 0.000000000000000000, 0.000000000000000000 ) ) ;
#7450 = DIRECTION ( 'NONE',  ( 0.000000000000000000, 0.000000000000000000, 1.000000000000000000 ) ) ;
#7451 = AXIS2_PLACEMENT_3D ( 'NONE', #1644, #7511, #7365 ) ;
#7452 = AXIS2_PLACEMENT_3D ( 'NONE', #174, #3764, #7564 ) ;
#7453 = ORIENTED_EDGE ( 'NONE', *, *, #4933, .T. ) ;
#7454 = ORIENTED_EDGE ( 'NONE', *, *, #756, .F. ) ;
#7455 = EDGE_LOOP ( 'NONE', ( #4563, #3492, #8629, #674, #4040, #6155, #5664, #2618 ) ) ;
#7456 = AXIS2_PLACEMENT_3D ( 'NONE', #6726, #6773, #4456 ) ;
#7457 = VECTOR ( 'NONE', #7958, 1000.000000000000000 ) ;
#7458 = CARTESIAN_POINT ( 'NONE',  ( 17.28683832264900389, 12.86731210496694366, -4.500000000000158984 ) ) ;
#7459 = CARTESIAN_POINT ( 'NONE',  ( 0.000000000000000000, 0.000000000000000000, 28.99999856948849697 ) ) ;
#7460 = EDGE_CURVE ( 'NONE', #2904, #9026, #2553, .T. ) ;
#7461 = PLANE ( 'NONE',  #9240 ) ;
#7462 = EDGE_LOOP ( 'NONE', ( #5131, #205, #2450, #9128 ) ) ;
#7463 = ORIENTED_EDGE ( 'NONE', *, *, #7704, .T. ) ;
#7464 = ADVANCED_FACE ( 'NONE', ( #6923 ), #6197, .T. ) ;
#7465 = ADVANCED_FACE ( 'NONE', ( #346 ), #8310, .T. ) ;
#7466 = LINE ( 'NONE', #75, #6988 ) ;
#7467 = CARTESIAN_POINT ( 'NONE',  ( -1.000000000000000888, -2.958039891549968381, 28.99999856948849697 ) ) ;
#7468 = DIRECTION ( 'NONE',  ( -0.5052060740556290064, 0.8629987385490770491, 0.000000000000000000 ) ) ;
#7469 = EDGE_CURVE ( 'NONE', #7173, #4288, #3172, .T. ) ;
#7470 = VECTOR ( 'NONE', #523, 1000.000000000000000 ) ;
#7471 = DIRECTION ( 'NONE',  ( 0.9733566799329029795, 0.2292962573397054060, 0.000000000000000000 ) ) ;
#7472 = CARTESIAN_POINT ( 'NONE',  ( 13.60119746897540871, 20.55796506004192636, -4.500000000000158984 ) ) ;
#7473 = PLANE ( 'NONE',  #2035 ) ;
#7474 = EDGE_CURVE ( 'NONE', #5307, #4099, #1109, .T. ) ;
#7475 = ORIENTED_EDGE ( 'NONE', *, *, #1284, .T. ) ;
#7476 = VERTEX_POINT ( 'NONE', #4707 ) ;
#7477 = AXIS2_PLACEMENT_3D ( 'NONE', #5514, #8440, #1863 ) ;
#7478 = CIRCLE ( 'NONE', #9303, 0.9999999999999991118 ) ;
#7479 = CARTESIAN_POINT ( 'NONE',  ( -22.05796506004299573, 11.00312125762192750, 5.500000953674160087 ) ) ;
#7480 = ADVANCED_FACE ( 'NONE', ( #9029 ), #6873, .T. ) ;
#7481 = DIRECTION ( 'NONE',  ( 0.000000000000000000, 0.000000000000000000, -1.000000000000000000 ) ) ;
#7482 = CARTESIAN_POINT ( 'NONE',  ( 2.228303483095417370, 25.28957345041219185, 10.50000095367419917 ) ) ;
#7483 = DIRECTION ( 'NONE',  ( 6.801708676704649362E-17, -6.085529284608839213E-17, -1.000000000000000000 ) ) ;
#7484 = AXIS2_PLACEMENT_3D ( 'NONE', #1687, #347, #4606 ) ;
#7485 = DIRECTION ( 'NONE',  ( -0.2881019561176164645, 0.9575997404350123920, 0.000000000000000000 ) ) ;
#7486 = DIRECTION ( 'NONE',  ( 1.000000000000000000, 0.000000000000000000, 0.000000000000000000 ) ) ;
#7487 = DIRECTION ( 'NONE',  ( 5.444759314766969722E-17, -6.085529284608629672E-17, -1.000000000000000000 ) ) ;
#7488 = ORIENTED_EDGE ( 'NONE', *, *, #4107, .T. ) ;
#7489 = ORIENTED_EDGE ( 'NONE', *, *, #4125, .T. ) ;
#7490 = CARTESIAN_POINT ( 'NONE',  ( -14.46722287275999186, 20.05796506004198321, 10.50000095367419917 ) ) ;
#7491 = AXIS2_PLACEMENT_3D ( 'NONE', #4298, #3720, #2148 ) ;
#7492 = ORIENTED_EDGE ( 'NONE', *, *, #1637, .T. ) ;
#7493 = CIRCLE ( 'NONE', #3646, 1.000000000000000222 ) ;
#7494 = ORIENTED_EDGE ( 'NONE', *, *, #5972, .F. ) ;
#7495 = DIRECTION ( 'NONE',  ( 0.000000000000000000, 0.000000000000000000, 1.000000000000000000 ) ) ;
#7496 = EDGE_LOOP ( 'NONE', ( #5115, #8350, #3756, #9084, #5572, #2343, #3009, #3111 ) ) ;
#7497 = AXIS2_PLACEMENT_3D ( 'NONE', #2806, #9418, #3473 ) ;
#7498 = CARTESIAN_POINT ( 'NONE',  ( -10.42532973099699589, -2.500000000000057732, 12.50000095367419917 ) ) ;
#7499 = CARTESIAN_POINT ( 'NONE',  ( 1.333217923193680265, -18.68410722892578590, 28.99999856948849697 ) ) ;
#7500 = EDGE_CURVE ( 'NONE', #1912, #5307, #3986, .T. ) ;
#7501 = AXIS2_PLACEMENT_3D ( 'NONE', #1860, #5597, #427 ) ;
#7502 = DIRECTION ( 'NONE',  ( 0.000000000000000000, 0.000000000000000000, 1.000000000000000000 ) ) ;
#7503 = VECTOR ( 'NONE', #6936, 1000.000000000000000 ) ;
#7504 = LINE ( 'NONE', #3124, #2795 ) ;
#7505 = CARTESIAN_POINT ( 'NONE',  ( -11.44949534515199474, 22.95281151278294374, 22.50000000000000000 ) ) ;
#7506 = VERTEX_POINT ( 'NONE', #155 ) ;
#7507 = CIRCLE ( 'NONE', #6902, 1.000000000000000888 ) ;
#7508 = VERTEX_POINT ( 'NONE', #2457 ) ;
#7509 = VERTEX_POINT ( 'NONE', #7591 ) ;
#7510 = CYLINDRICAL_SURFACE ( 'NONE', #750, 10.50000000000000000 ) ;
#7511 = DIRECTION ( 'NONE',  ( 0.000000000000000000, 0.000000000000000000, -1.000000000000000000 ) ) ;
#7512 = FACE_OUTER_BOUND ( 'NONE', #1481, .T. ) ;
#7513 = ORIENTED_EDGE ( 'NONE', *, *, #2297, .T. ) ;
#7514 = EDGE_LOOP ( 'NONE', ( #7368, #7894, #4495, #8525 ) ) ;
#7515 = ADVANCED_FACE ( 'NONE', ( #915 ), #9124, .T. ) ;
#7516 = ADVANCED_FACE ( 'NONE', ( #6151 ), #199, .F. ) ;
#7517 = CYLINDRICAL_SURFACE ( 'NONE', #8661, 1.000000000000000222 ) ;
#7518 = DIRECTION ( 'NONE',  ( 0.6852547238153542386, -0.7283034830952977989, 0.000000000000000000 ) ) ;
#7519 = CARTESIAN_POINT ( 'NONE',  ( 8.097979530733697473, 6.683765968359955956, -10.99999976158160031 ) ) ;
#7520 = CARTESIAN_POINT ( 'NONE',  ( 0.000000000000000000, 0.000000000000000000, 28.99999856948849697 ) ) ;
#7521 = FACE_OUTER_BOUND ( 'NONE', #1348, .T. ) ;
#7522 = DIRECTION ( 'NONE',  ( 0.000000000000000000, 0.000000000000000000, 1.000000000000000000 ) ) ;
#7523 = FACE_OUTER_BOUND ( 'NONE', #8609, .T. ) ;
#7524 = ORIENTED_EDGE ( 'NONE', *, *, #5343, .F. ) ;
#7525 = ORIENTED_EDGE ( 'NONE', *, *, #414, .F. ) ;
#7526 = CARTESIAN_POINT ( 'NONE',  ( -1.333217923193666277, -18.68410722892578590, -10.99999976158160031 ) ) ;
#7527 = CARTESIAN_POINT ( 'NONE',  ( 2.110803324100005263, 18.93269683185605601, 28.99999856948849697 ) ) ;
#7528 = CARTESIAN_POINT ( 'NONE',  ( 11.27047208607710793, -14.09889921082407938, -10.99999976158160031 ) ) ;
#7529 = FACE_OUTER_BOUND ( 'NONE', #5519, .T. ) ;
#7530 = EDGE_CURVE ( 'NONE', #929, #1055, #959, .T. ) ;
#7531 = AXIS2_PLACEMENT_3D ( 'NONE', #698, #3849, #743 ) ;
#7532 = DIRECTION ( 'NONE',  ( 0.000000000000000000, 0.000000000000000000, -1.000000000000000000 ) ) ;
#7533 = DIRECTION ( 'NONE',  ( 1.000000000000000000, 0.000000000000000000, 0.000000000000000000 ) ) ;
#7534 = DIRECTION ( 'NONE',  ( 0.000000000000000000, 0.000000000000000000, -1.000000000000000000 ) ) ;
#7535 = ORIENTED_EDGE ( 'NONE', *, *, #7818, .T. ) ;
#7536 = ORIENTED_EDGE ( 'NONE', *, *, #6714, .F. ) ;
#7537 = DIRECTION ( 'NONE',  ( 0.000000000000000000, 0.000000000000000000, 1.000000000000000000 ) ) ;
#7538 = AXIS2_PLACEMENT_3D ( 'NONE', #6492, #540, #5771 ) ;
#7539 = VERTEX_POINT ( 'NONE', #3170 ) ;
#7540 = ORIENTED_EDGE ( 'NONE', *, *, #7927, .F. ) ;
#7541 = CARTESIAN_POINT ( 'NONE',  ( -24.60431872659797747, 2.499999999999946709, 5.500000953674160087 ) ) ;
#7542 = VERTEX_POINT ( 'NONE', #8209 ) ;
#7543 = ADVANCED_FACE ( 'NONE', ( #8977 ), #6383, .T. ) ;
#7544 = CARTESIAN_POINT ( 'NONE',  ( 0.000000000000000000, 0.000000000000000000, 5.500000953674160087 ) ) ;
#7545 = CARTESIAN_POINT ( 'NONE',  ( 19.78683832264820097, -8.537185086044951632, 16.49999856948839749 ) ) ;
#7546 = CARTESIAN_POINT ( 'NONE',  ( 20.78726131738230620, 14.57455414890785050, 5.500000953674160087 ) ) ;
#7547 = DIRECTION ( 'NONE',  ( 0.000000000000000000, 0.000000000000000000, 1.000000000000000000 ) ) ;
#7548 = CARTESIAN_POINT ( 'NONE',  ( -14.09889921082299580, -11.27047208607712037, 28.99999856948849697 ) ) ;
#7549 = ORIENTED_EDGE ( 'NONE', *, *, #8081, .F. ) ;
#7550 = ORIENTED_EDGE ( 'NONE', *, *, #7268, .T. ) ;
#7551 = CARTESIAN_POINT ( 'NONE',  ( 22.05796506004260848, 11.00312125762192750, 5.500000953674160087 ) ) ;
#7552 = ORIENTED_EDGE ( 'NONE', *, *, #7432, .T. ) ;
#7553 = DIRECTION ( 'NONE',  ( 0.000000000000000000, 0.000000000000000000, -1.000000000000000000 ) ) ;
#7554 = LINE ( 'NONE', #6691, #8370 ) ;
#7555 = AXIS2_PLACEMENT_3D ( 'NONE', #1676, #237, #8775 ) ;
#7556 = LINE ( 'NONE', #7608, #3568 ) ;
#7557 = ORIENTED_EDGE ( 'NONE', *, *, #8787, .F. ) ;
#7558 = ORIENTED_EDGE ( 'NONE', *, *, #6651, .F. ) ;
#7559 = ADVANCED_FACE ( 'NONE', ( #5527 ), #9254, .T. ) ;
#7560 = ORIENTED_EDGE ( 'NONE', *, *, #4035, .F. ) ;
#7561 = DIRECTION ( 'NONE',  ( 0.000000000000000000, 0.000000000000000000, 1.000000000000000000 ) ) ;
#7562 = PLANE ( 'NONE',  #8220 ) ;
#7563 = DIRECTION ( 'NONE',  ( 1.000000000000000000, 0.000000000000000000, 0.000000000000000000 ) ) ;
#7564 = DIRECTION ( 'NONE',  ( 1.000000000000000000, 0.000000000000000000, 0.000000000000000000 ) ) ;
#7565 = LINE ( 'NONE', #1659, #843 ) ;
#7566 = EDGE_CURVE ( 'NONE', #6094, #1231, #4545, .T. ) ;
#7567 = FACE_OUTER_BOUND ( 'NONE', #460, .T. ) ;
#7568 = EDGE_CURVE ( 'NONE', #517, #8927, #5659, .T. ) ;
#7569 = CARTESIAN_POINT ( 'NONE',  ( -8.537185086044992488, -19.78683832264904652, -4.500000000000158984 ) ) ;
#7570 = ORIENTED_EDGE ( 'NONE', *, *, #2066, .F. ) ;
#7571 = ORIENTED_EDGE ( 'NONE', *, *, #6918, .T. ) ;
#7572 = DIRECTION ( 'NONE',  ( -0.9733566799329479435, -0.2292962573395145309, 0.000000000000000000 ) ) ;
#7573 = FACE_OUTER_BOUND ( 'NONE', #8360, .T. ) ;
#7574 = DIRECTION ( 'NONE',  ( 1.000000000000000000, 0.000000000000000000, 0.000000000000000000 ) ) ;
#7575 = LINE ( 'NONE', #998, #8265 ) ;
#7576 = VECTOR ( 'NONE', #1359, 1000.000000000000000 ) ;
#7577 = FACE_OUTER_BOUND ( 'NONE', #1024, .T. ) ;
#7578 = LINE ( 'NONE', #336, #4351 ) ;
#7579 = EDGE_CURVE ( 'NONE', #8983, #269, #1969, .T. ) ;
#7580 = CARTESIAN_POINT ( 'NONE',  ( 25.60246553092200728, 1.560851926976969395, 5.500000953674160087 ) ) ;
#7581 = ORIENTED_EDGE ( 'NONE', *, *, #5791, .F. ) ;
#7582 = EDGE_LOOP ( 'NONE', ( #4358, #1868, #5622, #4547, #2381, #7737, #5525, #2456, #2421, #8848, #4120, #3358, #3405, #1107, #2692, #7744, #5816, #1236, #1256, #853, #7134, #4313, #6532, #4725, #8891, #3858, #3042, #3022, #6314, #1981, #2903, #1886, #3139, #7181, #8678, #1446, #477, #6516, #1141, #7454, #2312, #7663, #8364, #8591, #2291, #1851, #3747, #5212, #2835, #4620, #7776, #6625 ) ) ;
#7583 = DIRECTION ( 'NONE',  ( -0.8660254037844387076, -0.4999999999999998890, 0.000000000000000000 ) ) ;
#7584 = VECTOR ( 'NONE', #9176, 1000.000000000000000 ) ;
#7585 = ORIENTED_EDGE ( 'NONE', *, *, #7837, .T. ) ;
#7586 = ADVANCED_FACE ( 'NONE', ( #7831 ), #4078, .T. ) ;
#7587 = EDGE_CURVE ( 'NONE', #1055, #4840, #6852, .T. ) ;
#7588 = ORIENTED_EDGE ( 'NONE', *, *, #5079, .F. ) ;
#7589 = CARTESIAN_POINT ( 'NONE',  ( 11.97757886726370735, 13.39179242963695060, 28.99999856948849697 ) ) ;
#7590 = ORIENTED_EDGE ( 'NONE', *, *, #5162, .F. ) ;
#7591 = CARTESIAN_POINT ( 'NONE',  ( 21.40449719101190951, 2.499999999999946709, 12.50000095367419917 ) ) ;
#7592 = DIRECTION ( 'NONE',  ( 0.4999999999999998890, -0.8660254037844387076, 0.000000000000000000 ) ) ;
#7593 = CIRCLE ( 'NONE', #3276, 21.55000000000000071 ) ;
#7594 = LINE ( 'NONE', #305, #7144 ) ;
#7595 = EDGE_LOOP ( 'NONE', ( #1716, #3867, #5164, #9151 ) ) ;
#7596 = PLANE ( 'NONE',  #5118 ) ;
#7597 = EDGE_CURVE ( 'NONE', #1081, #5227, #5703, .T. ) ;
#7598 = VERTEX_POINT ( 'NONE', #4897 ) ;
#7599 = CIRCLE ( 'NONE', #3447, 1.000000000000000222 ) ;
#7600 = ORIENTED_EDGE ( 'NONE', *, *, #8792, .T. ) ;
#7601 = DIRECTION ( 'NONE',  ( 0.7071067811865474617, -0.7071067811865474617, 8.659560562354931626E-17 ) ) ;
#7602 = ORIENTED_EDGE ( 'NONE', *, *, #6991, .F. ) ;
#7603 = CARTESIAN_POINT ( 'NONE',  ( 0.000000000000000000, 0.000000000000000000, 5.500000953674160087 ) ) ;
#7604 = CIRCLE ( 'NONE', #4364, 1.000000000000000222 ) ;
#7605 = DIRECTION ( 'NONE',  ( 0.000000000000000000, 0.000000000000000000, -1.000000000000000000 ) ) ;
#7606 = AXIS2_PLACEMENT_3D ( 'NONE', #7992, #2091, #6410 ) ;
#7607 = AXIS2_PLACEMENT_3D ( 'NONE', #3077, #3890, #3173 ) ;
#7608 = CARTESIAN_POINT ( 'NONE',  ( 24.60431872659751917, -2.500000000000057732, 10.50000095367419917 ) ) ;
#7609 = ORIENTED_EDGE ( 'NONE', *, *, #8448, .F. ) ;
#7610 = ORIENTED_EDGE ( 'NONE', *, *, #178, .F. ) ;
#7611 = CIRCLE ( 'NONE', #6379, 21.55000000000000071 ) ;
#7612 = ORIENTED_EDGE ( 'NONE', *, *, #7888, .T. ) ;
#7613 = LINE ( 'NONE', #7709, #3040 ) ;
#7614 = PLANE ( 'NONE',  #6694 ) ;
#7615 = LINE ( 'NONE', #2038, #448 ) ;
#7616 = CARTESIAN_POINT ( 'NONE',  ( 0.000000000000000000, 0.000000000000000000, -4.500000000000158984 ) ) ;
#7617 = DIRECTION ( 'NONE',  ( 0.000000000000000000, 0.000000000000000000, 1.000000000000000000 ) ) ;
#7618 = VECTOR ( 'NONE', #4907, 1000.000000000000000 ) ;
#7619 = PRODUCT_CONTEXT ( 'NONE', #2726, 'mechanical' ) ;
#7620 = DIRECTION ( 'NONE',  ( 0.2881019561176107469, -0.9575997404350141684, 0.000000000000000000 ) ) ;
#7621 = EDGE_LOOP ( 'NONE', ( #3739, #2651, #5025, #2255 ) ) ;
#7622 = VERTEX_POINT ( 'NONE', #2058 ) ;
#7623 = EDGE_CURVE ( 'NONE', #9397, #296, #4211, .T. ) ;
#7624 = AXIS2_PLACEMENT_3D ( 'NONE', #2015, #9215, #1157 ) ;
#7625 = DIRECTION ( 'NONE',  ( 0.000000000000000000, 0.000000000000000000, -1.000000000000000000 ) ) ;
#7626 = DIRECTION ( 'NONE',  ( 0.05548714545610360788, -0.9984594016228869329, 0.000000000000000000 ) ) ;
#7627 = CARTESIAN_POINT ( 'NONE',  ( -22.05796506004299573, 11.00312125762192750, -4.500000000000158984 ) ) ;
#7628 = DIRECTION ( 'NONE',  ( 0.000000000000000000, 0.000000000000000000, -1.000000000000000000 ) ) ;
#7629 = DIRECTION ( 'NONE',  ( 0.000000000000000000, 0.000000000000000000, -1.000000000000000000 ) ) ;
#7630 = CARTESIAN_POINT ( 'NONE',  ( 0.000000000000000000, 0.000000000000000000, -4.500000000000158984 ) ) ;
#7631 = DIRECTION ( 'NONE',  ( 0.7071067811865470176, -0.7071067811865480168, 0.000000000000000000 ) ) ;
#7632 = AXIS2_PLACEMENT_3D ( 'NONE', #9065, #3831, #1615 ) ;
#7633 = ORIENTED_EDGE ( 'NONE', *, *, #5650, .T. ) ;
#7634 = ORIENTED_EDGE ( 'NONE', *, *, #5166, .F. ) ;
#7635 = ORIENTED_EDGE ( 'NONE', *, *, #1408, .F. ) ;
#7636 = ORIENTED_EDGE ( 'NONE', *, *, #2582, .F. ) ;
#7637 = AXIS2_PLACEMENT_3D ( 'NONE', #3577, #8763, #6335 ) ;
#7638 = AXIS2_PLACEMENT_3D ( 'NONE', #8296, #6233, #8392 ) ;
#7639 = ADVANCED_FACE ( 'NONE', ( #3315 ), #6295, .T. ) ;
#7640 = ORIENTED_EDGE ( 'NONE', *, *, #5332, .T. ) ;
#7641 = DIRECTION ( 'NONE',  ( 0.000000000000000000, 0.000000000000000000, 1.000000000000000000 ) ) ;
#7642 = EDGE_LOOP ( 'NONE', ( #248, #3162, #527, #3597, #4769, #8536, #9356, #7647 ) ) ;
#7643 = DIRECTION ( 'NONE',  ( 0.000000000000000000, 0.000000000000000000, 1.000000000000000000 ) ) ;
#7644 = DIRECTION ( 'NONE',  ( 0.000000000000000000, 0.000000000000000000, 1.000000000000000000 ) ) ;
#7645 = LINE ( 'NONE', #9173, #5751 ) ;
#7646 = EDGE_CURVE ( 'NONE', #8281, #8881, #3938, .T. ) ;
#7647 = ORIENTED_EDGE ( 'NONE', *, *, #1263, .F. ) ;
#7648 = VECTOR ( 'NONE', #9099, 1000.000000000000000 ) ;
#7649 = CARTESIAN_POINT ( 'NONE',  ( 0.000000000000000000, 0.000000000000000000, -10.99999976158160031 ) ) ;
#7650 = EDGE_CURVE ( 'NONE', #4360, #4233, #5566, .T. ) ;
#7651 = CIRCLE ( 'NONE', #3495, 21.55000000000000071 ) ;
#7652 = ORIENTED_EDGE ( 'NONE', *, *, #2372, .F. ) ;
#7653 = ORIENTED_EDGE ( 'NONE', *, *, #3470, .T. ) ;
#7654 = LINE ( 'NONE', #5435, #1206 ) ;
#7655 = VERTEX_POINT ( 'NONE', #1342 ) ;
#7656 = VECTOR ( 'NONE', #4590, 1000.000000000000000 ) ;
#7657 = CARTESIAN_POINT ( 'NONE',  ( -14.15297018576999832, -21.39195958580497603, 10.50000095367419917 ) ) ;
#7658 = CIRCLE ( 'NONE', #6277, 25.64999999999999858 ) ;
#7659 = ADVANCED_FACE ( 'NONE', ( #9302 ), #6971, .F. ) ;
#7660 = VECTOR ( 'NONE', #8080, 1000.000000000000000 ) ;
#7661 = DIRECTION ( 'NONE',  ( 0.000000000000000000, 0.000000000000000000, -1.000000000000000000 ) ) ;
#7662 = CYLINDRICAL_SURFACE ( 'NONE', #4341, 0.9999999999999991118 ) ;
#7663 = ORIENTED_EDGE ( 'NONE', *, *, #7010, .F. ) ;
#7664 = ORIENTED_EDGE ( 'NONE', *, *, #1575, .F. ) ;
#7665 = EDGE_CURVE ( 'NONE', #5662, #8019, #3332, .T. ) ;
#7666 = AXIS2_PLACEMENT_3D ( 'NONE', #185, #8914, #8246 ) ;
#7667 = VERTEX_POINT ( 'NONE', #8451 ) ;
#7668 = FACE_OUTER_BOUND ( 'NONE', #2437, .T. ) ;
#7669 = LINE ( 'NONE', #4581, #2127 ) ;
#7670 = DIRECTION ( 'NONE',  ( 0.000000000000000000, 0.000000000000000000, 1.000000000000000000 ) ) ;
#7671 = CYLINDRICAL_SURFACE ( 'NONE', #8665, 19.05000000000000071 ) ;
#7672 = LINE ( 'NONE', #5254, #1551 ) ;
#7673 = EDGE_LOOP ( 'NONE', ( #4930, #1746, #3401, #7396, #8923, #1177, #3238, #5814 ) ) ;
#7674 = ORIENTED_EDGE ( 'NONE', *, *, #9231, .T. ) ;
#7675 = FACE_OUTER_BOUND ( 'NONE', #3410, .T. ) ;
#7676 = DIRECTION ( 'NONE',  ( -0.6852547238152568720, 0.7283034830953893923, 0.000000000000000000 ) ) ;
#7677 = CARTESIAN_POINT ( 'NONE',  ( 11.27047208607710793, 14.09889921082296738, 0.9999999999998441247 ) ) ;
#7678 = CARTESIAN_POINT ( 'NONE',  ( 0.000000000000000000, 0.000000000000000000, 22.50000000000000000 ) ) ;
#7679 = EDGE_CURVE ( 'NONE', #1728, #5385, #1874, .T. ) ;
#7680 = CARTESIAN_POINT ( 'NONE',  ( 1.000000000000000888, 17.93885447847687331, 28.99999856948849697 ) ) ;
#7681 = DIRECTION ( 'NONE',  ( 0.000000000000000000, 0.000000000000000000, -1.000000000000000000 ) ) ;
#7682 = LINE ( 'NONE', #1003, #8774 ) ;
#7683 = ORIENTED_EDGE ( 'NONE', *, *, #5150, .T. ) ;
#7684 = VERTEX_POINT ( 'NONE', #4846 ) ;
#7685 = ORIENTED_EDGE ( 'NONE', *, *, #3657, .F. ) ;
#7686 = ADVANCED_FACE ( 'NONE', ( #3365 ), #1209, .T. ) ;
#7687 = ORIENTED_EDGE ( 'NONE', *, *, #5980, .T. ) ;
#7688 = LINE ( 'NONE', #2552, #7337 ) ;
#7689 = CARTESIAN_POINT ( 'NONE',  ( -21.40449719101099291, -2.500000000000057732, 16.49999856948839749 ) ) ;
#7690 = DIRECTION ( 'NONE',  ( 0.000000000000000000, 0.000000000000000000, -1.000000000000000000 ) ) ;
#7691 = EDGE_CURVE ( 'NONE', #5377, #7965, #8695, .T. ) ;
#7692 = CYLINDRICAL_SURFACE ( 'NONE', #5140, 1.000000000000000222 ) ;
#7693 = EDGE_CURVE ( 'NONE', #4963, #6917, #715, .T. ) ;
#7694 = CIRCLE ( 'NONE', #1864, 1.000000000000000222 ) ;
#7695 = ORIENTED_EDGE ( 'NONE', *, *, #3466, .F. ) ;
#7696 = CARTESIAN_POINT ( 'NONE',  ( 1.000000000000000888, -17.93885447847809544, 0.9999999999998441247 ) ) ;
#7697 = VERTEX_POINT ( 'NONE', #2967 ) ;
#7698 = VERTEX_POINT ( 'NONE', #4350 ) ;
#7699 = DIRECTION ( 'NONE',  ( 0.000000000000000000, 0.000000000000000000, 1.000000000000000000 ) ) ;
#7700 = VERTEX_POINT ( 'NONE', #7294 ) ;
#7701 = DIRECTION ( 'NONE',  ( 0.000000000000000000, 0.000000000000000000, 1.000000000000000000 ) ) ;
#7702 = DIRECTION ( 'NONE',  ( 0.000000000000000000, 0.000000000000000000, 1.000000000000000000 ) ) ;
#7703 = LINE ( 'NONE', #4143, #8493 ) ;
#7704 = EDGE_CURVE ( 'NONE', #8985, #2871, #4090, .T. ) ;
#7705 = ORIENTED_EDGE ( 'NONE', *, *, #7755, .F. ) ;
#7706 = DIRECTION ( 'NONE',  ( 0.9733566799329029795, 0.2292962573397054060, 0.000000000000000000 ) ) ;
#7707 = CIRCLE ( 'NONE', #3557, 21.55000000000000071 ) ;
#7708 = ORIENTED_EDGE ( 'NONE', *, *, #6666, .T. ) ;
#7709 = CARTESIAN_POINT ( 'NONE',  ( 2.500000000000002220, -10.42532973099707938, 12.50000095367419917 ) ) ;
#7710 = CARTESIAN_POINT ( 'NONE',  ( -8.097979530733990572, -6.683765968360955156, -6.499999761581589652 ) ) ;
#7711 = CARTESIAN_POINT ( 'NONE',  ( 2.500000000000002220, 21.40449719101200543, 22.50000000000000000 ) ) ;
#7712 = FACE_OUTER_BOUND ( 'NONE', #3928, .T. ) ;
#7713 = CIRCLE ( 'NONE', #1883, 1.000000000000000444 ) ;
#7714 = CARTESIAN_POINT ( 'NONE',  ( -10.13709585383799983, 22.55796506004192992, -4.500000000000158984 ) ) ;
#7715 = CIRCLE ( 'NONE', #1567, 1.000000000000000888 ) ;
#7716 = ORIENTED_EDGE ( 'NONE', *, *, #1557, .F. ) ;
#7717 = EDGE_CURVE ( 'NONE', #3069, #1503, #6082, .T. ) ;
#7718 = CIRCLE ( 'NONE', #206, 1.000000000000000000 ) ;
#7719 = CARTESIAN_POINT ( 'NONE',  ( -24.60431872659797747, 1.499999999999945821, 12.50000095367419917 ) ) ;
#7720 = LINE ( 'NONE', #1144, #7908 ) ;
#7721 = CARTESIAN_POINT ( 'NONE',  ( 17.93885447847770465, 1.000000000000000888, -10.99999976158160031 ) ) ;
#7722 = CARTESIAN_POINT ( 'NONE',  ( -22.55796506004299928, -10.13709585383804068, 12.50000095367419917 ) ) ;
#7723 = FACE_BOUND ( 'NONE', #6201, .T. ) ;
#7724 = PLANE ( 'NONE',  #3727 ) ;
#7725 = DIRECTION ( 'NONE',  ( 0.000000000000000000, 0.000000000000000000, 1.000000000000000000 ) ) ;
#7726 = VERTEX_POINT ( 'NONE', #6476 ) ;
#7727 = ORIENTED_EDGE ( 'NONE', *, *, #3286, .T. ) ;
#7728 = ORIENTED_EDGE ( 'NONE', *, *, #7099, .F. ) ;
#7729 = AXIS2_PLACEMENT_3D ( 'NONE', #4418, #7359, #5908 ) ;
#7730 = VERTEX_POINT ( 'NONE', #2200 ) ;
#7731 = DIRECTION ( 'NONE',  ( 1.000000000000000000, 0.000000000000000000, 0.000000000000000000 ) ) ;
#7732 = DIRECTION ( 'NONE',  ( 0.000000000000000000, 0.000000000000000000, 1.000000000000000000 ) ) ;
#7733 = EDGE_CURVE ( 'NONE', #6448, #8791, #3636, .T. ) ;
#7734 = CARTESIAN_POINT ( 'NONE',  ( 21.39195958580511459, -14.15297018576999832, 10.50000095367419917 ) ) ;
#7735 = CARTESIAN_POINT ( 'NONE',  ( -14.15297018576999832, 21.39195958580497603, 5.500000953674160087 ) ) ;
#7736 = VECTOR ( 'NONE', #3846, 1000.000000000000000 ) ;
#7738 = ADVANCED_FACE ( 'NONE', ( #3688 ), #5846, .T. ) ;
#7737 = ORIENTED_EDGE ( 'NONE', *, *, #3830, .F. ) ;
#7739 = LINE ( 'NONE', #2511, #2364 ) ;
#7740 = ORIENTED_EDGE ( 'NONE', *, *, #1871, .T. ) ;
#7741 = VECTOR ( 'NONE', #6443, 1000.000000000000000 ) ;
#7742 = ORIENTED_EDGE ( 'NONE', *, *, #350, .T. ) ;
#7743 = CARTESIAN_POINT ( 'NONE',  ( 22.55796506004270441, -10.13709585383804068, 10.50000095367419917 ) ) ;
#7744 = ORIENTED_EDGE ( 'NONE', *, *, #3177, .F. ) ;
#7745 = CARTESIAN_POINT ( 'NONE',  ( -22.05796506004299573, 11.00312125762192750, 10.50000095367419917 ) ) ;
#7746 = CARTESIAN_POINT ( 'NONE',  ( -14.15438635627909925, 12.26893148769978659, 0.9999999999998441247 ) ) ;
#7747 = EDGE_CURVE ( 'NONE', #9080, #9310, #3178, .T. ) ;
#7748 = CARTESIAN_POINT ( 'NONE',  ( 17.28683832264900389, 12.86731210496694366, 12.50000095367419917 ) ) ;
#7749 = AXIS2_PLACEMENT_3D ( 'NONE', #5977, #7617, #3765 ) ;
#7750 = ORIENTED_EDGE ( 'NONE', *, *, #1180, .T. ) ;
#7751 = AXIS2_PLACEMENT_3D ( 'NONE', #9146, #463, #8378 ) ;
#7752 = CARTESIAN_POINT ( 'NONE',  ( 14.09889921082331554, -11.27047208607712037, -10.99999976158160031 ) ) ;
#7753 = ORIENTED_EDGE ( 'NONE', *, *, #640, .F. ) ;
#7754 = DIRECTION ( 'NONE',  ( 1.224646799147350002E-16, 0.000000000000000000, -1.000000000000000000 ) ) ;
#7755 = EDGE_CURVE ( 'NONE', #481, #1846, #7972, .T. ) ;
#7756 = VECTOR ( 'NONE', #5539, 1000.000000000000000 ) ;
#7757 = PLANE ( 'NONE',  #7039 ) ;
#7758 = VECTOR ( 'NONE', #2354, 1000.000000000000000 ) ;
#7759 = CARTESIAN_POINT ( 'NONE',  ( -24.60431872659797747, 1.499999999999945821, 10.50000095367419917 ) ) ;
#7760 = CARTESIAN_POINT ( 'NONE',  ( 12.86731210496659727, -17.28683832264810150, 16.49999856948839749 ) ) ;
#7761 = FACE_OUTER_BOUND ( 'NONE', #842, .T. ) ;
#7762 = EDGE_CURVE ( 'NONE', #15, #3248, #5168, .T. ) ;
#7763 = ORIENTED_EDGE ( 'NONE', *, *, #8085, .F. ) ;
#7764 = ADVANCED_FACE ( 'NONE', ( #8106 ), #2879, .T. ) ;
#7765 = CIRCLE ( 'NONE', #7452, 25.64999999999999858 ) ;
#7766 = CYLINDRICAL_SURFACE ( 'NONE', #7501, 1.000000000000000000 ) ;
#7767 = DIRECTION ( 'NONE',  ( 0.000000000000000000, 0.000000000000000000, 1.000000000000000000 ) ) ;
#7768 = DIRECTION ( 'NONE',  ( 0.000000000000000000, 0.000000000000000000, -1.000000000000000000 ) ) ;
#7769 = CARTESIAN_POINT ( 'NONE',  ( 10.13709585383770673, -22.55796506004303836, 10.50000095367419917 ) ) ;
#7770 = VECTOR ( 'NONE', #983, 1000.000000000000000 ) ;
#7771 = VECTOR ( 'NONE', #6489, 1000.000000000000000 ) ;
#7772 = PLANE ( 'NONE',  #8234 ) ;
#7773 = EDGE_CURVE ( 'NONE', #5421, #3457, #5932, .T. ) ;
#7774 = CYLINDRICAL_SURFACE ( 'NONE', #2963, 1.000000000000000444 ) ;
#7775 = ORIENTED_EDGE ( 'NONE', *, *, #6690, .F. ) ;
#7776 = ORIENTED_EDGE ( 'NONE', *, *, #8908, .F. ) ;
#7777 = AXIS2_PLACEMENT_3D ( 'NONE', #7544, #3220, #5999 ) ;
#7778 = EDGE_CURVE ( 'NONE', #4109, #9130, #5628, .T. ) ;
#7779 = EDGE_LOOP ( 'NONE', ( #209, #3916, #5318, #9210 ) ) ;
#7780 = ORIENTED_EDGE ( 'NONE', *, *, #3088, .F. ) ;
#7781 = CARTESIAN_POINT ( 'NONE',  ( -22.55796506004299928, -10.13709585383804068, 10.50000095367419917 ) ) ;
#7782 = CARTESIAN_POINT ( 'NONE',  ( 24.60431872659751917, 1.499999999999945821, 10.50000095367419917 ) ) ;
#7783 = DIRECTION ( 'NONE',  ( -0.2881019561176437760, -0.9575997404350040654, 0.000000000000000000 ) ) ;
#7784 = FACE_OUTER_BOUND ( 'NONE', #7868, .T. ) ;
#7785 = ORIENTED_EDGE ( 'NONE', *, *, #1191, .F. ) ;
#7786 = DIRECTION ( 'NONE',  ( 1.000000000000000000, 0.000000000000000000, 0.000000000000000000 ) ) ;
#7787 = EDGE_CURVE ( 'NONE', #8126, #5701, #8846, .T. ) ;
#7788 = VERTEX_POINT ( 'NONE', #4307 ) ;
#7789 = VECTOR ( 'NONE', #1521, 1000.000000000000000 ) ;
#7790 = EDGE_LOOP ( 'NONE', ( #7549, #6752, #7893, #8014 ) ) ;
#7791 = FACE_OUTER_BOUND ( 'NONE', #5584, .T. ) ;
#7792 = ORIENTED_EDGE ( 'NONE', *, *, #5144, .F. ) ;
#7793 = EDGE_CURVE ( 'NONE', #6290, #1268, #6552, .T. ) ;
#7794 = FACE_OUTER_BOUND ( 'NONE', #5046, .T. ) ;
#7795 = LINE ( 'NONE', #7842, #7771 ) ;
#7796 = AXIS2_PLACEMENT_3D ( 'NONE', #8043, #5613, #1970 ) ;
#7797 = CARTESIAN_POINT ( 'NONE',  ( -14.46722287275999186, -20.05796506004298152, 5.500000953674160087 ) ) ;
#7798 = AXIS2_PLACEMENT_3D ( 'NONE', #6160, #4717, #9182 ) ;
#7799 = EDGE_CURVE ( 'NONE', #645, #5983, #9002, .T. ) ;
#7800 = DIRECTION ( 'NONE',  ( -0.8660254037844387076, 0.4999999999999998890, 0.000000000000000000 ) ) ;
#7801 = ORIENTED_EDGE ( 'NONE', *, *, #8610, .F. ) ;
#7802 = AXIS2_PLACEMENT_3D ( 'NONE', #4190, #9327, #6500 ) ;
#7803 = DIRECTION ( 'NONE',  ( 0.000000000000000000, 0.000000000000000000, -1.000000000000000000 ) ) ;
#7804 = EDGE_CURVE ( 'NONE', #2729, #6968, #5078, .T. ) ;
#7805 = VECTOR ( 'NONE', #2325, 1000.000000000000000 ) ;
#7806 = VECTOR ( 'NONE', #7495, 1000.000000000000000 ) ;
#7807 = ORIENTED_EDGE ( 'NONE', *, *, #4560, .T. ) ;
#7808 = ORIENTED_EDGE ( 'NONE', *, *, #1048, .T. ) ;
#7809 = CARTESIAN_POINT ( 'NONE',  ( 1.333217923193679821, 18.68410722892456377, 0.9999999999998441247 ) ) ;
#7810 = DIRECTION ( 'NONE',  ( -0.8660254037844387076, -0.4999999999999998890, 0.000000000000000000 ) ) ;
#7811 = PLANE ( 'NONE',  #3612 ) ;
#7812 = CYLINDRICAL_SURFACE ( 'NONE', #8050, 1.000000000000000666 ) ;
#7813 = AXIS2_PLACEMENT_3D ( 'NONE', #44, #8103, #8632 ) ;
#7814 = ADVANCED_FACE ( 'NONE', ( #5748 ), #1429, .T. ) ;
#7815 = CIRCLE ( 'NONE', #5323, 0.9999999999999998890 ) ;
#7816 = AXIS2_PLACEMENT_3D ( 'NONE', #3229, #7030, #4093 ) ;
#7817 = ORIENTED_EDGE ( 'NONE', *, *, #537, .T. ) ;
#7818 = EDGE_CURVE ( 'NONE', #2105, #3599, #1952, .T. ) ;
#7819 = CARTESIAN_POINT ( 'NONE',  ( 21.55000000000000071, 0.000000000000000000, -4.500000000000158984 ) ) ;
#7820 = AXIS2_PLACEMENT_3D ( 'NONE', #1613, #5935, #5311 ) ;
#7821 = CARTESIAN_POINT ( 'NONE',  ( 0.000000000000000000, 0.000000000000000000, -4.500000000000158984 ) ) ;
#7822 = DIRECTION ( 'NONE',  ( 0.000000000000000000, 0.000000000000000000, 1.000000000000000000 ) ) ;
#7823 = DIRECTION ( 'NONE',  ( 0.000000000000000000, 0.000000000000000000, 1.000000000000000000 ) ) ;
#7824 = LINE ( 'NONE', #3351, #1192 ) ;
#7825 = LINE ( 'NONE', #9344, #8503 ) ;
#7826 = ORIENTED_EDGE ( 'NONE', *, *, #6789, .T. ) ;
#7827 = ORIENTED_EDGE ( 'NONE', *, *, #8898, .F. ) ;
#7828 = ORIENTED_EDGE ( 'NONE', *, *, #5332, .F. ) ;
#7829 = ORIENTED_EDGE ( 'NONE', *, *, #2820, .F. ) ;
#7830 = CARTESIAN_POINT ( 'NONE',  ( 0.000000000000000000, 0.000000000000000000, 28.99999856948849697 ) ) ;
#7831 = FACE_OUTER_BOUND ( 'NONE', #8208, .T. ) ;
#7832 = CARTESIAN_POINT ( 'NONE',  ( 13.60119746897540871, 20.55796506004192636, 10.50000095367419917 ) ) ;
#7833 = DIRECTION ( 'NONE',  ( 0.000000000000000000, 0.000000000000000000, 1.000000000000000000 ) ) ;
#7834 = ORIENTED_EDGE ( 'NONE', *, *, #4696, .T. ) ;
#7835 = CARTESIAN_POINT ( 'NONE',  ( -1.560851926977996351, 25.60246553092193622, -4.500000000000158984 ) ) ;
#7836 = ORIENTED_EDGE ( 'NONE', *, *, #2870, .T. ) ;
#7837 = EDGE_CURVE ( 'NONE', #9072, #2778, #7478, .T. ) ;
#7838 = VERTEX_POINT ( 'NONE', #3157 ) ;
#7839 = CARTESIAN_POINT ( 'NONE',  ( 21.40449719101190951, 2.499999999999946709, 5.500000953674160087 ) ) ;
#7840 = ORIENTED_EDGE ( 'NONE', *, *, #4692, .T. ) ;
#7841 = DIRECTION ( 'NONE',  ( 0.000000000000000000, 0.000000000000000000, 1.000000000000000000 ) ) ;
#7842 = CARTESIAN_POINT ( 'NONE',  ( 21.40449719101100712, -2.500000000000057732, 16.49999856948839749 ) ) ;
#7843 = VECTOR ( 'NONE', #7218, 1000.000000000000000 ) ;
#7844 = CARTESIAN_POINT ( 'NONE',  ( -21.39195958580499024, -14.15297018576999832, 10.50000095367419917 ) ) ;
#7845 = CARTESIAN_POINT ( 'NONE',  ( 10.17365965879581147, -8.760516488597991369, 12.50000095367419917 ) ) ;
#7846 = VERTEX_POINT ( 'NONE', #6088 ) ;
#7847 = ORIENTED_EDGE ( 'NONE', *, *, #5079, .T. ) ;
#7848 = VECTOR ( 'NONE', #8547, 1000.000000000000000 ) ;
#7849 = VERTEX_POINT ( 'NONE', #8961 ) ;
#7850 = ORIENTED_EDGE ( 'NONE', *, *, #2589, .T. ) ;
#7851 = CARTESIAN_POINT ( 'NONE',  ( -2.110803324099991052, -18.93269683185605601, -10.99999976158160031 ) ) ;
#7852 = AXIS2_PLACEMENT_3D ( 'NONE', #8478, #1900, #3559 ) ;
#7853 = DIRECTION ( 'NONE',  ( 0.8690206635529155177, -0.4947757939896113011, 0.000000000000000000 ) ) ;
#7854 = LINE ( 'NONE', #1274, #2849 ) ;
#7855 = DIRECTION ( 'NONE',  ( 0.000000000000000000, 0.000000000000000000, 1.000000000000000000 ) ) ;
#7856 = ORIENTED_EDGE ( 'NONE', *, *, #8448, .T. ) ;
#7857 = ADVANCED_FACE ( 'NONE', ( #8342 ), #2494, .F. ) ;
#7858 = DIRECTION ( 'NONE',  ( 0.000000000000000000, 0.000000000000000000, 1.000000000000000000 ) ) ;
#7859 = CARTESIAN_POINT ( 'NONE',  ( -19.78683832264800557, -8.537185086044951632, 16.49999856948839749 ) ) ;
#7860 = DIRECTION ( 'NONE',  ( -0.9733566799329020913, 0.2292962573397090698, 0.000000000000000000 ) ) ;
#7861 = DIRECTION ( 'NONE',  ( 1.000000000000000000, 0.000000000000000000, 0.000000000000000000 ) ) ;
#7862 = ADVANCED_FACE ( 'NONE', ( #7577 ), #1569, .T. ) ;
#7863 = DIRECTION ( 'NONE',  ( 0.000000000000000000, 0.000000000000000000, -1.000000000000000000 ) ) ;
#7864 = DIRECTION ( 'NONE',  ( 1.000000000000000000, -1.224646799147350002E-16, 0.000000000000000000 ) ) ;
#7865 = EDGE_LOOP ( 'NONE', ( #951, #5335, #8502, #7525 ) ) ;
#7866 = ORIENTED_EDGE ( 'NONE', *, *, #4390, .F. ) ;
#7867 = AXIS2_PLACEMENT_3D ( 'NONE', #3779, #4597, #7341 ) ;
#7868 = EDGE_LOOP ( 'NONE', ( #7048, #2413, #8994, #7068, #1228, #2821, #2193, #7968 ) ) ;
#7869 = ORIENTED_EDGE ( 'NONE', *, *, #3884, .F. ) ;
#7870 = CARTESIAN_POINT ( 'NONE',  ( 7.377728374959410473, -7.778600389873102650, 22.50000000000000000 ) ) ;
#7871 = DIRECTION ( 'NONE',  ( 0.7452527504477821640, -0.6667820768062199255, 0.000000000000000000 ) ) ;
#7872 = EDGE_CURVE ( 'NONE', #3431, #86, #8298, .T. ) ;
#7873 = LINE ( 'NONE', #5805, #4792 ) ;
#7874 = EDGE_LOOP ( 'NONE', ( #3547, #4500, #5863, #3116 ) ) ;
#7875 = DIRECTION ( 'NONE',  ( 1.000000000000000000, 0.000000000000000000, 0.000000000000000000 ) ) ;
#7876 = EDGE_CURVE ( 'NONE', #7334, #2988, #1488, .T. ) ;
#7877 = ORIENTED_EDGE ( 'NONE', *, *, #6785, .F. ) ;
#7878 = ADVANCED_FACE ( 'NONE', ( #3106 ), #1721, .T. ) ;
#7879 = EDGE_LOOP ( 'NONE', ( #5255, #4484, #9305, #6004 ) ) ;
#7880 = DIRECTION ( 'NONE',  ( 0.000000000000000000, 0.000000000000000000, 1.000000000000000000 ) ) ;
#7881 = ORIENTED_EDGE ( 'NONE', *, *, #1923, .F. ) ;
#7882 = DIRECTION ( 'NONE',  ( 0.05548714545607766335, 0.9984594016228882651, 0.000000000000000000 ) ) ;
#7883 = PLANE ( 'NONE',  #7148 ) ;
#7884 = AXIS2_PLACEMENT_3D ( 'NONE', #3465, #6400, #9319 ) ;
#7885 = CIRCLE ( 'NONE', #3736, 10.50000000000000000 ) ;
#7886 = CARTESIAN_POINT ( 'NONE',  ( 0.000000000000000000, 0.000000000000000000, 12.50000095367419917 ) ) ;
#7887 = DIRECTION ( 'NONE',  ( 0.7452527504476756937, 0.6667820768063390524, 0.000000000000000000 ) ) ;
#7888 = EDGE_CURVE ( 'NONE', #6764, #6585, #119, .T. ) ;
#7889 = CARTESIAN_POINT ( 'NONE',  ( 0.000000000000000000, 0.000000000000000000, -5.499999523163009663 ) ) ;
#7890 = ORIENTED_EDGE ( 'NONE', *, *, #7177, .T. ) ;
#7891 = CARTESIAN_POINT ( 'NONE',  ( -24.60431872659797747, 2.499999999999946709, -4.500000000000158984 ) ) ;
#7892 = EDGE_CURVE ( 'NONE', #8157, #2525, #5786, .T. ) ;
#7893 = ORIENTED_EDGE ( 'NONE', *, *, #9178, .T. ) ;
#7894 = ORIENTED_EDGE ( 'NONE', *, *, #783, .F. ) ;
#7895 = DIRECTION ( 'NONE',  ( 1.000000000000000000, 0.000000000000000000, 0.000000000000000000 ) ) ;
#7896 = CARTESIAN_POINT ( 'NONE',  ( 1.500000000000001332, -24.60431872659807340, 10.50000095367419917 ) ) ;
#7897 = DIRECTION ( 'NONE',  ( 0.000000000000000000, 0.000000000000000000, -1.000000000000000000 ) ) ;
#7898 = CIRCLE ( 'NONE', #8040, 21.55000000000000071 ) ;
#7899 = DIRECTION ( 'NONE',  ( 0.000000000000000000, 0.000000000000000000, 1.000000000000000000 ) ) ;
#7900 = ORIENTED_EDGE ( 'NONE', *, *, #2066, .T. ) ;
#7901 = DIRECTION ( 'NONE',  ( 1.000000000000000000, 0.000000000000000000, 0.000000000000000000 ) ) ;
#7902 = FACE_OUTER_BOUND ( 'NONE', #4428, .T. ) ;
#7903 = CARTESIAN_POINT ( 'NONE',  ( -14.09889921082299580, -11.27047208607712037, 0.9999999999998441247 ) ) ;
#7904 = DIRECTION ( 'NONE',  ( -0.7452527504477930442, -0.6667820768062077130, 0.000000000000000000 ) ) ;
#7905 = EDGE_CURVE ( 'NONE', #7598, #6817, #2719, .T. ) ;
#7906 = LINE ( 'NONE', #6512, #1323 ) ;
#7907 = CARTESIAN_POINT ( 'NONE',  ( -25.28957345041333227, -2.228303483095354753, -4.500000000000158984 ) ) ;
#7908 = VECTOR ( 'NONE', #9242, 1000.000000000000000 ) ;
#7909 = EDGE_CURVE ( 'NONE', #1846, #6669, #3255, .T. ) ;
#7910 = AXIS2_PLACEMENT_3D ( 'NONE', #829, #4469, #4618 ) ;
#7911 = AXIS2_PLACEMENT_3D ( 'NONE', #2831, #4352, #4900 ) ;
#7912 = ORIENTED_EDGE ( 'NONE', *, *, #5857, .T. ) ;
#7913 = ORIENTED_EDGE ( 'NONE', *, *, #3514, .T. ) ;
#7914 = ORIENTED_EDGE ( 'NONE', *, *, #5678, .F. ) ;
#7915 = AXIS2_PLACEMENT_3D ( 'NONE', #2633, #6962, #9342 ) ;
#7916 = AXIS2_PLACEMENT_3D ( 'NONE', #2793, #3554, #3743 ) ;
#7917 = AXIS2_PLACEMENT_3D ( 'NONE', #2046, #4384, #608 ) ;
#7918 = CARTESIAN_POINT ( 'NONE',  ( -11.00312125762199855, -22.05796506004298152, 10.50000095367419917 ) ) ;
#7919 = ORIENTED_EDGE ( 'NONE', *, *, #2168, .T. ) ;
#7920 = ADVANCED_FACE ( 'NONE', ( #3062 ), #4542, .T. ) ;
#7921 = DIRECTION ( 'NONE',  ( 0.000000000000000000, 0.000000000000000000, -1.000000000000000000 ) ) ;
#7922 = CARTESIAN_POINT ( 'NONE',  ( -22.05796506004299573, 11.00312125762192750, 22.50000000000000000 ) ) ;
#7923 = DIRECTION ( 'NONE',  ( 0.000000000000000000, 0.000000000000000000, -1.000000000000000000 ) ) ;
#7924 = AXIS2_PLACEMENT_3D ( 'NONE', #5300, #3048, #5922 ) ;
#7925 = ORIENTED_EDGE ( 'NONE', *, *, #3063, .T. ) ;
#7926 = DIRECTION ( 'NONE',  ( 0.000000000000000000, 0.000000000000000000, 1.000000000000000000 ) ) ;
#7927 = EDGE_CURVE ( 'NONE', #676, #893, #5484, .T. ) ;
#7928 = EDGE_LOOP ( 'NONE', ( #7081, #9008, #4644, #1436, #4718, #8168, #340, #3647, #534, #964 ) ) ;
#7929 = ADVANCED_FACE ( 'NONE', ( #9114 ), #999, .T. ) ;
#7930 = ORIENTED_EDGE ( 'NONE', *, *, #6991, .T. ) ;
#7931 = CARTESIAN_POINT ( 'NONE',  ( -25.60246553092200728, 1.560851926976969395, -4.500000000000158984 ) ) ;
#7932 = VECTOR ( 'NONE', #4755, 1000.000000000000000 ) ;
#7933 = ORIENTED_EDGE ( 'NONE', *, *, #6373, .T. ) ;
#7934 = DIRECTION ( 'NONE',  ( 0.000000000000000000, 0.000000000000000000, -1.000000000000000000 ) ) ;
#7935 = CARTESIAN_POINT ( 'NONE',  ( 14.57455414890831236, 20.78726131738163119, 22.50000000000000000 ) ) ;
#7936 = DIRECTION ( 'NONE',  ( 0.000000000000000000, 0.000000000000000000, 1.000000000000000000 ) ) ;
#7937 = EDGE_CURVE ( 'NONE', #6479, #6614, #1343, .T. ) ;
#7938 = DIRECTION ( 'NONE',  ( 0.000000000000000000, 0.000000000000000000, -1.000000000000000000 ) ) ;
#7939 = LINE ( 'NONE', #8744, #6938 ) ;
#7940 = DIRECTION ( 'NONE',  ( -1.000000000000000000, 0.000000000000000000, 0.000000000000000000 ) ) ;
#7941 = EDGE_LOOP ( 'NONE', ( #9145, #3699, #5971, #4819 ) ) ;
#7942 = AXIS2_PLACEMENT_3D ( 'NONE', #3731, #2829, #2157 ) ;
#7943 = DIRECTION ( 'NONE',  ( 0.000000000000000000, 0.000000000000000000, 1.000000000000000000 ) ) ;
#7944 = ORIENTED_EDGE ( 'NONE', *, *, #8887, .F. ) ;
#7945 = AXIS2_PLACEMENT_3D ( 'NONE', #9171, #5328, #8263 ) ;
#7946 = EDGE_CURVE ( 'NONE', #8791, #8514, #2873, .T. ) ;
#7947 = ORIENTED_EDGE ( 'NONE', *, *, #1963, .T. ) ;
#7948 = VECTOR ( 'NONE', #78, 1000.000000000000000 ) ;
#7949 = FACE_OUTER_BOUND ( 'NONE', #5825, .T. ) ;
#7950 = DIRECTION ( 'NONE',  ( 0.000000000000000000, 0.000000000000000000, 1.000000000000000000 ) ) ;
#7951 = PLANE ( 'NONE',  #4218 ) ;
#7952 = ADVANCED_FACE ( 'NONE', ( #6808 ), #4594, .T. ) ;
#7953 = FACE_OUTER_BOUND ( 'NONE', #13, .T. ) ;
#7954 = ORIENTED_EDGE ( 'NONE', *, *, #1652, .T. ) ;
#7955 = AXIS2_PLACEMENT_3D ( 'NONE', #6648, #5205, #1554 ) ;
#7956 = AXIS2_PLACEMENT_3D ( 'NONE', #1885, #5535, #6981 ) ;
#7957 = FACE_OUTER_BOUND ( 'NONE', #924, .T. ) ;
#7958 = DIRECTION ( 'NONE',  ( 0.000000000000000000, 0.000000000000000000, -1.000000000000000000 ) ) ;
#7959 = DIRECTION ( 'NONE',  ( 1.000000000000000000, 0.000000000000000000, 0.000000000000000000 ) ) ;
#7960 = DIRECTION ( 'NONE',  ( 1.220876328034555964E-16, -6.784746809680940233E-18, -1.000000000000000000 ) ) ;
#7961 = CARTESIAN_POINT ( 'NONE',  ( 19.78683832264890796, 8.537185086044951632, 22.50000000000000000 ) ) ;
#7962 = VECTOR ( 'NONE', #1580, 1000.000000000000000 ) ;
#7963 = FACE_OUTER_BOUND ( 'NONE', #5453, .T. ) ;
#7964 = AXIS2_PLACEMENT_3D ( 'NONE', #8277, #735, #972 ) ;
#7965 = VERTEX_POINT ( 'NONE', #6325 ) ;
#7966 = VERTEX_POINT ( 'NONE', #4835 ) ;
#7967 = VECTOR ( 'NONE', #846, 1000.000000000000000 ) ;
#7968 = ORIENTED_EDGE ( 'NONE', *, *, #147, .F. ) ;
#7969 = EDGE_CURVE ( 'NONE', #5560, #4602, #3788, .T. ) ;
#7970 = CARTESIAN_POINT ( 'NONE',  ( 12.86731210496659727, 17.28683832264799136, 16.49999856948839749 ) ) ;
#7971 = CARTESIAN_POINT ( 'NONE',  ( 3.258827488323447596, -1.855409227461012556, 21.30000023841839862 ) ) ;
#7972 = LINE ( 'NONE', #8820, #3945 ) ;
#7973 = DIRECTION ( 'NONE',  ( -0.9575997404349968489, -0.2881019561176680344, 0.000000000000000000 ) ) ;
#7974 = ORIENTED_EDGE ( 'NONE', *, *, #4451, .T. ) ;
#7975 = CARTESIAN_POINT ( 'NONE',  ( 4.430389469675014347, -12.67365965879607614, -4.500000000000158984 ) ) ;
#7976 = EDGE_CURVE ( 'NONE', #48, #7123, #1865, .T. ) ;
#7977 = VERTEX_POINT ( 'NONE', #1957 ) ;
#7978 = ORIENTED_EDGE ( 'NONE', *, *, #8561, .T. ) ;
#7979 = DIRECTION ( 'NONE',  ( -0.7283034830953664107, -0.6852547238152811859, 0.000000000000000000 ) ) ;
#7980 = ORIENTED_EDGE ( 'NONE', *, *, #7778, .T. ) ;
#7981 = DIRECTION ( 'NONE',  ( -1.000000000000000000, 1.224646799147350002E-16, -1.224646799147350002E-16 ) ) ;
#7982 = CARTESIAN_POINT ( 'NONE',  ( -1.500000000000001332, 24.60431872659696495, -4.500000000000158984 ) ) ;
#7983 = ADVANCED_FACE ( 'NONE', ( #4065 ), #9294, .T. ) ;
#7984 = EDGE_CURVE ( 'NONE', #9259, #6006, #5317, .T. ) ;
#7985 = DIRECTION ( 'NONE',  ( 1.000000000000000000, 0.000000000000000000, 0.000000000000000000 ) ) ;
#7986 = CARTESIAN_POINT ( 'NONE',  ( 2.500000000000002220, 21.40449719101200543, 12.50000095367419917 ) ) ;
#7987 = CARTESIAN_POINT ( 'NONE',  ( 25.28957345041287397, -2.228303483095354753, 5.500000953674160087 ) ) ;
#7988 = DIRECTION ( 'NONE',  ( 0.000000000000000000, 0.000000000000000000, 1.000000000000000000 ) ) ;
#7989 = ORIENTED_EDGE ( 'NONE', *, *, #5671, .T. ) ;
#7990 = ORIENTED_EDGE ( 'NONE', *, *, #4499, .T. ) ;
#7991 = CARTESIAN_POINT ( 'NONE',  ( 0.000000000000000000, 0.000000000000000000, 22.50000000000000000 ) ) ;
#7992 = CARTESIAN_POINT ( 'NONE',  ( -1.500000000000001332, -24.60431872659807340, 22.50000000000000000 ) ) ;
#7993 = EDGE_CURVE ( 'NONE', #3043, #8049, #3486, .T. ) ;
#7994 = CARTESIAN_POINT ( 'NONE',  ( -14.15438635627909925, -12.26893148770000685, 28.99999856948849697 ) ) ;
#7995 = AXIS2_PLACEMENT_3D ( 'NONE', #2951, #5787, #7276 ) ;
#7996 = ORIENTED_EDGE ( 'NONE', *, *, #2895, .T. ) ;
#7997 = ADVANCED_FACE ( 'NONE', ( #431 ), #7772, .T. ) ;
#7998 = LINE ( 'NONE', #6506, #4304 ) ;
#7999 = CARTESIAN_POINT ( 'NONE',  ( -20.55796506004299573, 13.60119746897492377, 10.50000095367419917 ) ) ;
#8000 = CARTESIAN_POINT ( 'NONE',  ( 14.46722287275990837, -20.05796506004298152, 22.50000000000000000 ) ) ;
#8001 = DIRECTION ( 'NONE',  ( 0.000000000000000000, 0.000000000000000000, 1.000000000000000000 ) ) ;
#8002 = CARTESIAN_POINT ( 'NONE',  ( -14.15297018576999832, -21.39195958580497603, 22.50000000000000000 ) ) ;
#8003 = CARTESIAN_POINT ( 'NONE',  ( -11.27047208607698181, -14.09889921082407938, 28.99999856948849697 ) ) ;
#8004 = CARTESIAN_POINT ( 'NONE',  ( 21.59731931759170820, -15.35596946773398841, 16.50000095367419917 ) ) ;
#8005 = EDGE_CURVE ( 'NONE', #1231, #2053, #7824, .T. ) ;
#8006 = ORIENTED_EDGE ( 'NONE', *, *, #7460, .F. ) ;
#8007 = VERTEX_POINT ( 'NONE', #8579 ) ;
#8008 = ORIENTED_EDGE ( 'NONE', *, *, #6280, .T. ) ;
#8009 = DIRECTION ( 'NONE',  ( 0.000000000000000000, 0.000000000000000000, 1.000000000000000000 ) ) ;
#8010 = LINE ( 'NONE', #2199, #9158 ) ;
#8011 = CARTESIAN_POINT ( 'NONE',  ( -20.55796506004299573, 13.60119746897492377, -4.500000000000158984 ) ) ;
#8012 = CIRCLE ( 'NONE', #8159, 1.000000000000001110 ) ;
#8013 = DIRECTION ( 'NONE',  ( 0.000000000000000000, 0.000000000000000000, -1.000000000000000000 ) ) ;
#8014 = ORIENTED_EDGE ( 'NONE', *, *, #4057, .T. ) ;
#8015 = CARTESIAN_POINT ( 'NONE',  ( 25.28957345041287397, -2.228303483095354753, 12.50000095367419917 ) ) ;
#8016 = ORIENTED_EDGE ( 'NONE', *, *, #9467, .T. ) ;
#8017 = ORIENTED_EDGE ( 'NONE', *, *, #1999, .F. ) ;
#8018 = LINE ( 'NONE', #8831, #1356 ) ;
#8019 = VERTEX_POINT ( 'NONE', #7680 ) ;
#8020 = DIRECTION ( 'NONE',  ( 1.000000000000000000, 0.000000000000000000, 0.000000000000000000 ) ) ;
#8021 = DIRECTION ( 'NONE',  ( 0.000000000000000000, 0.000000000000000000, -1.000000000000000000 ) ) ;
#8022 = LINE ( 'NONE', #680, #6661 ) ;
#8023 = ADVANCED_FACE ( 'NONE', ( #1241 ), #6236, .T. ) ;
#8024 = CARTESIAN_POINT ( 'NONE',  ( 11.00312125762210869, 22.05796506004198321, 22.50000000000000000 ) ) ;
#8025 = DIRECTION ( 'NONE',  ( 0.05548714545607766335, 0.9984594016228882651, 0.000000000000000000 ) ) ;
#8026 = CARTESIAN_POINT ( 'NONE',  ( -1.000000000000000888, 17.93885447847687331, 0.9999999999998441247 ) ) ;
#8027 = ORIENTED_EDGE ( 'NONE', *, *, #4770, .F. ) ;
#8028 = ORIENTED_EDGE ( 'NONE', *, *, #5232, .F. ) ;
#8029 = ORIENTED_EDGE ( 'NONE', *, *, #5398, .F. ) ;
#8030 = CIRCLE ( 'NONE', #2356, 25.64999999999999858 ) ;
#8031 = EDGE_CURVE ( 'NONE', #8748, #5840, #2556, .T. ) ;
#8032 = DIRECTION ( 'NONE',  ( 0.000000000000000000, 0.000000000000000000, -1.000000000000000000 ) ) ;
#8033 = CARTESIAN_POINT ( 'NONE',  ( 0.000000000000000000, 0.000000000000000000, -4.500000000000158984 ) ) ;
#8034 = CYLINDRICAL_SURFACE ( 'NONE', #1570, 1.000000000000000888 ) ;
#8035 = VECTOR ( 'NONE', #6977, 1000.000000000000000 ) ;
#8036 = ORIENTED_EDGE ( 'NONE', *, *, #4437, .T. ) ;
#8037 = ADVANCED_FACE ( 'NONE', ( #1283 ), #4202, .F. ) ;
#8038 = CARTESIAN_POINT ( 'NONE',  ( 0.000000000000000000, 0.000000000000000000, 28.99999856948849697 ) ) ;
#8039 = CARTESIAN_POINT ( 'NONE',  ( 2.228303483095416926, 25.28957345041219185, 22.50000000000000000 ) ) ;
#8041 = DIRECTION ( 'NONE',  ( 0.8660254037844387076, -0.4999999999999998890, 0.000000000000000000 ) ) ;
#8040 = AXIS2_PLACEMENT_3D ( 'NONE', #4596, #7681, #8344 ) ;
#8042 = DIRECTION ( 'NONE',  ( 0.000000000000000000, 0.000000000000000000, 1.000000000000000000 ) ) ;
#8043 = CARTESIAN_POINT ( 'NONE',  ( -17.93885447847799597, -2.000000000000001776, 0.9999999999998441247 ) ) ;
#8044 = FACE_OUTER_BOUND ( 'NONE', #3258, .T. ) ;
#8045 = DIRECTION ( 'NONE',  ( 0.8660254037844387076, 0.4999999999999998890, 0.000000000000000000 ) ) ;
#8046 = ADVANCED_FACE ( 'NONE', ( #2769 ), #7140, .T. ) ;
#8047 = ADVANCED_FACE ( 'NONE', ( #1097 ), #475, .T. ) ;
#8048 = ORIENTED_EDGE ( 'NONE', *, *, #8465, .T. ) ;
#8049 = VERTEX_POINT ( 'NONE', #4018 ) ;
#8050 = AXIS2_PLACEMENT_3D ( 'NONE', #5637, #7045, #8432 ) ;
#8051 = ORIENTED_EDGE ( 'NONE', *, *, #589, .T. ) ;
#8052 = ORIENTED_EDGE ( 'NONE', *, *, #8750, .T. ) ;
#8053 = AXIS2_PLACEMENT_3D ( 'NONE', #7384, #5310, #8913 ) ;
#8054 = DIRECTION ( 'NONE',  ( -0.6667820768063215109, -0.7452527504476912368, 0.000000000000000000 ) ) ;
#8055 = CARTESIAN_POINT ( 'NONE',  ( 0.000000000000000000, 0.000000000000000000, 28.99999856948849697 ) ) ;
#8056 = EDGE_CURVE ( 'NONE', #881, #3043, #5515, .T. ) ;
#8057 = DIRECTION ( 'NONE',  ( -1.000000000000000000, 0.000000000000000000, 0.000000000000000000 ) ) ;
#8058 = AXIS2_PLACEMENT_3D ( 'NONE', #3901, #166, #6009 ) ;
#8059 = CIRCLE ( 'NONE', #3918, 21.55000000000000071 ) ;
#8060 = DIRECTION ( 'NONE',  ( 0.9575997404350009568, -0.2881019561176543786, 0.000000000000000000 ) ) ;
#8061 = ORIENTED_EDGE ( 'NONE', *, *, #1663, .T. ) ;
#8062 = ADVANCED_FACE ( 'NONE', ( #380, #7723, #3303, #4786, #6288, #1909, #3678, #4338, #5838, #4250 ), #5158, .T. ) ;
#8063 = DIRECTION ( 'NONE',  ( 0.8660254037844387076, -0.4999999999999998890, 0.000000000000000000 ) ) ;
#8064 = ORIENTED_EDGE ( 'NONE', *, *, #5832, .T. ) ;
#8065 = CIRCLE ( 'NONE', #3313, 19.05000000000000071 ) ;
#8066 = EDGE_LOOP ( 'NONE', ( #1561, #9439, #2961, #7022 ) ) ;
#8067 = LINE ( 'NONE', #2207, #6888 ) ;
#8068 = VERTEX_POINT ( 'NONE', #3534 ) ;
#8069 = PLANE ( 'NONE',  #4241 ) ;
#8070 = DIRECTION ( 'NONE',  ( 1.000000000000000000, 0.000000000000000000, 0.000000000000000000 ) ) ;
#8071 = CIRCLE ( 'NONE', #1940, 1.000000000000000666 ) ;
#8072 = CARTESIAN_POINT ( 'NONE',  ( -1.999999999999988010, 17.93885447847687331, 0.9999999999998441247 ) ) ;
#8073 = DIRECTION ( 'NONE',  ( 0.000000000000000000, 0.000000000000000000, 1.000000000000000000 ) ) ;
#8074 = EDGE_CURVE ( 'NONE', #734, #6721, #5069, .T. ) ;
#8075 = DIRECTION ( 'NONE',  ( 1.000000000000000000, 0.000000000000000000, 0.000000000000000000 ) ) ;
#8076 = ORIENTED_EDGE ( 'NONE', *, *, #962, .T. ) ;
#8077 = CIRCLE ( 'NONE', #1948, 1.000000000000000444 ) ;
#8078 = ORIENTED_EDGE ( 'NONE', *, *, #5759, .T. ) ;
#8079 = ORIENTED_EDGE ( 'NONE', *, *, #3104, .T. ) ;
#8080 = DIRECTION ( 'NONE',  ( -1.000000000000000000, 0.000000000000000000, 0.000000000000000000 ) ) ;
#8081 = EDGE_CURVE ( 'NONE', #7390, #6389, #7906, .T. ) ;
#8082 = DIRECTION ( 'NONE',  ( 0.000000000000000000, 0.000000000000000000, -1.000000000000000000 ) ) ;
#8083 = FACE_OUTER_BOUND ( 'NONE', #2646, .T. ) ;
#8084 = EDGE_LOOP ( 'NONE', ( #5574, #4465, #70, #2521 ) ) ;
#8085 = EDGE_CURVE ( 'NONE', #1022, #4235, #4828, .T. ) ;
#8086 = CIRCLE ( 'NONE', #6098, 1.000000000000001110 ) ;
#8087 = CARTESIAN_POINT ( 'NONE',  ( 0.000000000000000000, 0.000000000000000000, 28.99999856948849697 ) ) ;
#8088 = LINE ( 'NONE', #2281, #7008 ) ;
#8089 = CYLINDRICAL_SURFACE ( 'NONE', #4234, 1.000000000000000444 ) ;
#8090 = DIRECTION ( 'NONE',  ( -0.8629987385490728302, -0.5052060740556363339, 0.000000000000000000 ) ) ;
#8091 = DIRECTION ( 'NONE',  ( 1.000000000000000000, 0.000000000000000000, 0.000000000000000000 ) ) ;
#8092 = DIRECTION ( 'NONE',  ( 3.770471112782575013E-19, 6.784746809671239709E-18, -1.000000000000000000 ) ) ;
#8093 = EDGE_CURVE ( 'NONE', #6305, #7289, #8196, .T. ) ;
#8094 = CARTESIAN_POINT ( 'NONE',  ( 24.60431872659751917, 1.499999999999945821, 12.50000095367419917 ) ) ;
#8095 = ADVANCED_FACE ( 'NONE', ( #7282 ), #7374, .T. ) ;
#8096 = CIRCLE ( 'NONE', #7956, 0.9999999999999998890 ) ;
#8097 = VERTEX_POINT ( 'NONE', #2868 ) ;
#8098 = VERTEX_POINT ( 'NONE', #4435 ) ;
#8099 = CIRCLE ( 'NONE', #3962, 1.500000000000000222 ) ;
#8100 = ORIENTED_EDGE ( 'NONE', *, *, #1599, .F. ) ;
#8101 = ORIENTED_EDGE ( 'NONE', *, *, #1790, .F. ) ;
#8102 = CIRCLE ( 'NONE', #6719, 1.000000000000000888 ) ;
#8103 = DIRECTION ( 'NONE',  ( 0.000000000000000000, 0.000000000000000000, -1.000000000000000000 ) ) ;
#8104 = CIRCLE ( 'NONE', #3201, 0.9999999999999994449 ) ;
#8105 = FACE_BOUND ( 'NONE', #5436, .T. ) ;
#8106 = FACE_OUTER_BOUND ( 'NONE', #7874, .T. ) ;
#8107 = EDGE_CURVE ( 'NONE', #9277, #3118, #4058, .T. ) ;
#8108 = CARTESIAN_POINT ( 'NONE',  ( 18.68410722892548748, 1.333217923193781962, 0.9999999999998441247 ) ) ;
#8109 = VERTEX_POINT ( 'NONE', #3578 ) ;
#8110 = VECTOR ( 'NONE', #4196, 1000.000000000000000 ) ;
#8111 = ORIENTED_EDGE ( 'NONE', *, *, #6920, .F. ) ;
#8112 = DIRECTION ( 'NONE',  ( 0.000000000000000000, 0.000000000000000000, 1.000000000000000000 ) ) ;
#8113 = ORIENTED_EDGE ( 'NONE', *, *, #6041, .F. ) ;
#8114 = ORIENTED_EDGE ( 'NONE', *, *, #1852, .F. ) ;
#8115 = DIRECTION ( 'NONE',  ( 1.000000000000000000, 0.000000000000000000, 0.000000000000000000 ) ) ;
#8116 = ORIENTED_EDGE ( 'NONE', *, *, #6743, .F. ) ;
#8118 = CIRCLE ( 'NONE', #7820, 1.000000000000000444 ) ;
#8117 = DIRECTION ( 'NONE',  ( 0.000000000000000000, 0.000000000000000000, -1.000000000000000000 ) ) ;
#8119 = CARTESIAN_POINT ( 'NONE',  ( -17.93885447847799597, -2.000000000000001776, -10.99999976158160031 ) ) ;
#8120 = FACE_OUTER_BOUND ( 'NONE', #4906, .T. ) ;
#8121 = DIRECTION ( 'NONE',  ( 0.000000000000000000, 0.000000000000000000, 1.000000000000000000 ) ) ;
#8122 = CARTESIAN_POINT ( 'NONE',  ( 21.40449719101190951, 2.499999999999946709, 22.50000000000000000 ) ) ;
#8123 = EDGE_CURVE ( 'NONE', #7698, #6179, #691, .T. ) ;
#8124 = ORIENTED_EDGE ( 'NONE', *, *, #2180, .T. ) ;
#8125 = VERTEX_POINT ( 'NONE', #2817 ) ;
#8126 = VERTEX_POINT ( 'NONE', #5793 ) ;
#8127 = CARTESIAN_POINT ( 'NONE',  ( -2.499999999999988454, -24.60431872659807340, 12.50000095367419917 ) ) ;
#8128 = CARTESIAN_POINT ( 'NONE',  ( 20.05796506004270441, -14.46722287276003271, 10.50000095367419917 ) ) ;
#8129 = LINE ( 'NONE', #9474, #9393 ) ;
#8130 = ORIENTED_EDGE ( 'NONE', *, *, #7226, .F. ) ;
#8131 = ORIENTED_EDGE ( 'NONE', *, *, #5732, .T. ) ;
#8132 = FACE_OUTER_BOUND ( 'NONE', #6705, .T. ) ;
#8133 = LINE ( 'NONE', #4625, #3930 ) ;
#8134 = LINE ( 'NONE', #652, #9476 ) ;
#8135 = CARTESIAN_POINT ( 'NONE',  ( -1.560851926977996351, -25.60246553092204636, 12.50000095367419917 ) ) ;
#8136 = DIRECTION ( 'NONE',  ( 0.000000000000000000, 0.000000000000000000, 1.000000000000000000 ) ) ;
#8137 = LINE ( 'NONE', #795, #1130 ) ;
#8138 = ADVANCED_FACE ( 'NONE', ( #5112 ), #5738, .T. ) ;
#8139 = ORIENTED_EDGE ( 'NONE', *, *, #3823, .F. ) ;
#8140 = ORIENTED_EDGE ( 'NONE', *, *, #498, .T. ) ;
#8141 = ORIENTED_EDGE ( 'NONE', *, *, #8582, .F. ) ;
#8142 = CIRCLE ( 'NONE', #4008, 25.64999999999999858 ) ;
#8143 = DIRECTION ( 'NONE',  ( 0.000000000000000000, 0.000000000000000000, -1.000000000000000000 ) ) ;
#8144 = CARTESIAN_POINT ( 'NONE',  ( 25.28957345041282423, 2.228303483095289916, 10.50000095367419917 ) ) ;
#8145 = DIRECTION ( 'NONE',  ( 0.000000000000000000, 0.000000000000000000, 1.000000000000000000 ) ) ;
#8146 = CARTESIAN_POINT ( 'NONE',  ( -13.19090595827299239, 2.499999999999946709, -4.500000000000158984 ) ) ;
#8147 = VECTOR ( 'NONE', #5550, 1000.000000000000000 ) ;
#8148 = FACE_OUTER_BOUND ( 'NONE', #1101, .T. ) ;
#8149 = ORIENTED_EDGE ( 'NONE', *, *, #1284, .F. ) ;
#8150 = ORIENTED_EDGE ( 'NONE', *, *, #1198, .T. ) ;
#8151 = CARTESIAN_POINT ( 'NONE',  ( 21.39195958580511459, -14.15297018576999832, 10.50000095367419917 ) ) ;
#8152 = ORIENTED_EDGE ( 'NONE', *, *, #2287, .F. ) ;
#8153 = CIRCLE ( 'NONE', #6008, 21.55000000000000071 ) ;
#8154 = ADVANCED_FACE ( 'NONE', ( #8671 ), #5693, .T. ) ;
#8155 = VERTEX_POINT ( 'NONE', #5022 ) ;
#8156 = DIRECTION ( 'NONE',  ( -0.9733566799329020913, 0.2292962573397090698, 0.000000000000000000 ) ) ;
#8157 = VERTEX_POINT ( 'NONE', #9484 ) ;
#8158 = LINE ( 'NONE', #7446, #9298 ) ;
#8159 = AXIS2_PLACEMENT_3D ( 'NONE', #5036, #1389, #7973 ) ;
#8160 = DIRECTION ( 'NONE',  ( 0.000000000000000000, 0.000000000000000000, 1.000000000000000000 ) ) ;
#8161 = FACE_OUTER_BOUND ( 'NONE', #4195, .T. ) ;
#8162 = AXIS2_PLACEMENT_3D ( 'NONE', #938, #9055, #1039 ) ;
#8163 = DIRECTION ( 'NONE',  ( 1.000000000000000000, 0.000000000000000000, 0.000000000000000000 ) ) ;
#8164 = LINE ( 'NONE', #919, #5585 ) ;
#8165 = ADVANCED_FACE ( 'NONE', ( #8044 ), #3627, .F. ) ;
#8166 = ORIENTED_EDGE ( 'NONE', *, *, #5081, .F. ) ;
#8167 = AXIS2_PLACEMENT_3D ( 'NONE', #9422, #7271, #7366 ) ;
#8168 = ORIENTED_EDGE ( 'NONE', *, *, #7762, .T. ) ;
#8169 = VERTEX_POINT ( 'NONE', #7961 ) ;
#8170 = CARTESIAN_POINT ( 'NONE',  ( -25.28957345041323279, 2.228303483095335213, 22.50000000000000000 ) ) ;
#8171 = EDGE_CURVE ( 'NONE', #7966, #1870, #6668, .T. ) ;
#8172 = CARTESIAN_POINT ( 'NONE',  ( 24.60431872659751917, 2.499999999999946709, 22.50000000000000000 ) ) ;
#8173 = DIRECTION ( 'NONE',  ( 0.000000000000000000, 0.000000000000000000, 1.000000000000000000 ) ) ;
#8174 = EDGE_LOOP ( 'NONE', ( #6504, #6469, #1543, #5631 ) ) ;
#8175 = ORIENTED_EDGE ( 'NONE', *, *, #2818, .F. ) ;
#8176 = VECTOR ( 'NONE', #749, 1000.000000000000000 ) ;
#8177 = EDGE_CURVE ( 'NONE', #3416, #1496, #5897, .T. ) ;
#8178 = FACE_OUTER_BOUND ( 'NONE', #7595, .T. ) ;
#8179 = FACE_OUTER_BOUND ( 'NONE', #3594, .T. ) ;
#8180 = CARTESIAN_POINT ( 'NONE',  ( 0.000000000000000000, 0.000000000000000000, 5.500000953674160087 ) ) ;
#8181 = LINE ( 'NONE', #887, #3158 ) ;
#8182 = DIRECTION ( 'NONE',  ( -0.8660254037844387076, -0.4999999999999998890, 0.000000000000000000 ) ) ;
#8183 = CARTESIAN_POINT ( 'NONE',  ( -13.60119746897600557, 20.55796506004192636, 10.50000095367419917 ) ) ;
#8184 = CIRCLE ( 'NONE', #1290, 1.000000000000000666 ) ;
#8185 = DIRECTION ( 'NONE',  ( 0.000000000000000000, 0.000000000000000000, 1.000000000000000000 ) ) ;
#8186 = ORIENTED_EDGE ( 'NONE', *, *, #468, .T. ) ;
#8187 = ORIENTED_EDGE ( 'NONE', *, *, #9107, .T. ) ;
#8188 = ORIENTED_EDGE ( 'NONE', *, *, #8823, .T. ) ;
#8189 = EDGE_CURVE ( 'NONE', #7380, #9229, #6609, .T. ) ;
#8190 = CYLINDRICAL_SURFACE ( 'NONE', #2598, 1.000000000000000222 ) ;
#8191 = CARTESIAN_POINT ( 'NONE',  ( 8.537185086044409843, -19.78683832264804821, 16.49999856948839749 ) ) ;
#8192 = LINE ( 'NONE', #8144, #5818 ) ;
#8193 = DIRECTION ( 'NONE',  ( 0.6852547238153056108, 0.7283034830953436511, 0.000000000000000000 ) ) ;
#8194 = DIRECTION ( 'NONE',  ( -0.4999999999999998890, -0.8660254037844387076, 0.000000000000000000 ) ) ;
#8195 = DIRECTION ( 'NONE',  ( 0.8660254037844387076, 0.4999999999999998890, 0.000000000000000000 ) ) ;
#8196 = CIRCLE ( 'NONE', #8963, 1.000000000000000222 ) ;
#8197 = CARTESIAN_POINT ( 'NONE',  ( -17.93885447847799597, 2.000000000000001776, -10.99999976158160031 ) ) ;
#8198 = AXIS2_PLACEMENT_3D ( 'NONE', #8946, #3718, #5248 ) ;
#8199 = ORIENTED_EDGE ( 'NONE', *, *, #7407, .F. ) ;
#8200 = ORIENTED_EDGE ( 'NONE', *, *, #7937, .T. ) ;
#8201 = CARTESIAN_POINT ( 'NONE',  ( -16.80720077974400084, -12.59039324045807540, 16.50000095367419917 ) ) ;
#8202 = ORIENTED_EDGE ( 'NONE', *, *, #3769, .F. ) ;
#8203 = EDGE_CURVE ( 'NONE', #2008, #5521, #6364, .T. ) ;
#8204 = VECTOR ( 'NONE', #3526, 1000.000000000000000 ) ;
#8205 = ORIENTED_EDGE ( 'NONE', *, *, #117, .T. ) ;
#8206 = CARTESIAN_POINT ( 'NONE',  ( -8.760516488598005580, -10.17365965879601930, 5.500000953674160087 ) ) ;
#8207 = VECTOR ( 'NONE', #2667, 1000.000000000000000 ) ;
#8208 = EDGE_LOOP ( 'NONE', ( #8724, #8410, #4685, #1498 ) ) ;
#8209 = CARTESIAN_POINT ( 'NONE',  ( 14.46722287275990837, -20.05796506004298152, 5.500000953674160087 ) ) ;
#8210 = DIRECTION ( 'NONE',  ( 0.000000000000000000, 0.000000000000000000, -1.000000000000000000 ) ) ;
#8211 = EDGE_CURVE ( 'NONE', #3174, #3373, #9131, .T. ) ;
#8212 = CARTESIAN_POINT ( 'NONE',  ( -23.01556480047799624, 10.71501930150425963, 5.500000953674160087 ) ) ;
#8213 = DIRECTION ( 'NONE',  ( 1.000000000000000000, 0.000000000000000000, 0.000000000000000000 ) ) ;
#8214 = CARTESIAN_POINT ( 'NONE',  ( 21.39195958580511459, 14.15297018576899823, 10.50000095367419917 ) ) ;
#8215 = EDGE_CURVE ( 'NONE', #8973, #6479, #3596, .T. ) ;
#8216 = VECTOR ( 'NONE', #7702, 1000.000000000000000 ) ;
#8217 = AXIS2_PLACEMENT_3D ( 'NONE', #5404, #2326, #5302 ) ;
#8218 = ORIENTED_EDGE ( 'NONE', *, *, #2372, .T. ) ;
#8219 = ORIENTED_EDGE ( 'NONE', *, *, #2077, .T. ) ;
#8220 = AXIS2_PLACEMENT_3D ( 'NONE', #885, #3194, #8285 ) ;
#8221 = EDGE_LOOP ( 'NONE', ( #7125, #2319, #1701, #1244 ) ) ;
#8222 = AXIS2_PLACEMENT_3D ( 'NONE', #5819, #4949, #4224 ) ;
#8223 = CIRCLE ( 'NONE', #857, 1.000000000000000888 ) ;
#8224 = LINE ( 'NONE', #4569, #4893 ) ;
#8225 = CARTESIAN_POINT ( 'NONE',  ( -2.499999999999988454, -26.38181191654598479, 16.50000095367419917 ) ) ;
#8226 = CYLINDRICAL_SURFACE ( 'NONE', #2972, 1.000000000000000444 ) ;
#8227 = ORIENTED_EDGE ( 'NONE', *, *, #3334, .T. ) ;
#8228 = AXIS2_PLACEMENT_3D ( 'NONE', #249, #7643, #2404 ) ;
#8229 = ORIENTED_EDGE ( 'NONE', *, *, #4185, .T. ) ;
#8230 = EDGE_CURVE ( 'NONE', #676, #521, #9004, .T. ) ;
#8231 = DIRECTION ( 'NONE',  ( -1.000000000000000000, 0.000000000000000000, 0.000000000000000000 ) ) ;
#8232 = DIRECTION ( 'NONE',  ( 0.000000000000000000, 0.000000000000000000, -1.000000000000000000 ) ) ;
#8233 = CARTESIAN_POINT ( 'NONE',  ( 0.000000000000000000, 0.000000000000000000, 12.50000095367419917 ) ) ;
#8234 = AXIS2_PLACEMENT_3D ( 'NONE', #6420, #2724, #5647 ) ;
#8235 = CARTESIAN_POINT ( 'NONE',  ( 0.000000000000000000, 0.000000000000000000, 28.99999856948849697 ) ) ;
#8236 = CARTESIAN_POINT ( 'NONE',  ( -20.55796506004299573, -13.60119746897603399, 10.50000095367419917 ) ) ;
#8237 = ADVANCED_FACE ( 'NONE', ( #7521 ), #6901, .T. ) ;
#8238 = CARTESIAN_POINT ( 'NONE',  ( 0.000000000000000000, 0.000000000000000000, 0.000000000000000000 ) ) ;
#8239 = LINE ( 'NONE', #8952, #2339 ) ;
#8240 = VERTEX_POINT ( 'NONE', #130 ) ;
#8241 = ORIENTED_EDGE ( 'NONE', *, *, #6809, .F. ) ;
#8242 = AXIS2_PLACEMENT_3D ( 'NONE', #6032, #6141, #5464 ) ;
#8243 = EDGE_CURVE ( 'NONE', #7331, #238, #8856, .T. ) ;
#8244 = CARTESIAN_POINT ( 'NONE',  ( -22.05796506004299573, 11.00312125762192750, 10.50000095367419917 ) ) ;
#8245 = DIRECTION ( 'NONE',  ( -0.9733566799329479435, -0.2292962573395145309, 0.000000000000000000 ) ) ;
#8246 = DIRECTION ( 'NONE',  ( -0.7452527504477930442, -0.6667820768062077130, 0.000000000000000000 ) ) ;
#8247 = DIRECTION ( 'NONE',  ( 0.000000000000000000, 0.000000000000000000, 1.000000000000000000 ) ) ;
#8248 = VECTOR ( 'NONE', #7066, 1000.000000000000000 ) ;
#8249 = DIRECTION ( 'NONE',  ( -0.2292962573396013781, 0.9733566799329275154, 0.000000000000000000 ) ) ;
#8250 = AXIS2_PLACEMENT_3D ( 'NONE', #6439, #7880, #1351 ) ;
#8251 = LINE ( 'NONE', #3875, #4824 ) ;
#8252 = DIRECTION ( 'NONE',  ( 1.000000000000000000, 0.000000000000000000, 0.000000000000000000 ) ) ;
#8253 = ORIENTED_EDGE ( 'NONE', *, *, #3104, .F. ) ;
#8254 = EDGE_LOOP ( 'NONE', ( #6955, #4850, #3444, #7716 ) ) ;
#8255 = DIRECTION ( 'NONE',  ( 0.000000000000000000, 0.000000000000000000, 1.000000000000000000 ) ) ;
#8256 = AXIS2_PLACEMENT_3D ( 'NONE', #5500, #5590, #1855 ) ;
#8257 = ORIENTED_EDGE ( 'NONE', *, *, #2944, .T. ) ;
#8258 = CIRCLE ( 'NONE', #7040, 21.55000000000000071 ) ;
#8259 = VERTEX_POINT ( 'NONE', #223 ) ;
#8260 = LINE ( 'NONE', #9027, #4118 ) ;
#8261 = ORIENTED_EDGE ( 'NONE', *, *, #4271, .T. ) ;
#8262 = DIRECTION ( 'NONE',  ( 0.2881019561176164645, 0.9575997404350123920, 0.000000000000000000 ) ) ;
#8263 = DIRECTION ( 'NONE',  ( 0.6852547238153542386, -0.7283034830952977989, 0.000000000000000000 ) ) ;
#8264 = AXIS2_PLACEMENT_3D ( 'NONE', #3870, #5411, #994 ) ;
#8265 = VECTOR ( 'NONE', #8959, 1000.000000000000000 ) ;
#8266 = CARTESIAN_POINT ( 'NONE',  ( 7.377728374959410473, -7.778600389872103449, 5.500000953674160087 ) ) ;
#8268 = ADVANCED_FACE ( 'NONE', ( #3051 ), #6130, .T. ) ;
#8267 = CARTESIAN_POINT ( 'NONE',  ( -14.88000166017600101, 11.89487497173202790, 28.99999856948849697 ) ) ;
#8269 = DIRECTION ( 'NONE',  ( 0.6852547238153056108, 0.7283034830953436511, 0.000000000000000000 ) ) ;
#8270 = ORIENTED_EDGE ( 'NONE', *, *, #9172, .F. ) ;
#8271 = AXIS2_PLACEMENT_3D ( 'NONE', #6367, #8439, #3253 ) ;
#8272 = EDGE_CURVE ( 'NONE', #787, #3697, #3863, .T. ) ;
#8273 = ORIENTED_EDGE ( 'NONE', *, *, #5634, .F. ) ;
#8274 = DIRECTION ( 'NONE',  ( -0.006021925003838838122, 0.9999818680452401409, 0.000000000000000000 ) ) ;
#8275 = ORIENTED_EDGE ( 'NONE', *, *, #1578, .T. ) ;
#8276 = ADVANCED_FACE ( 'NONE', ( #8288 ), #1605, .F. ) ;
#8277 = CARTESIAN_POINT ( 'NONE',  ( -13.60119746897600557, 20.55796506004192636, 10.50000095367419917 ) ) ;
#8278 = DIRECTION ( 'NONE',  ( 0.000000000000000000, 0.000000000000000000, 1.000000000000000000 ) ) ;
#8279 = DIRECTION ( 'NONE',  ( 0.9733566799329461672, -0.2292962573395214698, 0.000000000000000000 ) ) ;
#8280 = ORIENTED_EDGE ( 'NONE', *, *, #3737, .F. ) ;
#8281 = VERTEX_POINT ( 'NONE', #8950 ) ;
#8282 = ORIENTED_EDGE ( 'NONE', *, *, #822, .F. ) ;
#8283 = CARTESIAN_POINT ( 'NONE',  ( 0.000000000000000000, 0.000000000000000000, 28.99999856948849697 ) ) ;
#8284 = EDGE_CURVE ( 'NONE', #194, #2008, #175, .T. ) ;
#8285 = DIRECTION ( 'NONE',  ( 0.000000000000000000, 0.000000000000000000, 1.000000000000000000 ) ) ;
#8286 = DIRECTION ( 'NONE',  ( 0.000000000000000000, 0.000000000000000000, 1.000000000000000000 ) ) ;
#8287 = DIRECTION ( 'NONE',  ( 1.000000000000000000, 0.000000000000000000, 0.000000000000000000 ) ) ;
#8288 = FACE_OUTER_BOUND ( 'NONE', #5191, .T. ) ;
#8289 = CARTESIAN_POINT ( 'NONE',  ( 20.55796506004270441, 13.60119746897492377, 10.50000095367419917 ) ) ;
#8290 = EDGE_CURVE ( 'NONE', #9276, #5866, #7565, .T. ) ;
#8291 = ORIENTED_EDGE ( 'NONE', *, *, #6857, .T. ) ;
#8292 = ORIENTED_EDGE ( 'NONE', *, *, #4292, .T. ) ;
#8293 = LINE ( 'NONE', #8527, #4891 ) ;
#8294 = FACE_OUTER_BOUND ( 'NONE', #9069, .T. ) ;
#8295 = CARTESIAN_POINT ( 'NONE',  ( 0.000000000000000000, 0.000000000000000000, 12.50000095367419917 ) ) ;
#8296 = CARTESIAN_POINT ( 'NONE',  ( 0.000000000000000000, 0.000000000000000000, -4.500000000000158984 ) ) ;
#8297 = CIRCLE ( 'NONE', #7376, 21.55000000000000071 ) ;
#8298 = LINE ( 'NONE', #5264, #6706 ) ;
#8299 = EDGE_CURVE ( 'NONE', #5116, #8630, #7599, .T. ) ;
#8300 = CARTESIAN_POINT ( 'NONE',  ( 0.000000000000000000, 0.000000000000000000, 5.500000953674160087 ) ) ;
#8301 = DIRECTION ( 'NONE',  ( 0.6667820768063215109, 0.7452527504476912368, 0.000000000000000000 ) ) ;
#8302 = ORIENTED_EDGE ( 'NONE', *, *, #4072, .T. ) ;
#8303 = ORIENTED_EDGE ( 'NONE', *, *, #4595, .F. ) ;
#8304 = DIRECTION ( 'NONE',  ( 0.000000000000000000, 0.000000000000000000, 1.000000000000000000 ) ) ;
#8305 = CIRCLE ( 'NONE', #30, 1.000000000000000222 ) ;
#8306 = ORIENTED_EDGE ( 'NONE', *, *, #6513, .T. ) ;
#8307 = ORIENTED_EDGE ( 'NONE', *, *, #6758, .T. ) ;
#8308 = LINE ( 'NONE', #9169, #1216 ) ;
#8309 = ORIENTED_EDGE ( 'NONE', *, *, #2289, .F. ) ;
#8310 = CYLINDRICAL_SURFACE ( 'NONE', #5478, 1.000000000000000222 ) ;
#8311 = CARTESIAN_POINT ( 'NONE',  ( 22.95281151278270926, 11.44949534515204981, 10.50000095367419917 ) ) ;
#8312 = LINE ( 'NONE', #865, #6995 ) ;
#8313 = ORIENTED_EDGE ( 'NONE', *, *, #6362, .F. ) ;
#8314 = DIRECTION ( 'NONE',  ( -0.8660254037844387076, -0.4999999999999998890, 0.000000000000000000 ) ) ;
#8315 = ORIENTED_EDGE ( 'NONE', *, *, #1102, .F. ) ;
#8316 = ORIENTED_EDGE ( 'NONE', *, *, #6083, .F. ) ;
#8317 = CARTESIAN_POINT ( 'NONE',  ( -22.55796506004299928, 10.13709585383804068, 10.50000095367419917 ) ) ;
#8318 = VERTEX_POINT ( 'NONE', #5926 ) ;
#8319 = CARTESIAN_POINT ( 'NONE',  ( 20.05796506004260848, 14.46722287275992258, 10.50000095367419917 ) ) ;
#8320 = CARTESIAN_POINT ( 'NONE',  ( -24.60431872659797747, 1.499999999999945821, 22.50000000000000000 ) ) ;
#8321 = AXIS2_PLACEMENT_3D ( 'NONE', #383, #8444, #337 ) ;
#8322 = CARTESIAN_POINT ( 'NONE',  ( 0.000000000000000000, 0.000000000000000000, 5.500000953674160087 ) ) ;
#8323 = VERTEX_POINT ( 'NONE', #3005 ) ;
#8324 = ORIENTED_EDGE ( 'NONE', *, *, #6346, .F. ) ;
#8325 = VERTEX_POINT ( 'NONE', #986 ) ;
#8326 = DIRECTION ( 'NONE',  ( 0.000000000000000000, 0.000000000000000000, -1.000000000000000000 ) ) ;
#8327 = DIRECTION ( 'NONE',  ( -0.6667820768063215109, -0.7452527504476912368, 0.000000000000000000 ) ) ;
#8328 = CARTESIAN_POINT ( 'NONE',  ( -1.500000000000001332, 24.60431872659696495, 12.50000095367419917 ) ) ;
#8329 = LINE ( 'NONE', #4528, #9014 ) ;
#8330 = DIRECTION ( 'NONE',  ( 0.000000000000000000, 0.000000000000000000, 1.000000000000000000 ) ) ;
#8331 = PLANE ( 'NONE',  #4041 ) ;
#8332 = DIRECTION ( 'NONE',  ( 0.4999999999999998890, 0.8660254037844387076, 0.000000000000000000 ) ) ;
#8333 = EDGE_LOOP ( 'NONE', ( #6942, #7877, #8114, #396 ) ) ;
#8334 = VERTEX_POINT ( 'NONE', #4583 ) ;
#8335 = EDGE_CURVE ( 'NONE', #1540, #2242, #2374, .T. ) ;
#8336 = DIRECTION ( 'NONE',  ( -1.000000000000000000, 1.224646799147350002E-16, 0.000000000000000000 ) ) ;
#8337 = CARTESIAN_POINT ( 'NONE',  ( -13.60119746897600557, 20.55796506004192636, -4.500000000000158984 ) ) ;
#8338 = CYLINDRICAL_SURFACE ( 'NONE', #4899, 1.000000000000000444 ) ;
#8339 = DIRECTION ( 'NONE',  ( 0.000000000000000000, 0.000000000000000000, -1.000000000000000000 ) ) ;
#8340 = EDGE_CURVE ( 'NONE', #6290, #6094, #3912, .T. ) ;
#8341 = VECTOR ( 'NONE', #541, 1000.000000000000000 ) ;
#8342 = FACE_OUTER_BOUND ( 'NONE', #4549, .T. ) ;
#8343 = EDGE_CURVE ( 'NONE', #1859, #373, #8513, .T. ) ;
#8344 = DIRECTION ( 'NONE',  ( 1.000000000000000000, 0.000000000000000000, 0.000000000000000000 ) ) ;
#8345 = CYLINDRICAL_SURFACE ( 'NONE', #7249, 1.000000000000000888 ) ;
#8346 = ORIENTED_EDGE ( 'NONE', *, *, #5298, .T. ) ;
#8347 = EDGE_LOOP ( 'NONE', ( #6225, #6800, #1262, #9354, #5562, #7633, #1286, #880 ) ) ;
#8348 = LINE ( 'NONE', #6146, #7078 ) ;
#8349 = CIRCLE ( 'NONE', #5437, 0.9999999999999985567 ) ;
#8350 = ORIENTED_EDGE ( 'NONE', *, *, #788, .F. ) ;
#8351 = EDGE_CURVE ( 'NONE', #238, #8169, #4357, .T. ) ;
#8352 = ORIENTED_EDGE ( 'NONE', *, *, #2423, .T. ) ;
#8353 = CARTESIAN_POINT ( 'NONE',  ( 0.000000000000000000, 0.000000000000000000, -4.500000000000158984 ) ) ;
#8354 = ORIENTED_EDGE ( 'NONE', *, *, #7272, .T. ) ;
#8355 = LINE ( 'NONE', #3266, #3780 ) ;
#8356 = CARTESIAN_POINT ( 'NONE',  ( 0.000000000000000000, 0.000000000000000000, 28.99999856948849697 ) ) ;
#8357 = AXIS2_PLACEMENT_3D ( 'NONE', #2844, #4228, #6397 ) ;
#8358 = ADVANCED_FACE ( 'NONE', ( #839 ), #1556, .T. ) ;
#8359 = DIRECTION ( 'NONE',  ( 1.000000000000000000, 0.000000000000000000, 0.000000000000000000 ) ) ;
#8360 = EDGE_LOOP ( 'NONE', ( #2850, #7016, #958, #4749 ) ) ;
#8361 = CARTESIAN_POINT ( 'NONE',  ( 17.93885447847770465, -2.000000000000001776, -10.99999976158160031 ) ) ;
#8362 = EDGE_LOOP ( 'NONE', ( #2708, #7750, #1057, #2832 ) ) ;
#8363 = AXIS2_PLACEMENT_3D ( 'NONE', #5503, #4105, #6175 ) ;
#8364 = ORIENTED_EDGE ( 'NONE', *, *, #5271, .F. ) ;
#8365 = CARTESIAN_POINT ( 'NONE',  ( -11.27047208607698181, -14.09889921082407938, 28.99999856948849697 ) ) ;
#8366 = VERTEX_POINT ( 'NONE', #4151 ) ;
#8367 = CARTESIAN_POINT ( 'NONE',  ( 11.00312125762210869, 22.05796506004198321, 22.50000000000000000 ) ) ;
#8368 = AXIS2_PLACEMENT_3D ( 'NONE', #7052, #1816, #4015 ) ;
#8369 = LINE ( 'NONE', #4666, #1609 ) ;
#8370 = VECTOR ( 'NONE', #3039, 1000.000000000000000 ) ;
#8371 = AXIS2_PLACEMENT_3D ( 'NONE', #2158, #7297, #6525 ) ;
#8372 = DIRECTION ( 'NONE',  ( 0.000000000000000000, 0.000000000000000000, -1.000000000000000000 ) ) ;
#8373 = VERTEX_POINT ( 'NONE', #6949 ) ;
#8374 = EDGE_LOOP ( 'NONE', ( #2930, #2973, #6682, #4303, #2454, #7391, #7074, #9140 ) ) ;
#8375 = EDGE_CURVE ( 'NONE', #5295, #3609, #4823, .T. ) ;
#8376 = VECTOR ( 'NONE', #8160, 1000.000000000000000 ) ;
#8377 = EDGE_LOOP ( 'NONE', ( #1337, #9357, #2685, #6330 ) ) ;
#8378 = DIRECTION ( 'NONE',  ( -0.6852547238153542386, -0.7283034830952977989, 0.000000000000000000 ) ) ;
#8379 = CYLINDRICAL_SURFACE ( 'NONE', #1974, 0.9999999999999991118 ) ;
#8380 = DIRECTION ( 'NONE',  ( 0.000000000000000000, 0.000000000000000000, 1.000000000000000000 ) ) ;
#8381 = DIRECTION ( 'NONE',  ( 0.000000000000000000, 0.000000000000000000, -1.000000000000000000 ) ) ;
#8382 = AXIS2_PLACEMENT_3D ( 'NONE', #7903, #5877, #9340 ) ;
#8383 = DIRECTION ( 'NONE',  ( 0.05548714545610360788, -0.9984594016228869329, 0.000000000000000000 ) ) ;
#8384 = EDGE_LOOP ( 'NONE', ( #6125, #4394, #8489, #5996 ) ) ;
#8385 = EDGE_CURVE ( 'NONE', #4311, #6954, #9149, .T. ) ;
#8386 = ORIENTED_EDGE ( 'NONE', *, *, #3474, .T. ) ;
#8387 = AXIS2_PLACEMENT_3D ( 'NONE', #9170, #2603, #443 ) ;
#8388 = DIRECTION ( 'NONE',  ( -0.9575997404349968489, -0.2881019561176680344, 0.000000000000000000 ) ) ;
#8389 = CARTESIAN_POINT ( 'NONE',  ( -1.000000000000000888, 10.45227248018298916, -10.99999976158160031 ) ) ;
#8390 = DIRECTION ( 'NONE',  ( 1.000000000000000000, 0.000000000000000000, 0.000000000000000000 ) ) ;
#8391 = ADVANCED_FACE ( 'NONE', ( #9198 ), #3291, .T. ) ;
#8392 = DIRECTION ( 'NONE',  ( 1.000000000000000000, 0.000000000000000000, 0.000000000000000000 ) ) ;
#8393 = ADVANCED_FACE ( 'NONE', ( #4007 ), #2578, .T. ) ;
#8394 = DIRECTION ( 'NONE',  ( -1.000000000000000000, 0.000000000000000000, 0.000000000000000000 ) ) ;
#8395 = EDGE_CURVE ( 'NONE', #4406, #1938, #2623, .T. ) ;
#8396 = DIRECTION ( 'NONE',  ( 0.000000000000000000, 0.000000000000000000, -1.000000000000000000 ) ) ;
#8397 = CARTESIAN_POINT ( 'NONE',  ( 0.000000000000000000, 0.000000000000000000, 12.50000095367419917 ) ) ;
#8398 = AXIS2_PLACEMENT_3D ( 'NONE', #620, #6759, #2340 ) ;
#8399 = VERTEX_POINT ( 'NONE', #4874 ) ;
#8400 = ORIENTED_EDGE ( 'NONE', *, *, #8171, .T. ) ;
#8401 = VERTEX_POINT ( 'NONE', #6360 ) ;
#8402 = AXIS2_PLACEMENT_3D ( 'NONE', #6103, #7690, #524 ) ;
#8403 = AXIS2_PLACEMENT_3D ( 'NONE', #8578, #9387, #3350 ) ;
#8404 = ORIENTED_EDGE ( 'NONE', *, *, #2950, .T. ) ;
#8405 = CYLINDRICAL_SURFACE ( 'NONE', #8720, 1.000000000000000444 ) ;
#8406 = CARTESIAN_POINT ( 'NONE',  ( 24.60431872659751917, -2.500000000000057732, 12.50000095367419917 ) ) ;
#8407 = LINE ( 'NONE', #6198, #1204 ) ;
#8408 = ADVANCED_FACE ( 'NONE', ( #507 ), #7812, .T. ) ;
#8409 = DIRECTION ( 'NONE',  ( -1.836970198721029688E-16, -1.000000000000000000, 0.000000000000000000 ) ) ;
#8410 = ORIENTED_EDGE ( 'NONE', *, *, #3643, .T. ) ;
#8411 = CARTESIAN_POINT ( 'NONE',  ( -5.912584488049987819, -7.326798050423022346, 28.99999856948849697 ) ) ;
#8412 = VECTOR ( 'NONE', #7117, 1000.000000000000000 ) ;
#8413 = EDGE_LOOP ( 'NONE', ( #3225, #981, #7362, #3494, #1914, #3073, #1962, #8897 ) ) ;
#8414 = AXIS2_PLACEMENT_3D ( 'NONE', #5828, #7176, #6357 ) ;
#8415 = ORIENTED_EDGE ( 'NONE', *, *, #4279, .F. ) ;
#8416 = LINE ( 'NONE', #8317, #4727 ) ;
#8417 = ORIENTED_EDGE ( 'NONE', *, *, #1652, .F. ) ;
#8418 = VECTOR ( 'NONE', #8336, 1000.000000000000000 ) ;
#8419 = DIRECTION ( 'NONE',  ( 0.000000000000000000, 0.000000000000000000, 1.000000000000000000 ) ) ;
#8420 = AXIS2_PLACEMENT_3D ( 'NONE', #723, #8882, #6670 ) ;
#8421 = VECTOR ( 'NONE', #1025, 1000.000000000000000 ) ;
#8422 = DIRECTION ( 'NONE',  ( 0.000000000000000000, 0.000000000000000000, -1.000000000000000000 ) ) ;
#8423 = EDGE_CURVE ( 'NONE', #5223, #7071, #2993, .T. ) ;
#8424 = DIRECTION ( 'NONE',  ( 0.000000000000000000, 0.000000000000000000, -1.000000000000000000 ) ) ;
#8425 = EDGE_LOOP ( 'NONE', ( #7394, #3538, #7437, #6616 ) ) ;
#8426 =( NAMED_UNIT ( * ) SI_UNIT ( $, .STERADIAN. ) SOLID_ANGLE_UNIT ( ) );
#8427 = CIRCLE ( 'NONE', #4426, 1.000000000000001110 ) ;
#8428 = VERTEX_POINT ( 'NONE', #9101 ) ;
#8429 = LINE ( 'NONE', #7809, #4264 ) ;
#8430 = CARTESIAN_POINT ( 'NONE',  ( -1.333217923193666277, -18.68410722892578590, 28.99999856948849697 ) ) ;
#8431 = CARTESIAN_POINT ( 'NONE',  ( -20.05796506004299573, -14.46722287276003271, 10.50000095367419917 ) ) ;
#8432 = DIRECTION ( 'NONE',  ( -0.2292962573396254977, -0.9733566799329216312, 0.000000000000000000 ) ) ;
#8433 = CIRCLE ( 'NONE', #3056, 25.64999999999999858 ) ;
#8434 = DIRECTION ( 'NONE',  ( 0.000000000000000000, 0.000000000000000000, 1.000000000000000000 ) ) ;
#8435 = EDGE_LOOP ( 'NONE', ( #3572, #1550, #6919, #966 ) ) ;
#8436 = EDGE_CURVE ( 'NONE', #385, #1518, #85, .T. ) ;
#8437 = LINE ( 'NONE', #1142, #1058 ) ;
#8438 = DIRECTION ( 'NONE',  ( 0.000000000000000000, 0.000000000000000000, -1.000000000000000000 ) ) ;
#8439 = DIRECTION ( 'NONE',  ( 0.000000000000000000, 0.000000000000000000, 1.000000000000000000 ) ) ;
#8440 = DIRECTION ( 'NONE',  ( 0.000000000000000000, 0.000000000000000000, -1.000000000000000000 ) ) ;
#8441 = EDGE_CURVE ( 'NONE', #6067, #5900, #7441, .T. ) ;
#8442 = CARTESIAN_POINT ( 'NONE',  ( 8.537185086044409843, -19.78683832264804821, 16.49999856948839749 ) ) ;
#8443 = CARTESIAN_POINT ( 'NONE',  ( -2.499999999999988454, 21.40449719101200543, -4.500000000000158984 ) ) ;
#8444 = DIRECTION ( 'NONE',  ( -1.000000000000000000, 6.123233995736769734E-17, 0.000000000000000000 ) ) ;
#8445 = EDGE_LOOP ( 'NONE', ( #9335, #4946, #1448, #569 ) ) ;
#8446 = ORIENTED_EDGE ( 'NONE', *, *, #7650, .T. ) ;
#8447 = VERTEX_POINT ( 'NONE', #466 ) ;
#8448 = EDGE_CURVE ( 'NONE', #7838, #462, #7433, .T. ) ;
#8449 = ORIENTED_EDGE ( 'NONE', *, *, #3177, .T. ) ;
#8450 = CARTESIAN_POINT ( 'NONE',  ( 14.57455414890831236, 20.78726131738163119, -4.500000000000158984 ) ) ;
#8451 = CARTESIAN_POINT ( 'NONE',  ( 20.78726131738237370, -14.57455414890894474, 12.50000095367419917 ) ) ;
#8452 = CARTESIAN_POINT ( 'NONE',  ( 1.560851926977996351, -25.60246553092204636, 10.50000095367419917 ) ) ;
#8453 = DIRECTION ( 'NONE',  ( 1.000000000000000000, 0.000000000000000000, 0.000000000000000000 ) ) ;
#8454 = AXIS2_PLACEMENT_3D ( 'NONE', #1443, #4321, #2937 ) ;
#8455 = ORIENTED_EDGE ( 'NONE', *, *, #2128, .T. ) ;
#8456 = DIRECTION ( 'NONE',  ( 0.000000000000000000, 0.000000000000000000, -1.000000000000000000 ) ) ;
#8457 = ORIENTED_EDGE ( 'NONE', *, *, #4392, .F. ) ;
#8458 = ADVANCED_FACE ( 'NONE', ( #4918 ), #1087, .T. ) ;
#8459 = ORIENTED_EDGE ( 'NONE', *, *, #6880, .F. ) ;
#8460 = DIRECTION ( 'NONE',  ( 0.000000000000000000, 0.000000000000000000, 1.000000000000000000 ) ) ;
#8461 = EDGE_LOOP ( 'NONE', ( #8597, #4254, #3633, #1961 ) ) ;
#8462 = CARTESIAN_POINT ( 'NONE',  ( -18.68410722892567222, -1.333217923193663612, 0.9999999999998441247 ) ) ;
#8463 = ADVANCED_FACE ( 'NONE', ( #7712 ), #7671, .F. ) ;
#8464 = FACE_OUTER_BOUND ( 'NONE', #4894, .T. ) ;
#8465 = EDGE_CURVE ( 'NONE', #2659, #4660, #4052, .T. ) ;
#8466 = DIRECTION ( 'NONE',  ( -6.123233995736769734E-17, -1.000000000000000000, 0.000000000000000000 ) ) ;
#8467 = ORIENTED_EDGE ( 'NONE', *, *, #989, .T. ) ;
#8468 = DIRECTION ( 'NONE',  ( 0.9733566799329461672, -0.2292962573395214698, 0.000000000000000000 ) ) ;
#8469 = CIRCLE ( 'NONE', #5557, 1.000000000000000444 ) ;
#8470 = EDGE_CURVE ( 'NONE', #3369, #8334, #3341, .T. ) ;
#8471 = ORIENTED_EDGE ( 'NONE', *, *, #5097, .T. ) ;
#8472 = FACE_OUTER_BOUND ( 'NONE', #7012, .T. ) ;
#8473 = DIRECTION ( 'NONE',  ( 6.801708676704649362E-17, 6.085529284608839213E-17, -1.000000000000000000 ) ) ;
#8474 = LINE ( 'NONE', #506, #1617 ) ;
#8475 = CARTESIAN_POINT ( 'NONE',  ( 11.00312125762210869, 22.05796506004198321, 12.50000095367419917 ) ) ;
#8476 = CIRCLE ( 'NONE', #807, 0.9999999999999992228 ) ;
#8477 = EDGE_CURVE ( 'NONE', #6626, #2018, #1235, .T. ) ;
#8478 = CARTESIAN_POINT ( 'NONE',  ( 2.000000000000001776, 17.93885447847687331, 28.99999856948849697 ) ) ;
#8479 = ORIENTED_EDGE ( 'NONE', *, *, #8385, .F. ) ;
#8480 = AXIS2_PLACEMENT_3D ( 'NONE', #3953, #6120, #5440 ) ;
#8481 = LINE ( 'NONE', #9241, #8110 ) ;
#8482 = LINE ( 'NONE', #3252, #2997 ) ;
#8483 = CARTESIAN_POINT ( 'NONE',  ( 0.000000000000000000, 0.000000000000000000, -4.500000000000158984 ) ) ;
#8484 = DIRECTION ( 'NONE',  ( 1.000000000000000000, 0.000000000000000000, 0.000000000000000000 ) ) ;
#8485 = AXIS2_PLACEMENT_3D ( 'NONE', #5024, #7283, #81 ) ;
#8486 = DIRECTION ( 'NONE',  ( -0.000000000000000000, -0.000000000000000000, -1.000000000000000000 ) ) ;
#8487 = CARTESIAN_POINT ( 'NONE',  ( -22.05796506004299573, -11.00312125762203941, -4.500000000000158984 ) ) ;
#8488 = EDGE_CURVE ( 'NONE', #7223, #7655, #5139, .T. ) ;
#8489 = ORIENTED_EDGE ( 'NONE', *, *, #9087, .T. ) ;
#8490 = ORIENTED_EDGE ( 'NONE', *, *, #5010, .F. ) ;
#8491 = EDGE_CURVE ( 'NONE', #3868, #718, #2228, .T. ) ;
#8492 = ORIENTED_EDGE ( 'NONE', *, *, #1796, .T. ) ;
#8493 = VECTOR ( 'NONE', #459, 1000.000000000000000 ) ;
#8494 = ORIENTED_EDGE ( 'NONE', *, *, #5253, .F. ) ;
#8495 = CARTESIAN_POINT ( 'NONE',  ( 1.560851926977996351, -25.60246553092204636, 22.50000000000000000 ) ) ;
#8496 = CARTESIAN_POINT ( 'NONE',  ( -1.384543285148989611, 2.798756847520955660, -10.99999976158160031 ) ) ;
#8497 = DIRECTION ( 'NONE',  ( 0.000000000000000000, 0.000000000000000000, 1.000000000000000000 ) ) ;
#8498 = CARTESIAN_POINT ( 'NONE',  ( 0.000000000000000000, 0.000000000000000000, 28.99999856948849697 ) ) ;
#8499 = AXIS2_PLACEMENT_3D ( 'NONE', #397, #5432, #489 ) ;
#8500 = ORIENTED_EDGE ( 'NONE', *, *, #6640, .T. ) ;
#8501 = CARTESIAN_POINT ( 'NONE',  ( -4.890406913856989668, -3.476193351483969352, 3.999999999999840572 ) ) ;
#8502 = ORIENTED_EDGE ( 'NONE', *, *, #3329, .F. ) ;
#8503 = VECTOR ( 'NONE', #2771, 1000.000000000000000 ) ;
#8504 = ORIENTED_EDGE ( 'NONE', *, *, #1871, .F. ) ;
#8505 = CARTESIAN_POINT ( 'NONE',  ( 22.95281151278270926, 11.44949534515204981, 12.50000095367419917 ) ) ;
#8506 = ORIENTED_EDGE ( 'NONE', *, *, #2252, .T. ) ;
#8507 = CARTESIAN_POINT ( 'NONE',  ( 4.430389469675014347, -12.67365965879607614, -4.500000000000158984 ) ) ;
#8508 = CARTESIAN_POINT ( 'NONE',  ( 0.000000000000000000, 0.000000000000000000, 12.50000095367419917 ) ) ;
#8509 = EDGE_CURVE ( 'NONE', #7655, #2919, #8972, .T. ) ;
#8510 = DIRECTION ( 'NONE',  ( -0.9733566799329479435, -0.2292962573395145309, 0.000000000000000000 ) ) ;
#8511 = EDGE_CURVE ( 'NONE', #914, #5219, #2761, .T. ) ;
#8512 = LINE ( 'NONE', #7845, #6807 ) ;
#8513 = CIRCLE ( 'NONE', #4675, 1.000000000000000222 ) ;
#8514 = VERTEX_POINT ( 'NONE', #4378 ) ;
#8515 = PLANE ( 'NONE',  #420 ) ;
#8516 = VECTOR ( 'NONE', #6708, 1000.000000000000000 ) ;
#8517 = ORIENTED_EDGE ( 'NONE', *, *, #788, .T. ) ;
#8518 = ORIENTED_EDGE ( 'NONE', *, *, #799, .T. ) ;
#8519 = DIRECTION ( 'NONE',  ( 0.000000000000000000, 0.000000000000000000, -1.000000000000000000 ) ) ;
#8520 = CIRCLE ( 'NONE', #7451, 1.000000000000000888 ) ;
#8521 = FACE_OUTER_BOUND ( 'NONE', #6450, .T. ) ;
#8522 = AXIS2_PLACEMENT_3D ( 'NONE', #59, #5904, #8836 ) ;
#8523 = DIRECTION ( 'NONE',  ( -0.4999999999999998890, 0.8660254037844387076, 0.000000000000000000 ) ) ;
#8524 = DIRECTION ( 'NONE',  ( 0.006021925003847166530, -0.9999818680452400299, 0.000000000000000000 ) ) ;
#8525 = ORIENTED_EDGE ( 'NONE', *, *, #9281, .F. ) ;
#8526 = CIRCLE ( 'NONE', #4377, 1.000000000000000444 ) ;
#8527 = CARTESIAN_POINT ( 'NONE',  ( 10.13709585383770673, -22.55796506004303836, 10.50000095367419917 ) ) ;
#8528 = CARTESIAN_POINT ( 'NONE',  ( -18.68410722892567222, -1.333217923193662724, -10.99999976158160031 ) ) ;
#8529 = FACE_OUTER_BOUND ( 'NONE', #7582, .T. ) ;
#8530 = CARTESIAN_POINT ( 'NONE',  ( -13.60119746897600557, -20.55796506004303836, 10.50000095367419917 ) ) ;
#8531 = CIRCLE ( 'NONE', #7924, 1.000000000000000888 ) ;
#8532 = CARTESIAN_POINT ( 'NONE',  ( -22.05796506004299573, -11.00312125762203941, 12.50000095367419917 ) ) ;
#8533 = DIRECTION ( 'NONE',  ( 0.000000000000000000, 0.000000000000000000, -1.000000000000000000 ) ) ;
#8534 = ADVANCED_FACE ( 'NONE', ( #7228 ), #4240, .T. ) ;
#8535 = EDGE_LOOP ( 'NONE', ( #2503, #7933, #3383, #7954 ) ) ;
#8536 = ORIENTED_EDGE ( 'NONE', *, *, #8997, .T. ) ;
#8537 = AXIS2_PLACEMENT_3D ( 'NONE', #7171, #501, #1178 ) ;
#8538 = AXIS2_PLACEMENT_3D ( 'NONE', #1063, #1686, #2352 ) ;
#8539 = ORIENTED_EDGE ( 'NONE', *, *, #9382, .F. ) ;
#8540 = ORIENTED_EDGE ( 'NONE', *, *, #8375, .T. ) ;
#8541 = DIRECTION ( 'NONE',  ( -0.6852547238153542386, -0.7283034830952977989, 0.000000000000000000 ) ) ;
#8542 = CARTESIAN_POINT ( 'NONE',  ( -3.047601356036988562, -10.27860038987304847, 22.50000000000000000 ) ) ;
#8543 = DIRECTION ( 'NONE',  ( 1.000000000000000000, 0.000000000000000000, 0.000000000000000000 ) ) ;
#8544 = AXIS2_PLACEMENT_3D ( 'NONE', #3209, #7430, #904 ) ;
#8545 = LINE ( 'NONE', #6875, #9283 ) ;
#8546 = VERTEX_POINT ( 'NONE', #1409 ) ;
#8547 = DIRECTION ( 'NONE',  ( 0.000000000000000000, 0.000000000000000000, 1.000000000000000000 ) ) ;
#8548 = EDGE_LOOP ( 'NONE', ( #5087, #740, #1844, #2804 ) ) ;
#8549 = CIRCLE ( 'NONE', #8703, 21.55000000000000071 ) ;
#8550 = ORIENTED_EDGE ( 'NONE', *, *, #3661, .T. ) ;
#8551 = DIRECTION ( 'NONE',  ( 0.2292962573396709614, -0.9733566799329110841, 0.000000000000000000 ) ) ;
#8552 = ORIENTED_EDGE ( 'NONE', *, *, #8272, .T. ) ;
#8553 = CARTESIAN_POINT ( 'NONE',  ( -10.71501930150438220, 23.01556480047699438, 10.50000095367419917 ) ) ;
#8554 = CARTESIAN_POINT ( 'NONE',  ( -20.78726131738262239, -14.57455414890895717, 5.500000953674160087 ) ) ;
#8555 = CARTESIAN_POINT ( 'NONE',  ( 0.000000000000000000, 0.000000000000000000, 22.50000000000000000 ) ) ;
#8556 = EDGE_CURVE ( 'NONE', #3895, #2943, #2908, .T. ) ;
#8557 = CYLINDRICAL_SURFACE ( 'NONE', #826, 1.000000000000001110 ) ;
#8558 = ORIENTED_EDGE ( 'NONE', *, *, #6866, .F. ) ;
#8559 = AXIS2_PLACEMENT_3D ( 'NONE', #2476, #1896, #3239 ) ;
#8560 = FACE_OUTER_BOUND ( 'NONE', #4309, .T. ) ;
#8561 = EDGE_CURVE ( 'NONE', #7542, #4311, #8754, .T. ) ;
#8562 = EDGE_CURVE ( 'NONE', #5082, #4972, #1317, .T. ) ;
#8563 = CIRCLE ( 'NONE', #6572, 19.05000000000000071 ) ;
#8564 = CIRCLE ( 'NONE', #6574, 0.9999999999999998890 ) ;
#8565 = ORIENTED_EDGE ( 'NONE', *, *, #8692, .T. ) ;
#8566 = ORIENTED_EDGE ( 'NONE', *, *, #974, .F. ) ;
#8567 = DIRECTION ( 'NONE',  ( 0.000000000000000000, 0.000000000000000000, -1.000000000000000000 ) ) ;
#8568 = LINE ( 'NONE', #6408, #9332 ) ;
#8569 = DIRECTION ( 'NONE',  ( 1.000000000000000000, 0.000000000000000000, 0.000000000000000000 ) ) ;
#8570 = CARTESIAN_POINT ( 'NONE',  ( -22.95281151278301479, 11.44949534515204981, 10.50000095367419917 ) ) ;
#8571 = VECTOR ( 'NONE', #3152, 1000.000000000000000 ) ;
#8572 = ORIENTED_EDGE ( 'NONE', *, *, #1300, .F. ) ;
#8573 = EDGE_CURVE ( 'NONE', #6790, #7330, #1500, .T. ) ;
#8574 = CARTESIAN_POINT ( 'NONE',  ( 20.05796506004260848, -14.46722287276003271, -4.500000000000158984 ) ) ;
#8575 = AXIS2_PLACEMENT_3D ( 'NONE', #5700, #6617, #8817 ) ;
#8576 = FACE_OUTER_BOUND ( 'NONE', #2608, .T. ) ;
#8577 = CARTESIAN_POINT ( 'NONE',  ( 17.28683832264900389, 12.86731210496694366, 5.500000953674160087 ) ) ;
#8578 = CARTESIAN_POINT ( 'NONE',  ( 0.000000000000000000, 0.000000000000000000, 12.50000095367419917 ) ) ;
#8579 = CARTESIAN_POINT ( 'NONE',  ( 6.683765968360705578, -8.097979530734100706, -10.99999976158160031 ) ) ;
#8580 = EDGE_CURVE ( 'NONE', #3087, #2522, #5604, .T. ) ;
#8581 = DIRECTION ( 'NONE',  ( -0.9733566799329479435, -0.2292962573395145309, 0.000000000000000000 ) ) ;
#8582 = EDGE_CURVE ( 'NONE', #2363, #5588, #7295, .T. ) ;
#8583 = VERTEX_POINT ( 'NONE', #554 ) ;
#8584 = EDGE_LOOP ( 'NONE', ( #3459, #5933, #1154, #9380 ) ) ;
#8585 = VERTEX_POINT ( 'NONE', #7131 ) ;
#8586 = VERTEX_POINT ( 'NONE', #9376 ) ;
#8587 = CARTESIAN_POINT ( 'NONE',  ( -20.78726131738262239, -14.57455414890895717, 12.50000095367419917 ) ) ;
#8588 = EDGE_CURVE ( 'NONE', #4301, #3895, #6834, .T. ) ;
#8589 = DIRECTION ( 'NONE',  ( 0.9575997404350280462, 0.2881019561175639510, 0.000000000000000000 ) ) ;
#8590 = FACE_OUTER_BOUND ( 'NONE', #4325, .T. ) ;
#8591 = ORIENTED_EDGE ( 'NONE', *, *, #8491, .F. ) ;
#8592 = EDGE_CURVE ( 'NONE', #5421, #4139, #8710, .T. ) ;
#8593 = CARTESIAN_POINT ( 'NONE',  ( 0.000000000000000000, 0.000000000000000000, 28.99999856948849697 ) ) ;
#8594 = ORIENTED_EDGE ( 'NONE', *, *, #6805, .F. ) ;
#8595 = EDGE_LOOP ( 'NONE', ( #1497, #1004, #6066, #162, #6812, #438, #4520, #9249 ) ) ;
#8596 = DIRECTION ( 'NONE',  ( 0.000000000000000000, 0.000000000000000000, -1.000000000000000000 ) ) ;
#8597 = ORIENTED_EDGE ( 'NONE', *, *, #4632, .F. ) ;
#8598 = CARTESIAN_POINT ( 'NONE',  ( 2.110803324100005263, -18.93269683185605601, -10.99999976158160031 ) ) ;
#8599 = FACE_OUTER_BOUND ( 'NONE', #6771, .T. ) ;
#8600 = AXIS2_PLACEMENT_3D ( 'NONE', #193, #2451, #1623 ) ;
#8601 = LINE ( 'NONE', #7844, #2060 ) ;
#8602 = PLANE ( 'NONE',  #1704 ) ;
#8603 = FACE_OUTER_BOUND ( 'NONE', #8221, .T. ) ;
#8604 = ORIENTED_EDGE ( 'NONE', *, *, #4564, .F. ) ;
#8605 = PRESENTATION_STYLE_ASSIGNMENT (( #6403 ) ) ;
#8606 = ADVANCED_FACE ( 'NONE', ( #8660 ), #7951, .T. ) ;
#8607 = AXIS2_PLACEMENT_3D ( 'NONE', #2740, #2927, #5849 ) ;
#8608 = ORIENTED_EDGE ( 'NONE', *, *, #8610, .T. ) ;
#8609 = EDGE_LOOP ( 'NONE', ( #8783, #599, #5274, #6134 ) ) ;
#8610 = EDGE_CURVE ( 'NONE', #1220, #5618, #6551, .T. ) ;
#8611 = CYLINDRICAL_SURFACE ( 'NONE', #2273, 0.9999999999999998890 ) ;
#8612 = AXIS2_PLACEMENT_3D ( 'NONE', #4780, #6446, #8025 ) ;
#8613 = CARTESIAN_POINT ( 'NONE',  ( -3.236245269559040239, -1.894522777708608441, 28.99999856948849697 ) ) ;
#8614 = CARTESIAN_POINT ( 'NONE',  ( 20.05796506004260848, -14.46722287276003271, 5.500000953674160087 ) ) ;
#8615 = DIRECTION ( 'NONE',  ( 0.000000000000000000, 0.000000000000000000, 1.000000000000000000 ) ) ;
#8616 = DIRECTION ( 'NONE',  ( 0.000000000000000000, 0.000000000000000000, -1.000000000000000000 ) ) ;
#8617 = ORIENTED_EDGE ( 'NONE', *, *, #1918, .F. ) ;
#8618 = EDGE_CURVE ( 'NONE', #9233, #5784, #28, .T. ) ;
#8619 = DIRECTION ( 'NONE',  ( 1.000000000000000000, 0.000000000000000000, 0.000000000000000000 ) ) ;
#8620 = CIRCLE ( 'NONE', #1733, 25.64999999999999858 ) ;
#8621 = DIRECTION ( 'NONE',  ( -0.2881019561176437760, -0.9575997404350040654, 0.000000000000000000 ) ) ;
#8622 = CARTESIAN_POINT ( 'NONE',  ( -25.28957345041323279, 2.228303483095336102, 10.50000095367419917 ) ) ;
#8623 = CYLINDRICAL_SURFACE ( 'NONE', #3030, 0.9999999999999992228 ) ;
#8624 = CARTESIAN_POINT ( 'NONE',  ( 11.27047208607710793, -14.09889921082407938, -10.99999976158160031 ) ) ;
#8625 = CIRCLE ( 'NONE', #6014, 1.000000000000000888 ) ;
#8626 = FACE_OUTER_BOUND ( 'NONE', #8676, .T. ) ;
#8627 = EDGE_CURVE ( 'NONE', #6390, #2619, #5909, .T. ) ;
#8628 = VERTEX_POINT ( 'NONE', #2221 ) ;
#8629 = ORIENTED_EDGE ( 'NONE', *, *, #2169, .F. ) ;
#8630 = VERTEX_POINT ( 'NONE', #2040 ) ;
#8631 = ADVANCED_FACE ( 'NONE', ( #9419 ), #2855, .T. ) ;
#8632 = DIRECTION ( 'NONE',  ( -0.2881019561176164645, 0.9575997404350123920, 0.000000000000000000 ) ) ;
#8633 = EDGE_LOOP ( 'NONE', ( #9208, #2551, #4439, #7333 ) ) ;
#8634 = LINE ( 'NONE', #7971, #2278 ) ;
#8635 = CARTESIAN_POINT ( 'NONE',  ( 22.05796506004260848, -11.00312125762303950, 10.50000095367419917 ) ) ;
#8636 = FACE_OUTER_BOUND ( 'NONE', #4393, .T. ) ;
#8637 = AXIS2_PLACEMENT_3D ( 'NONE', #1558, #2959, #6514 ) ;
#8638 = VERTEX_POINT ( 'NONE', #3085 ) ;
#8639 = CARTESIAN_POINT ( 'NONE',  ( 0.000000000000000000, 0.000000000000000000, 22.50000000000000000 ) ) ;
#8640 = EDGE_CURVE ( 'NONE', #1230, #6327, #9280, .T. ) ;
#8641 = EDGE_LOOP ( 'NONE', ( #1365, #7740, #1516, #6622 ) ) ;
#8642 = ORIENTED_EDGE ( 'NONE', *, *, #2438, .F. ) ;
#8643 = DIRECTION ( 'NONE',  ( 0.000000000000000000, 0.000000000000000000, -1.000000000000000000 ) ) ;
#8644 = VERTEX_POINT ( 'NONE', #8991 ) ;
#8645 = ADVANCED_FACE ( 'NONE', ( #1699 ), #3853, .F. ) ;
#8646 = DIRECTION ( 'NONE',  ( -0.8660254037844387076, 0.4999999999999998890, 0.000000000000000000 ) ) ;
#8647 = DIRECTION ( 'NONE',  ( 0.2881019561176164645, 0.9575997404350123920, 0.000000000000000000 ) ) ;
#8648 = AXIS2_PLACEMENT_3D ( 'NONE', #9190, #5582, #5493 ) ;
#8649 = CARTESIAN_POINT ( 'NONE',  ( 14.46722287275990837, 20.05796506004198321, 22.50000000000000000 ) ) ;
#8650 = CARTESIAN_POINT ( 'NONE',  ( 12.59039324045760289, -16.80720077974506665, 16.50000095367419917 ) ) ;
#8651 = CARTESIAN_POINT ( 'NONE',  ( 10.27860038987210523, -3.047601356036988562, 12.50000095367419917 ) ) ;
#8652 = DIRECTION ( 'NONE',  ( 0.9575997404350280462, 0.2881019561175639510, 0.000000000000000000 ) ) ;
#8653 = VERTEX_POINT ( 'NONE', #8172 ) ;
#8654 = DIRECTION ( 'NONE',  ( 1.000000000000000000, 0.000000000000000000, 0.000000000000000000 ) ) ;
#8655 = CIRCLE ( 'NONE', #9415, 1.000000000000001776 ) ;
#8656 = ORIENTED_EDGE ( 'NONE', *, *, #6181, .T. ) ;
#8657 = VERTEX_POINT ( 'NONE', #5196 ) ;
#8658 = DIRECTION ( 'NONE',  ( 0.000000000000000000, 0.000000000000000000, -1.000000000000000000 ) ) ;
#8659 = CARTESIAN_POINT ( 'NONE',  ( 1.500000000000001332, 24.60431872659696495, 12.50000095367419917 ) ) ;
#8660 = FACE_OUTER_BOUND ( 'NONE', #1685, .T. ) ;
#8661 = AXIS2_PLACEMENT_3D ( 'NONE', #1600, #883, #3815 ) ;
#8662 = CARTESIAN_POINT ( 'NONE',  ( 11.00312125762210869, -22.05796506004298152, 5.500000953674160087 ) ) ;
#8663 = ADVANCED_FACE ( 'NONE', ( #8941 ), #5967, .T. ) ;
#8664 = ORIENTED_EDGE ( 'NONE', *, *, #5832, .F. ) ;
#8665 = AXIS2_PLACEMENT_3D ( 'NONE', #1136, #4193, #325 ) ;
#8666 = VECTOR ( 'NONE', #4080, 1000.000000000000000 ) ;
#8667 = CYLINDRICAL_SURFACE ( 'NONE', #179, 1.000000000000000666 ) ;
#8668 = CARTESIAN_POINT ( 'NONE',  ( -1.560851926977996351, -25.60246553092204636, -4.500000000000158984 ) ) ;
#8669 = DIRECTION ( 'NONE',  ( 0.7283034830954154826, 0.6852547238152291165, 0.000000000000000000 ) ) ;
#8670 = CARTESIAN_POINT ( 'NONE',  ( 22.95281151278260978, -11.44949534515304990, 10.50000095367419917 ) ) ;
#8671 = FACE_OUTER_BOUND ( 'NONE', #169, .T. ) ;
#8672 = FACE_OUTER_BOUND ( 'NONE', #2197, .T. ) ;
#8673 = EDGE_CURVE ( 'NONE', #517, #5784, #2998, .T. ) ;
#8674 = VECTOR ( 'NONE', #8381, 1000.000000000000000 ) ;
#8675 = AXIS2_PLACEMENT_3D ( 'NONE', #274, #1604, #7471 ) ;
#8676 = EDGE_LOOP ( 'NONE', ( #5559, #7367, #8689, #7900 ) ) ;
#8677 = ORIENTED_EDGE ( 'NONE', *, *, #2044, .T. ) ;
#8678 = ORIENTED_EDGE ( 'NONE', *, *, #1963, .F. ) ;
#8679 = ADVANCED_FACE ( 'NONE', ( #6119 ), #7411, .T. ) ;
#8680 = ADVANCED_FACE ( 'NONE', ( #3751 ), #5915, .F. ) ;
#8681 = AXIS2_PLACEMENT_3D ( 'NONE', #2862, #5834, #699 ) ;
#8682 = CARTESIAN_POINT ( 'NONE',  ( 2.500000000000002220, 21.40449719101100712, 16.49999856948839749 ) ) ;
#8683 = ORIENTED_EDGE ( 'NONE', *, *, #6244, .T. ) ;
#8684 = DIRECTION ( 'NONE',  ( 0.000000000000000000, 0.000000000000000000, -1.000000000000000000 ) ) ;
#8685 = DIRECTION ( 'NONE',  ( 0.000000000000000000, 0.000000000000000000, 1.000000000000000000 ) ) ;
#8686 = MECHANICAL_DESIGN_GEOMETRIC_PRESENTATION_REPRESENTATION (  '', ( #6546 ), #3623 ) ;
#8687 = CARTESIAN_POINT ( 'NONE',  ( 10.17365965879581147, -8.760516488597991369, 5.500000953674160087 ) ) ;
#8688 = AXIS2_PLACEMENT_3D ( 'NONE', #1490, #2260, #5953 ) ;
#8689 = ORIENTED_EDGE ( 'NONE', *, *, #1703, .F. ) ;
#8690 = LINE ( 'NONE', #9402, #7083 ) ;
#8691 = EDGE_LOOP ( 'NONE', ( #4133, #9092, #4876, #5442, #6982, #6596, #8061, #8617 ) ) ;
#8692 = EDGE_CURVE ( 'NONE', #8585, #8967, #1010, .T. ) ;
#8693 = EDGE_LOOP ( 'NONE', ( #5884, #5961, #8558, #7161, #1739, #8186, #5257, #8899 ) ) ;
#8694 = DIRECTION ( 'NONE',  ( 0.000000000000000000, 0.000000000000000000, 1.000000000000000000 ) ) ;
#8695 = CIRCLE ( 'NONE', #426, 19.05000000000000071 ) ;
#8696 = ORIENTED_EDGE ( 'NONE', *, *, #1688, .T. ) ;
#8697 = DIRECTION ( 'NONE',  ( 1.000000000000000000, 0.000000000000000000, 0.000000000000000000 ) ) ;
#8698 = DIRECTION ( 'NONE',  ( -0.7283034830954149275, 0.6852547238152297826, 0.000000000000000000 ) ) ;
#8699 = DIRECTION ( 'NONE',  ( 0.2292962573396013781, 0.9733566799329275154, 0.000000000000000000 ) ) ;
#8700 = EDGE_CURVE ( 'NONE', #2502, #5116, #7554, .T. ) ;
#8701 = CARTESIAN_POINT ( 'NONE',  ( 12.86731210496690281, 17.28683832264898967, -4.500000000000158984 ) ) ;
#8702 = CYLINDRICAL_SURFACE ( 'NONE', #9374, 19.05000000000000071 ) ;
#8703 = AXIS2_PLACEMENT_3D ( 'NONE', #4199, #4249, #2630 ) ;
#8704 = DIRECTION ( 'NONE',  ( -1.000000000000000000, 0.000000000000000000, 0.000000000000000000 ) ) ;
#8705 = VERTEX_POINT ( 'NONE', #4571 ) ;
#8706 = CIRCLE ( 'NONE', #5330, 21.55000000000000071 ) ;
#8707 = ORIENTED_EDGE ( 'NONE', *, *, #2825, .T. ) ;
#8708 = DIRECTION ( 'NONE',  ( 1.000000000000000000, 0.000000000000000000, 0.000000000000000000 ) ) ;
#8709 = AXIS2_PLACEMENT_3D ( 'NONE', #9358, #8694, #6486 ) ;
#8710 = LINE ( 'NONE', #1452, #2697 ) ;
#8711 = CARTESIAN_POINT ( 'NONE',  ( 10.17365965879590917, -8.760516488597991369, -4.500000000000158984 ) ) ;
#8712 = ORIENTED_EDGE ( 'NONE', *, *, #1977, .T. ) ;
#8713 = VECTOR ( 'NONE', #1273, 1000.000000000000114 ) ;
#8714 = DIRECTION ( 'NONE',  ( 0.000000000000000000, 0.000000000000000000, -1.000000000000000000 ) ) ;
#8715 = DIRECTION ( 'NONE',  ( 0.000000000000000000, 0.000000000000000000, 1.000000000000000000 ) ) ;
#8716 = LINE ( 'NONE', #745, #2243 ) ;
#8717 = CARTESIAN_POINT ( 'NONE',  ( -1.999999999999988010, -17.93885447847809544, 28.99999856948849697 ) ) ;
#8718 = FACE_OUTER_BOUND ( 'NONE', #3247, .T. ) ;
#8719 = CARTESIAN_POINT ( 'NONE',  ( 19.30720077974440585, -8.260266221536083364, 16.50000095367419917 ) ) ;
#8720 = AXIS2_PLACEMENT_3D ( 'NONE', #3934, #2402, #4705 ) ;
#8721 = DIRECTION ( 'NONE',  ( 0.000000000000000000, 0.000000000000000000, -1.000000000000000000 ) ) ;
#8722 = AXIS2_PLACEMENT_3D ( 'NONE', #5289, #2990, #5195 ) ;
#8723 = ORIENTED_EDGE ( 'NONE', *, *, #3619, .F. ) ;
#8724 = ORIENTED_EDGE ( 'NONE', *, *, #4655, .F. ) ;
#8725 = EDGE_CURVE ( 'NONE', #5530, #894, #6523, .T. ) ;
#8726 = AXIS2_PLACEMENT_3D ( 'NONE', #9396, #1475, #2826 ) ;
#8727 = ORIENTED_EDGE ( 'NONE', *, *, #445, .T. ) ;
#8728 = EDGE_CURVE ( 'NONE', #786, #6179, #550, .T. ) ;
#8729 = DIRECTION ( 'NONE',  ( 0.000000000000000000, 0.000000000000000000, -1.000000000000000000 ) ) ;
#8730 = DIRECTION ( 'NONE',  ( 0.000000000000000000, 0.000000000000000000, 1.000000000000000000 ) ) ;
#8731 = DIRECTION ( 'NONE',  ( 0.000000000000000000, 0.000000000000000000, -1.000000000000000000 ) ) ;
#8732 = CARTESIAN_POINT ( 'NONE',  ( -2.958039891549995914, 1.000000000000000888, 28.99999856948849697 ) ) ;
#8733 = ORIENTED_EDGE ( 'NONE', *, *, #840, .T. ) ;
#8734 = CARTESIAN_POINT ( 'NONE',  ( 10.17365965879590917, -8.760516488597991369, 22.50000000000000000 ) ) ;
#8735 = EDGE_CURVE ( 'NONE', #4189, #764, #8520, .T. ) ;
#8736 = ORIENTED_EDGE ( 'NONE', *, *, #6285, .T. ) ;
#8737 = ORIENTED_EDGE ( 'NONE', *, *, #555, .T. ) ;
#8738 = CYLINDRICAL_SURFACE ( 'NONE', #5796, 1.000000000000000666 ) ;
#8739 = ORIENTED_EDGE ( 'NONE', *, *, #7837, .F. ) ;
#8740 = CARTESIAN_POINT ( 'NONE',  ( 14.57455414890835677, -20.78726131738255845, 12.50000095367419917 ) ) ;
#8741 = DIRECTION ( 'NONE',  ( 0.000000000000000000, 0.000000000000000000, -1.000000000000000000 ) ) ;
#8742 = FACE_OUTER_BOUND ( 'NONE', #3161, .T. ) ;
#8743 = FACE_OUTER_BOUND ( 'NONE', #6781, .T. ) ;
#8744 = CARTESIAN_POINT ( 'NONE',  ( -11.44949534515299305, -22.95281151278305742, 10.50000095367419917 ) ) ;
#8745 = CARTESIAN_POINT ( 'NONE',  ( -14.09889921082299580, 11.27047208607690010, -10.99999976158160031 ) ) ;
#8746 = EDGE_CURVE ( 'NONE', #3380, #3738, #5292, .T. ) ;
#8747 = ORIENTED_EDGE ( 'NONE', *, *, #5200, .F. ) ;
#8748 = VERTEX_POINT ( 'NONE', #212 ) ;
#8749 = ORIENTED_EDGE ( 'NONE', *, *, #5298, .F. ) ;
#8750 = EDGE_CURVE ( 'NONE', #7509, #3335, #1778, .T. ) ;
#8751 = AXIS2_PLACEMENT_3D ( 'NONE', #8201, #953, #6665 ) ;
#8752 = CARTESIAN_POINT ( 'NONE',  ( -1.000000000000000888, -17.93885447847809544, 28.99999856948849697 ) ) ;
#8753 = EDGE_CURVE ( 'NONE', #8428, #1484, #3310, .T. ) ;
#8754 = LINE ( 'NONE', #4291, #8204 ) ;
#8755 = DIRECTION ( 'NONE',  ( 1.000000000000000000, 0.000000000000000000, 0.000000000000000000 ) ) ;
#8756 = CIRCLE ( 'NONE', #4615, 21.55000000000000071 ) ;
#8757 = VERTEX_POINT ( 'NONE', #3184 ) ;
#8758 = EDGE_CURVE ( 'NONE', #8546, #6214, #93, .T. ) ;
#8759 = DIRECTION ( 'NONE',  ( 0.000000000000000000, 0.000000000000000000, 1.000000000000000000 ) ) ;
#8760 = DIRECTION ( 'NONE',  ( 0.4999999999999998890, -0.8660254037844387076, 0.000000000000000000 ) ) ;
#8761 = CARTESIAN_POINT ( 'NONE',  ( -18.68410722892578946, 1.333217923193794618, 0.9999999999998441247 ) ) ;
#8762 = CARTESIAN_POINT ( 'NONE',  ( 20.05796506004270441, -14.46722287276003271, 10.50000095367419917 ) ) ;
#8763 = DIRECTION ( 'NONE',  ( 0.000000000000000000, 0.000000000000000000, -1.000000000000000000 ) ) ;
#8764 = DIRECTION ( 'NONE',  ( 0.4999999999999998890, 0.8660254037844387076, 0.000000000000000000 ) ) ;
#8765 = EDGE_CURVE ( 'NONE', #2525, #6413, #67, .T. ) ;
#8766 = CARTESIAN_POINT ( 'NONE',  ( -10.13709585383799983, 22.55796506004192992, 5.500000953674160087 ) ) ;
#8767 = ORIENTED_EDGE ( 'NONE', *, *, #8005, .F. ) ;
#8768 = ORIENTED_EDGE ( 'NONE', *, *, #8509, .F. ) ;
#8769 = ORIENTED_EDGE ( 'NONE', *, *, #3823, .T. ) ;
#8770 = DIRECTION ( 'NONE',  ( -0.6852547238153542386, -0.7283034830952977989, 0.000000000000000000 ) ) ;
#8771 = CARTESIAN_POINT ( 'NONE',  ( -21.39195958580499024, -14.15297018576999832, 12.50000095367419917 ) ) ;
#8772 = DIRECTION ( 'NONE',  ( 0.000000000000000000, 0.000000000000000000, -1.000000000000000000 ) ) ;
#8773 = EDGE_CURVE ( 'NONE', #755, #9080, #8369, .T. ) ;
#8774 = VECTOR ( 'NONE', #1867, 1000.000000000000000 ) ;
#8775 = DIRECTION ( 'NONE',  ( 1.000000000000000000, 0.000000000000000000, 0.000000000000000000 ) ) ;
#8776 = EDGE_CURVE ( 'NONE', #6487, #300, #2704, .T. ) ;
#8777 = VERTEX_POINT ( 'NONE', #7079 ) ;
#8778 = CARTESIAN_POINT ( 'NONE',  ( -3.047601356036988562, -10.27860038987304847, -4.500000000000158984 ) ) ;
#8779 = ORIENTED_EDGE ( 'NONE', *, *, #125, .T. ) ;
#8780 = EDGE_CURVE ( 'NONE', #3958, #5424, #3607, .T. ) ;
#8781 = ORIENTED_EDGE ( 'NONE', *, *, #3449, .T. ) ;
#8782 = DIRECTION ( 'NONE',  ( -0.7071067811865474617, 0.7071067811865474617, 0.000000000000000000 ) ) ;
#8783 = ORIENTED_EDGE ( 'NONE', *, *, #1541, .T. ) ;
#8784 = DIRECTION ( 'NONE',  ( 0.000000000000000000, 0.000000000000000000, 1.000000000000000000 ) ) ;
#8785 = DIRECTION ( 'NONE',  ( 1.000000000000000000, 0.000000000000000000, 0.000000000000000000 ) ) ;
#8786 = CARTESIAN_POINT ( 'NONE',  ( 21.40449719101190951, 2.499999999999946709, -4.500000000000158984 ) ) ;
#8787 = EDGE_CURVE ( 'NONE', #9259, #1061, #4860, .T. ) ;
#8788 = FACE_OUTER_BOUND ( 'NONE', #832, .T. ) ;
#8789 = CARTESIAN_POINT ( 'NONE',  ( 25.60246553092200728, -1.560851926977968596, 12.50000095367419917 ) ) ;
#8790 = DIRECTION ( 'NONE',  ( 0.000000000000000000, 0.000000000000000000, -1.000000000000000000 ) ) ;
#8791 = VERTEX_POINT ( 'NONE', #1744 ) ;
#8792 = EDGE_CURVE ( 'NONE', #6980, #1973, #3328, .T. ) ;
#8793 = EDGE_LOOP ( 'NONE', ( #968, #4551, #6717, #3552 ) ) ;
#8794 = ORIENTED_EDGE ( 'NONE', *, *, #633, .F. ) ;
#8795 = CIRCLE ( 'NONE', #5272, 1.500000000000000222 ) ;
#8796 = DIRECTION ( 'NONE',  ( -0.2292962573396254977, -0.9733566799329216312, 0.000000000000000000 ) ) ;
#8797 = EDGE_CURVE ( 'NONE', #4135, #3402, #1849, .T. ) ;
#8798 = DIRECTION ( 'NONE',  ( 0.000000000000000000, 0.000000000000000000, -1.000000000000000000 ) ) ;
#8799 = DIRECTION ( 'NONE',  ( -0.9984594016228911517, -0.05548714545602558001, 0.000000000000000000 ) ) ;
#8800 = CIRCLE ( 'NONE', #8499, 21.55000000000000071 ) ;
#8801 = VERTEX_POINT ( 'NONE', #1889 ) ;
#8802 = DIRECTION ( 'NONE',  ( 0.6667820768063215109, -0.7452527504476912368, 0.000000000000000000 ) ) ;
#8803 = DIRECTION ( 'NONE',  ( -0.8660254037844387076, -0.4999999999999998890, 0.000000000000000000 ) ) ;
#8804 = EDGE_CURVE ( 'NONE', #645, #1503, #9089, .T. ) ;
#8806 = DIRECTION ( 'NONE',  ( 0.000000000000000000, 0.000000000000000000, -1.000000000000000000 ) ) ;
#8805 = CIRCLE ( 'NONE', #1447, 1.000000000000000444 ) ;
#8807 = CARTESIAN_POINT ( 'NONE',  ( -24.60431872659797747, -1.500000000000056843, 5.500000953674160087 ) ) ;
#8808 = CARTESIAN_POINT ( 'NONE',  ( 1.500000000000001332, -24.60431872659807340, -4.500000000000158984 ) ) ;
#8809 = DIRECTION ( 'NONE',  ( -0.000000000000000000, 1.000000000000000000, 0.000000000000000000 ) ) ;
#8810 = DIRECTION ( 'NONE',  ( 0.000000000000000000, 0.000000000000000000, -1.000000000000000000 ) ) ;
#8811 = VERTEX_POINT ( 'NONE', #1798 ) ;
#8812 = ORIENTED_EDGE ( 'NONE', *, *, #6805, .T. ) ;
#8813 = VECTOR ( 'NONE', #3819, 1000.000000000000000 ) ;
#8814 = ORIENTED_EDGE ( 'NONE', *, *, #3708, .T. ) ;
#8815 = EDGE_LOOP ( 'NONE', ( #7344, #5798, #2791, #9239 ) ) ;
#8816 = VECTOR ( 'NONE', #7481, 1000.000000000000000 ) ;
#8817 = DIRECTION ( 'NONE',  ( 1.000000000000000000, 0.000000000000000000, 0.000000000000000000 ) ) ;
#8818 = DIRECTION ( 'NONE',  ( -0.9575997404349968489, -0.2881019561176680344, 0.000000000000000000 ) ) ;
#8819 = AXIS2_PLACEMENT_3D ( 'NONE', #3973, #6909, #4113 ) ;
#8820 = CARTESIAN_POINT ( 'NONE',  ( 10.17365965879581147, -8.760516488597991369, 12.50000095367419917 ) ) ;
#8821 = AXIS2_PLACEMENT_3D ( 'NONE', #263, #927, #6784 ) ;
#8822 = VECTOR ( 'NONE', #2407, 1000.000000000000114 ) ;
#8823 = EDGE_CURVE ( 'NONE', #3416, #1482, #2853, .T. ) ;
#8824 = FACE_OUTER_BOUND ( 'NONE', #3176, .T. ) ;
#8825 = ORIENTED_EDGE ( 'NONE', *, *, #3619, .T. ) ;
#8826 = VERTEX_POINT ( 'NONE', #9189 ) ;
#8827 = LINE ( 'NONE', #8151, #26 ) ;
#8828 = AXIS2_PLACEMENT_3D ( 'NONE', #2027, #2074, #678 ) ;
#8829 = ORIENTED_EDGE ( 'NONE', *, *, #7905, .F. ) ;
#8830 = VERTEX_POINT ( 'NONE', #6984 ) ;
#8831 = CARTESIAN_POINT ( 'NONE',  ( -2.499999999999988454, -13.19090595827310253, -4.500000000000158984 ) ) ;
#8832 = ORIENTED_EDGE ( 'NONE', *, *, #4861, .T. ) ;
#8833 = LINE ( 'NONE', #7353, #3325 ) ;
#8834 = CARTESIAN_POINT ( 'NONE',  ( -25.28957345041323279, 2.228303483095336102, 10.50000095367419917 ) ) ;
#8835 = AXIS2_PLACEMENT_3D ( 'NONE', #6698, #2478, #2375 ) ;
#8836 = DIRECTION ( 'NONE',  ( 0.006021925003838838122, -0.9999818680452401409, 0.000000000000000000 ) ) ;
#8837 = LINE ( 'NONE', #2264, #6832 ) ;
#8838 = CYLINDRICAL_SURFACE ( 'NONE', #4962, 8.000000000000000000 ) ;
#8839 = ORIENTED_EDGE ( 'NONE', *, *, #704, .F. ) ;
#8840 = VECTOR ( 'NONE', #1295, 1000.000000000000000 ) ;
#8841 = VERTEX_POINT ( 'NONE', #7797 ) ;
#8842 = ORIENTED_EDGE ( 'NONE', *, *, #9489, .F. ) ;
#8843 = EDGE_CURVE ( 'NONE', #6733, #2662, #1174, .T. ) ;
#8844 = CARTESIAN_POINT ( 'NONE',  ( 4.430389469675014347, -12.67365965879607614, 12.50000095367419917 ) ) ;
#8845 = DIRECTION ( 'NONE',  ( 1.000000000000000000, 0.000000000000000000, 0.000000000000000000 ) ) ;
#8846 = CIRCLE ( 'NONE', #4864, 10.50000000000000000 ) ;
#8847 = CARTESIAN_POINT ( 'NONE',  ( -20.55796506004299573, 13.60119746897492377, 12.50000095367419917 ) ) ;
#8848 = ORIENTED_EDGE ( 'NONE', *, *, #2589, .F. ) ;
#8849 = ORIENTED_EDGE ( 'NONE', *, *, #6178, .T. ) ;
#8850 = AXIS2_PLACEMENT_3D ( 'NONE', #4170, #37, #6560 ) ;
#8851 = AXIS2_PLACEMENT_3D ( 'NONE', #5845, #8870, #5121 ) ;
#8852 = DIRECTION ( 'NONE',  ( -0.4999999999999998890, 0.8660254037844387076, 0.000000000000000000 ) ) ;
#8853 = CARTESIAN_POINT ( 'NONE',  ( 10.17365965879590917, -8.760516488597991369, 22.50000000000000000 ) ) ;
#8854 = CARTESIAN_POINT ( 'NONE',  ( 1.560851926977996351, 25.60246553092193622, 22.50000000000000000 ) ) ;
#8855 = CARTESIAN_POINT ( 'NONE',  ( -1.999999999999988010, 17.93885447847687331, 28.99999856948849697 ) ) ;
#8856 = LINE ( 'NONE', #5252, #3141 ) ;
#8857 = CYLINDRICAL_SURFACE ( 'NONE', #8485, 1.000000000000001776 ) ;
#8858 = CIRCLE ( 'NONE', #2433, 1.000000000000000000 ) ;
#8859 = CIRCLE ( 'NONE', #3038, 0.9999999999999991118 ) ;
#8860 = VERTEX_POINT ( 'NONE', #406 ) ;
#8861 = VERTEX_POINT ( 'NONE', #6164 ) ;
#8862 = EDGE_CURVE ( 'NONE', #7330, #3442, #407, .T. ) ;
#8863 = VECTOR ( 'NONE', #3425, 1000.000000000000000 ) ;
#8864 = ORIENTED_EDGE ( 'NONE', *, *, #7105, .T. ) ;
#8865 = VECTOR ( 'NONE', #6358, 1000.000000000000114 ) ;
#8866 = FACE_OUTER_BOUND ( 'NONE', #6378, .T. ) ;
#8867 = DIRECTION ( 'NONE',  ( 0.000000000000000000, 0.000000000000000000, 1.000000000000000000 ) ) ;
#8868 = EDGE_CURVE ( 'NONE', #2242, #7223, #5439, .T. ) ;
#8869 = VECTOR ( 'NONE', #6100, 1000.000000000000000 ) ;
#8870 = DIRECTION ( 'NONE',  ( 0.000000000000000000, 0.000000000000000000, 1.000000000000000000 ) ) ;
#8871 = AXIS2_PLACEMENT_3D ( 'NONE', #2316, #7410, #3084 ) ;
#8872 = CARTESIAN_POINT ( 'NONE',  ( 2.500000000000002220, -21.40449719101100712, 16.49999856948839749 ) ) ;
#8873 = ADVANCED_FACE ( 'NONE', ( #8464 ), #4813, .F. ) ;
#8874 = CARTESIAN_POINT ( 'NONE',  ( 25.64999999999999858, 0.000000000000000000, -4.500000000000158984 ) ) ;
#8875 = ORIENTED_EDGE ( 'NONE', *, *, #5202, .T. ) ;
#8876 = VECTOR ( 'NONE', #3634, 1000.000000000000000 ) ;
#8877 = ORIENTED_EDGE ( 'NONE', *, *, #2464, .F. ) ;
#8878 = CARTESIAN_POINT ( 'NONE',  ( -19.78683832264900744, 8.537185086044951632, 22.50000000000000000 ) ) ;
#8879 = ORIENTED_EDGE ( 'NONE', *, *, #4814, .T. ) ;
#8880 = EDGE_CURVE ( 'NONE', #3273, #4890, #1124, .T. ) ;
#8881 = VERTEX_POINT ( 'NONE', #9227 ) ;
#8882 = DIRECTION ( 'NONE',  ( 0.000000000000000000, 0.000000000000000000, -1.000000000000000000 ) ) ;
#8883 = EDGE_LOOP ( 'NONE', ( #5778, #41, #8920, #4446, #4187, #192, #7685, #5345 ) ) ;
#8885 = AXIS2_PLACEMENT_3D ( 'NONE', #2674, #7004, #1906 ) ;
#8884 = LINE ( 'NONE', #817, #2570 ) ;
#8886 = CARTESIAN_POINT ( 'NONE',  ( 2.228303483095368520, -25.28957345041335358, 10.50000095367419917 ) ) ;
#8887 = EDGE_CURVE ( 'NONE', #6813, #5424, #4074, .T. ) ;
#8888 = FACE_OUTER_BOUND ( 'NONE', #267, .T. ) ;
#8889 = DIRECTION ( 'NONE',  ( -0.2881019561176164645, 0.9575997404350123920, 0.000000000000000000 ) ) ;
#8890 = CYLINDRICAL_SURFACE ( 'NONE', #4818, 0.9999999999999994449 ) ;
#8891 = ORIENTED_EDGE ( 'NONE', *, *, #7597, .F. ) ;
#8892 = ORIENTED_EDGE ( 'NONE', *, *, #8750, .F. ) ;
#8893 = EDGE_LOOP ( 'NONE', ( #8504, #5199, #1090, #2114 ) ) ;
#8894 = LINE ( 'NONE', #2416, #7195 ) ;
#8895 = DIRECTION ( 'NONE',  ( -1.000000000000000000, 0.000000000000000000, 0.000000000000000000 ) ) ;
#8896 = LINE ( 'NONE', #2318, #3285 ) ;
#8897 = ORIENTED_EDGE ( 'NONE', *, *, #5907, .F. ) ;
#8898 = EDGE_CURVE ( 'NONE', #2827, #8830, #2682, .T. ) ;
#8899 = ORIENTED_EDGE ( 'NONE', *, *, #7799, .F. ) ;
#8900 = EDGE_CURVE ( 'NONE', #1649, #6258, #3441, .T. ) ;
#8901 = DIRECTION ( 'NONE',  ( 1.000000000000000000, 0.000000000000000000, 0.000000000000000000 ) ) ;
#8902 = DIRECTION ( 'NONE',  ( 0.000000000000000000, 0.000000000000000000, -1.000000000000000000 ) ) ;
#8903 = DIRECTION ( 'NONE',  ( 0.000000000000000000, 0.000000000000000000, 1.000000000000000000 ) ) ;
#8904 = CARTESIAN_POINT ( 'NONE',  ( -6.683765968360996901, -8.097979530734100706, 28.99999856948849697 ) ) ;
#8905 = DIRECTION ( 'NONE',  ( 0.000000000000000000, 0.000000000000000000, 1.000000000000000000 ) ) ;
#8906 = CIRCLE ( 'NONE', #3083, 25.64999999999999858 ) ;
#8907 = DIRECTION ( 'NONE',  ( -1.000000000000000000, 0.000000000000000000, 0.000000000000000000 ) ) ;
#8908 = EDGE_CURVE ( 'NONE', #4843, #4189, #4142, .T. ) ;
#8909 = ORIENTED_EDGE ( 'NONE', *, *, #822, .T. ) ;
#8910 = EDGE_LOOP ( 'NONE', ( #5181, #9345, #6427, #4164, #5443, #7763, #4764, #2425 ) ) ;
#8911 = ORIENTED_EDGE ( 'NONE', *, *, #317, .T. ) ;
#8912 = CARTESIAN_POINT ( 'NONE',  ( 23.01556480047760900, 10.71501930150427384, 10.50000095367419917 ) ) ;
#8913 = DIRECTION ( 'NONE',  ( 0.2881019561176164645, 0.9575997404350123920, 0.000000000000000000 ) ) ;
#8914 = DIRECTION ( 'NONE',  ( 0.000000000000000000, 0.000000000000000000, 1.000000000000000000 ) ) ;
#8915 = EDGE_CURVE ( 'NONE', #4790, #9057, #8022, .T. ) ;
#8916 = FACE_OUTER_BOUND ( 'NONE', #1067, .T. ) ;
#8917 = DIRECTION ( 'NONE',  ( 0.2292962573396013781, 0.9733566799329275154, 0.000000000000000000 ) ) ;
#8918 = EDGE_CURVE ( 'NONE', #3550, #4343, #4184, .T. ) ;
#8919 = CARTESIAN_POINT ( 'NONE',  ( 11.97757886726370735, 13.39179242963695060, 0.9999999999998441247 ) ) ;
#8920 = ORIENTED_EDGE ( 'NONE', *, *, #5563, .F. ) ;
#8921 = ORIENTED_EDGE ( 'NONE', *, *, #6809, .T. ) ;
#8922 = CARTESIAN_POINT ( 'NONE',  ( 0.000000000000000000, 0.000000000000000000, -4.500000000000158984 ) ) ;
#8923 = ORIENTED_EDGE ( 'NONE', *, *, #8787, .T. ) ;
#8924 = ADVANCED_FACE ( 'NONE', ( #7164 ), #587, .T. ) ;
#8925 = ORIENTED_EDGE ( 'NONE', *, *, #3830, .T. ) ;
#8926 = DIRECTION ( 'NONE',  ( 0.9733566799329461672, -0.2292962573395214698, 0.000000000000000000 ) ) ;
#8927 = VERTEX_POINT ( 'NONE', #9364 ) ;
#8928 = CARTESIAN_POINT ( 'NONE',  ( 18.93269683185599916, 2.110803324099963518, 0.9999999999998441247 ) ) ;
#8929 = CYLINDRICAL_SURFACE ( 'NONE', #2238, 0.9999999999999985567 ) ;
#8930 = CARTESIAN_POINT ( 'NONE',  ( -17.93885447847799597, -1.000000000000000888, 28.99999856948849697 ) ) ;
#8931 = EDGE_CURVE ( 'NONE', #8841, #1170, #6540, .T. ) ;
#8932 = LINE ( 'NONE', #5959, #6471 ) ;
#8933 = DIRECTION ( 'NONE',  ( 0.000000000000000000, 0.000000000000000000, -1.000000000000000000 ) ) ;
#8934 = VERTEX_POINT ( 'NONE', #5770 ) ;
#8935 = AXIS2_PLACEMENT_3D ( 'NONE', #6553, #3669, #8799 ) ;
#8936 = EDGE_CURVE ( 'NONE', #8097, #5371, #8601, .T. ) ;
#8937 = ORIENTED_EDGE ( 'NONE', *, *, #4463, .F. ) ;
#8938 = ORIENTED_EDGE ( 'NONE', *, *, #3286, .F. ) ;
#8939 = CIRCLE ( 'NONE', #3882, 25.64999999999999858 ) ;
#8940 = PLANE ( 'NONE',  #3813 ) ;
#8941 = FACE_OUTER_BOUND ( 'NONE', #7879, .T. ) ;
#8942 = PLANE ( 'NONE',  #3109 ) ;
#8943 = ORIENTED_EDGE ( 'NONE', *, *, #3570, .T. ) ;
#8944 = ORIENTED_EDGE ( 'NONE', *, *, #5200, .T. ) ;
#8945 = VECTOR ( 'NONE', #8424, 1000.000000000000000 ) ;
#8946 = CARTESIAN_POINT ( 'NONE',  ( -1.000000000000000888, -5.916079783100047784, 3.999999999999840572 ) ) ;
#8947 = CARTESIAN_POINT ( 'NONE',  ( -10.42532973099699589, -2.500000000000057732, 5.500000953674160087 ) ) ;
#8948 = CARTESIAN_POINT ( 'NONE',  ( 11.89487497173230501, 14.88000166017600101, 28.99999856948849697 ) ) ;
#8949 = DIRECTION ( 'NONE',  ( 0.000000000000000000, 0.000000000000000000, 1.000000000000000000 ) ) ;
#8950 = CARTESIAN_POINT ( 'NONE',  ( -22.55796506004299928, 10.13709585383704237, 22.50000000000000000 ) ) ;
#8951 = CIRCLE ( 'NONE', #2211, 1.000000000000000222 ) ;
#8952 = CARTESIAN_POINT ( 'NONE',  ( -2.499999999999988454, -21.40449719101100712, 16.49999856948839749 ) ) ;
#8953 = EDGE_LOOP ( 'NONE', ( #7540, #2799 ) ) ;
#8954 = ORIENTED_EDGE ( 'NONE', *, *, #806, .F. ) ;
#8955 = VECTOR ( 'NONE', #3159, 1000.000000000000000 ) ;
#8956 = CARTESIAN_POINT ( 'NONE',  ( -8.537185086044992488, 19.78683832264904652, 5.500000953674160087 ) ) ;
#8957 = CARTESIAN_POINT ( 'NONE',  ( -13.60119746897600557, -20.55796506004303836, 10.50000095367419917 ) ) ;
#8958 = CARTESIAN_POINT ( 'NONE',  ( -21.40449719101099291, 2.499999999999946709, 16.49999856948839749 ) ) ;
#8959 = DIRECTION ( 'NONE',  ( 0.000000000000000000, 0.000000000000000000, -1.000000000000000000 ) ) ;
#8960 = EDGE_CURVE ( 'NONE', #8638, #6764, #8805, .T. ) ;
#8961 = CARTESIAN_POINT ( 'NONE',  ( 23.01556480047760900, 10.71501930150427384, 12.50000095367419917 ) ) ;
#8962 = DIRECTION ( 'NONE',  ( 1.000000000000000000, 0.000000000000000000, 0.000000000000000000 ) ) ;
#8963 = AXIS2_PLACEMENT_3D ( 'NONE', #8003, #1332, #6464 ) ;
#8964 = CARTESIAN_POINT ( 'NONE',  ( -10.42532973099699589, -2.500000000000057732, 5.500000953674160087 ) ) ;
#8965 = CIRCLE ( 'NONE', #9019, 1.000000000000000888 ) ;
#8966 = ORIENTED_EDGE ( 'NONE', *, *, #1076, .T. ) ;
#8967 = VERTEX_POINT ( 'NONE', #19 ) ;
#8968 = LINE ( 'NONE', #7490, #9218 ) ;
#8969 = ADVANCED_FACE ( 'NONE', ( #1442 ), #5820, .T. ) ;
#8970 = ADVANCED_FACE ( 'NONE', ( #7216 ), #4909, .F. ) ;
#8971 = ORIENTED_EDGE ( 'NONE', *, *, #1078, .F. ) ;
#8972 = CIRCLE ( 'NONE', #7606, 1.000000000000000888 ) ;
#8973 = VERTEX_POINT ( 'NONE', #3513 ) ;
#8974 = FACE_OUTER_BOUND ( 'NONE', #9348, .T. ) ;
#8975 = VECTOR ( 'NONE', #4172, 1000.000000000000000 ) ;
#8976 = ORIENTED_EDGE ( 'NONE', *, *, #5054, .T. ) ;
#8977 = FACE_OUTER_BOUND ( 'NONE', #5709, .T. ) ;
#8978 = DIRECTION ( 'NONE',  ( 0.6852547238153056108, 0.7283034830953436511, 0.000000000000000000 ) ) ;
#8979 = CARTESIAN_POINT ( 'NONE',  ( -17.93885447847799597, 2.000000000000001776, 0.9999999999998441247 ) ) ;
#8980 = DIRECTION ( 'NONE',  ( 0.2881019561176164645, 0.9575997404350123920, 0.000000000000000000 ) ) ;
#8981 = DIRECTION ( 'NONE',  ( 0.000000000000000000, 0.000000000000000000, 1.000000000000000000 ) ) ;
#8982 = VECTOR ( 'NONE', #5206, 1000.000000000000000 ) ;
#8983 = VERTEX_POINT ( 'NONE', #8649 ) ;
#8984 = EDGE_CURVE ( 'NONE', #2885, #3118, #5441, .T. ) ;
#8985 = VERTEX_POINT ( 'NONE', #4999 ) ;
#8986 = DIRECTION ( 'NONE',  ( 0.000000000000000000, 0.000000000000000000, -1.000000000000000000 ) ) ;
#8987 = ORIENTED_EDGE ( 'NONE', *, *, #5756, .F. ) ;
#8988 = VECTOR ( 'NONE', #4183, 1000.000000000000000 ) ;
#8989 = CARTESIAN_POINT ( 'NONE',  ( 11.44949534515241041, 22.95281151278294374, 10.50000095367419917 ) ) ;
#8990 = ADVANCED_FACE ( 'NONE', ( #3556 ), #1266, .T. ) ;
#8991 = CARTESIAN_POINT ( 'NONE',  ( 11.97757886726370735, -13.39179242963706074, -10.99999976158160031 ) ) ;
#8992 = CYLINDRICAL_SURFACE ( 'NONE', #8480, 1.000000000000000444 ) ;
#8993 = CIRCLE ( 'NONE', #716, 1.000000000000000444 ) ;
#8994 = ORIENTED_EDGE ( 'NONE', *, *, #6340, .F. ) ;
#8995 = AXIS2_PLACEMENT_3D ( 'NONE', #2688, #3407, #2641 ) ;
#8996 = ORIENTED_EDGE ( 'NONE', *, *, #9270, .F. ) ;
#8997 = EDGE_CURVE ( 'NONE', #4438, #269, #2369, .T. ) ;
#8998 = ORIENTED_EDGE ( 'NONE', *, *, #6732, .F. ) ;
#8999 = DIRECTION ( 'NONE',  ( 0.000000000000000000, 0.000000000000000000, -1.000000000000000000 ) ) ;
#9000 = DIRECTION ( 'NONE',  ( 0.7283034830954154826, 0.6852547238152291165, 0.000000000000000000 ) ) ;
#9001 = DIRECTION ( 'NONE',  ( 1.000000000000000000, 0.000000000000000000, 0.000000000000000000 ) ) ;
#9002 = CIRCLE ( 'NONE', #7942, 1.000000000000001110 ) ;
#9003 = CARTESIAN_POINT ( 'NONE',  ( 12.26893148769999797, 14.15438635627899444, 28.99999856948849697 ) ) ;
#9004 = LINE ( 'NONE', #3198, #6054 ) ;
#9005 =( NAMED_UNIT ( * ) PLANE_ANGLE_UNIT ( ) SI_UNIT ( $, .RADIAN. ) );
#9006 = CARTESIAN_POINT ( 'NONE',  ( 0.000000000000000000, 0.000000000000000000, 22.50000000000000000 ) ) ;
#9007 = ORIENTED_EDGE ( 'NONE', *, *, #1162, .F. ) ;
#9008 = ORIENTED_EDGE ( 'NONE', *, *, #2322, .T. ) ;
#9009 = VECTOR ( 'NONE', #2156, 1000.000000000000000 ) ;
#9010 = CARTESIAN_POINT ( 'NONE',  ( -6.683765968360996901, -8.097979530734100706, -10.99999976158160031 ) ) ;
#9011 = PLANE ( 'NONE',  #6060 ) ;
#9012 = DIRECTION ( 'NONE',  ( 0.000000000000000000, 0.000000000000000000, 1.000000000000000000 ) ) ;
#9013 = DIRECTION ( 'NONE',  ( 0.000000000000000000, 0.000000000000000000, 1.000000000000000000 ) ) ;
#9014 = VECTOR ( 'NONE', #222, 1000.000000000000114 ) ;
#9015 = DIRECTION ( 'NONE',  ( -0.7071067811865474617, 0.7071067811865474617, 0.000000000000000000 ) ) ;
#9016 = CIRCLE ( 'NONE', #5334, 0.9999999999999995559 ) ;
#9017 = CARTESIAN_POINT ( 'NONE',  ( -21.40449719101199122, 2.499999999999946709, 22.50000000000000000 ) ) ;
#9018 = DIRECTION ( 'NONE',  ( -0.8660254037844387076, -0.4999999999999998890, 0.000000000000000000 ) ) ;
#9019 = AXIS2_PLACEMENT_3D ( 'NONE', #416, #6315, #365 ) ;
#9020 = VERTEX_POINT ( 'NONE', #632 ) ;
#9021 = ORIENTED_EDGE ( 'NONE', *, *, #3481, .T. ) ;
#9022 = LINE ( 'NONE', #5895, #2776 ) ;
#9023 = VECTOR ( 'NONE', #3195, 1000.000000000000000 ) ;
#9024 = ORIENTED_EDGE ( 'NONE', *, *, #6211, .F. ) ;
#9025 = AXIS2_PLACEMENT_3D ( 'NONE', #5130, #3840, #4409 ) ;
#9026 = VERTEX_POINT ( 'NONE', #9411 ) ;
#9027 = CARTESIAN_POINT ( 'NONE',  ( 2.500000000000002220, -10.42532973099707938, 5.500000953674160087 ) ) ;
#9028 = ORIENTED_EDGE ( 'NONE', *, *, #9107, .F. ) ;
#9029 = FACE_OUTER_BOUND ( 'NONE', #5201, .T. ) ;
#9030 = CARTESIAN_POINT ( 'NONE',  ( -14.15297018576999832, 21.39195958580497603, 22.50000000000000000 ) ) ;
#9031 = VECTOR ( 'NONE', #5745, 1000.000000000000000 ) ;
#9032 = DIRECTION ( 'NONE',  ( 0.000000000000000000, 0.000000000000000000, 1.000000000000000000 ) ) ;
#9033 = CIRCLE ( 'NONE', #8722, 1.000000000000000444 ) ;
#9034 = ORIENTED_EDGE ( 'NONE', *, *, #4340, .T. ) ;
#9035 = LINE ( 'NONE', #2462, #4201 ) ;
#9036 = EDGE_LOOP ( 'NONE', ( #6485, #5498, #3691, #6254 ) ) ;
#9037 = CIRCLE ( 'NONE', #3511, 21.55000000000000071 ) ;
#9038 = ORIENTED_EDGE ( 'NONE', *, *, #5410, .T. ) ;
#9039 = CARTESIAN_POINT ( 'NONE',  ( -23.01556480047796782, -10.71501930150428805, 12.50000095367419917 ) ) ;
#9040 = ORIENTED_EDGE ( 'NONE', *, *, #2059, .F. ) ;
#9041 = CARTESIAN_POINT ( 'NONE',  ( 10.71501930150449233, 23.01556480047699438, 22.50000000000000000 ) ) ;
#9042 = DIRECTION ( 'NONE',  ( 0.000000000000000000, 0.000000000000000000, 1.000000000000000000 ) ) ;
#9043 = EDGE_CURVE ( 'NONE', #86, #3273, #4053, .T. ) ;
#9044 = FACE_OUTER_BOUND ( 'NONE', #8174, .T. ) ;
#9045 = ORIENTED_EDGE ( 'NONE', *, *, #3571, .F. ) ;
#9046 = EDGE_LOOP ( 'NONE', ( #9117, #6097, #9300, #452, #2344, #2333 ) ) ;
#9047 = ADVANCED_FACE ( 'NONE', ( #8742 ), #538, .T. ) ;
#9048 = EDGE_CURVE ( 'NONE', #4760, #4073, #2171, .T. ) ;
#9049 = ORIENTED_EDGE ( 'NONE', *, *, #4059, .T. ) ;
#9050 = CARTESIAN_POINT ( 'NONE',  ( -11.00312125762199855, -22.05796506004298152, 5.500000953674160087 ) ) ;
#9051 = DIRECTION ( 'NONE',  ( 0.000000000000000000, 0.000000000000000000, 1.000000000000000000 ) ) ;
#9052 = DIRECTION ( 'NONE',  ( 0.000000000000000000, 0.000000000000000000, 1.000000000000000000 ) ) ;
#9053 = FACE_OUTER_BOUND ( 'NONE', #2487, .T. ) ;
#9054 = CARTESIAN_POINT ( 'NONE',  ( -1.000000000000000888, -2.958039891549968381, -10.99999976158160031 ) ) ;
#9055 = DIRECTION ( 'NONE',  ( 0.000000000000000000, 0.000000000000000000, -1.000000000000000000 ) ) ;
#9056 = ADVANCED_FACE ( 'NONE', ( #4363 ), #7308, .T. ) ;
#9057 = VERTEX_POINT ( 'NONE', #8786 ) ;
#9058 = EDGE_LOOP ( 'NONE', ( #9437, #694, #3726, #8566 ) ) ;
#9059 = LINE ( 'NONE', #8912, #1222 ) ;
#9060 = EDGE_CURVE ( 'NONE', #241, #2522, #6822, .T. ) ;
#9061 = DIRECTION ( 'NONE',  ( 0.000000000000000000, 0.000000000000000000, 1.000000000000000000 ) ) ;
#9062 = DIRECTION ( 'NONE',  ( 0.9733566799329029795, 0.2292962573397054060, 0.000000000000000000 ) ) ;
#9063 = CARTESIAN_POINT ( 'NONE',  ( -18.72331434335298894, -1.000000000000000888, 3.999999999999840572 ) ) ;
#9064 = CIRCLE ( 'NONE', #6611, 21.55000000000000071 ) ;
#9065 = CARTESIAN_POINT ( 'NONE',  ( 0.000000000000000000, 0.000000000000000000, 22.50000000000000000 ) ) ;
#9066 = CARTESIAN_POINT ( 'NONE',  ( 2.500000000000002220, -21.40449719101200543, 5.500000953674160087 ) ) ;
#9067 = DIRECTION ( 'NONE',  ( 1.000000000000000000, 0.000000000000000000, 0.000000000000000000 ) ) ;
#9068 = ORIENTED_EDGE ( 'NONE', *, *, #1688, .F. ) ;
#9069 = EDGE_LOOP ( 'NONE', ( #8404, #6207, #2043, #7990 ) ) ;
#9070 = CARTESIAN_POINT ( 'NONE',  ( -24.60431872659797747, 1.499999999999945821, 10.50000095367419917 ) ) ;
#9071 = AXIS2_PLACEMENT_3D ( 'NONE', #8593, #4940, #7875 ) ;
#9072 = VERTEX_POINT ( 'NONE', #1001 ) ;
#9073 = CIRCLE ( 'NONE', #8612, 0.9999999999999995559 ) ;
#9074 = ORIENTED_EDGE ( 'NONE', *, *, #5349, .F. ) ;
#9075 = CYLINDRICAL_SURFACE ( 'NONE', #2600, 0.9999999999999994449 ) ;
#9076 = EDGE_LOOP ( 'NONE', ( #2531, #733, #5454, #4652 ) ) ;
#9077 = DIRECTION ( 'NONE',  ( 0.6852547238153542386, -0.7283034830952977989, 0.000000000000000000 ) ) ;
#9078 = DIRECTION ( 'NONE',  ( 1.000000000000000000, -6.123233995736769734E-17, 0.000000000000000000 ) ) ;
#9079 = CARTESIAN_POINT ( 'NONE',  ( 7.377728374959410473, -7.778600389873102650, -4.500000000000158984 ) ) ;
#9080 = VERTEX_POINT ( 'NONE', #2212 ) ;
#9081 = DIRECTION ( 'NONE',  ( 3.770471112782780124E-19, -6.784746809671419976E-18, -1.000000000000000000 ) ) ;
#9082 = EDGE_CURVE ( 'NONE', #5965, #5854, #7578, .T. ) ;
#9083 = EDGE_LOOP ( 'NONE', ( #7653, #4071, #800, #49 ) ) ;
#9084 = ORIENTED_EDGE ( 'NONE', *, *, #3296, .F. ) ;
#9085 = CYLINDRICAL_SURFACE ( 'NONE', #892, 0.9999999999999994449 ) ;
#9086 = VERTEX_POINT ( 'NONE', #2393 ) ;
#9087 = EDGE_CURVE ( 'NONE', #401, #5377, #2496, .T. ) ;
#9088 = LINE ( 'NONE', #7657, #7503 ) ;
#9089 = LINE ( 'NONE', #359, #1616 ) ;
#9090 = CIRCLE ( 'NONE', #2334, 0.9999999999999998890 ) ;
#9091 = FACE_OUTER_BOUND ( 'NONE', #5995, .T. ) ;
#9092 = ORIENTED_EDGE ( 'NONE', *, *, #4092, .F. ) ;
#9093 = EDGE_LOOP ( 'NONE', ( #2400, #707, #2136, #3664 ) ) ;
#9094 = EDGE_CURVE ( 'NONE', #5219, #3786, #1722, .T. ) ;
#9095 = EDGE_CURVE ( 'NONE', #5866, #809, #7278, .T. ) ;
#9096 = ORIENTED_EDGE ( 'NONE', *, *, #3061, .T. ) ;
#9097 = CARTESIAN_POINT ( 'NONE',  ( -14.15297018576999832, 21.39195958580497603, 10.50000095367419917 ) ) ;
#9098 = CARTESIAN_POINT ( 'NONE',  ( -1.560851926977996351, 25.60246553092193622, 5.500000953674160087 ) ) ;
#9099 = DIRECTION ( 'NONE',  ( -6.123233995736769734E-17, -1.000000000000000000, 0.000000000000000000 ) ) ;
#9100 = CARTESIAN_POINT ( 'NONE',  ( -24.09731931759199952, -11.02584244881199638, 16.50000095367419917 ) ) ;
#9101 = CARTESIAN_POINT ( 'NONE',  ( -25.60246553092200728, 1.560851926976969395, 22.50000000000000000 ) ) ;
#9102 = APPLICATION_PROTOCOL_DEFINITION ( 'draft international standard', 'automotive_design', 1998, #2226 ) ;
#9103 = AXIS2_PLACEMENT_3D ( 'NONE', #5208, #7522, #2432 ) ;
#9104 = FACE_OUTER_BOUND ( 'NONE', #2052, .T. ) ;
#9105 = ORIENTED_EDGE ( 'NONE', *, *, #2021, .T. ) ;
#9106 = EDGE_LOOP ( 'NONE', ( #2625, #8028, #454, #5037 ) ) ;
#9107 = EDGE_CURVE ( 'NONE', #8240, #922, #1618, .T. ) ;
#9108 = CARTESIAN_POINT ( 'NONE',  ( -22.95281151278301479, -11.44949534515304990, 5.500000953674160087 ) ) ;
#9109 = LINE ( 'NONE', #2536, #548 ) ;
#9110 = CARTESIAN_POINT ( 'NONE',  ( 7.377728374959410473, -7.778600389873102650, -4.500000000000158984 ) ) ;
#9111 = DIRECTION ( 'NONE',  ( -1.000000000000000000, 1.224646799147350002E-16, 0.000000000000000000 ) ) ;
#9112 = AXIS2_PLACEMENT_3D ( 'NONE', #2215, #5138, #2899 ) ;
#9113 = VECTOR ( 'NONE', #6352, 1000.000000000000000 ) ;
#9114 = FACE_OUTER_BOUND ( 'NONE', #8347, .T. ) ;
#9115 = CARTESIAN_POINT ( 'NONE',  ( -2.228303483095416038, 25.28957345041219185, 10.50000095367419917 ) ) ;
#9116 = DIRECTION ( 'NONE',  ( 0.000000000000000000, 0.000000000000000000, -1.000000000000000000 ) ) ;
#9117 = ORIENTED_EDGE ( 'NONE', *, *, #6737, .F. ) ;
#9118 = ORIENTED_EDGE ( 'NONE', *, *, #1779, .T. ) ;
#9119 = EDGE_LOOP ( 'NONE', ( #5991, #7027, #6978, #4935 ) ) ;
#9120 = ORIENTED_EDGE ( 'NONE', *, *, #9095, .T. ) ;
#9121 = DIRECTION ( 'NONE',  ( 0.7283034830953664107, -0.6852547238152811859, 0.000000000000000000 ) ) ;
#9122 = EDGE_CURVE ( 'NONE', #4604, #9392, #5265, .T. ) ;
#9123 = EDGE_CURVE ( 'NONE', #4751, #8860, #8251, .T. ) ;
#9124 = PLANE ( 'NONE',  #1634 ) ;
#9125 = CYLINDRICAL_SURFACE ( 'NONE', #5768, 1.000000000000000444 ) ;
#9126 = AXIS2_PLACEMENT_3D ( 'NONE', #7630, #3832, #7533 ) ;
#9127 = CARTESIAN_POINT ( 'NONE',  ( 11.00312125762210869, -22.05796506004298152, 10.50000095367419917 ) ) ;
#9128 = ORIENTED_EDGE ( 'NONE', *, *, #5698, .T. ) ;
#9129 = PLANE ( 'NONE',  #3436 ) ;
#9130 = VERTEX_POINT ( 'NONE', #9017 ) ;
#9131 = CIRCLE ( 'NONE', #5285, 8.000000000000000000 ) ;
#9132 = ORIENTED_EDGE ( 'NONE', *, *, #4354, .T. ) ;
#9133 = DIRECTION ( 'NONE',  ( 0.000000000000000000, 0.000000000000000000, 1.000000000000000000 ) ) ;
#9134 = VERTEX_POINT ( 'NONE', #9066 ) ;
#9135 = CARTESIAN_POINT ( 'NONE',  ( 14.46722287275981067, 20.05796506004198321, 10.50000095367419917 ) ) ;
#9136 = CIRCLE ( 'NONE', #5905, 1.000000000000000888 ) ;
#9137 = CARTESIAN_POINT ( 'NONE',  ( 2.500000000000002220, -10.42532973099707938, -4.500000000000158984 ) ) ;
#9138 = VECTOR ( 'NONE', #9331, 1000.000000000000000 ) ;
#9139 = CARTESIAN_POINT ( 'NONE',  ( 20.55796506004270441, -13.60119746897603399, 10.50000095367419917 ) ) ;
#9140 = ORIENTED_EDGE ( 'NONE', *, *, #3345, .F. ) ;
#9141 = ORIENTED_EDGE ( 'NONE', *, *, #6156, .F. ) ;
#9142 = VECTOR ( 'NONE', #7592, 1000.000000000000000 ) ;
#9143 = AXIS2_PLACEMENT_3D ( 'NONE', #7999, #3621, #1462 ) ;
#9144 = EDGE_CURVE ( 'NONE', #2745, #4739, #4207, .T. ) ;
#9145 = ORIENTED_EDGE ( 'NONE', *, *, #4667, .T. ) ;
#9146 = CARTESIAN_POINT ( 'NONE',  ( -24.60431872659797747, -1.500000000000056843, 10.50000095367419917 ) ) ;
#9147 = CARTESIAN_POINT ( 'NONE',  ( -2.499999999999988454, 24.60431872659696495, 10.50000095367419917 ) ) ;
#9148 = FACE_OUTER_BOUND ( 'NONE', #6026, .T. ) ;
#9149 = LINE ( 'NONE', #7760, #1601 ) ;
#9150 = CARTESIAN_POINT ( 'NONE',  ( -1.000000000000000888, -10.45227248018398925, -6.499999761581589652 ) ) ;
#9151 = ORIENTED_EDGE ( 'NONE', *, *, #9462, .T. ) ;
#9152 = CARTESIAN_POINT ( 'NONE',  ( 0.000000000000000000, 0.000000000000000000, 16.49999856948839749 ) ) ;
#9153 = DIRECTION ( 'NONE',  ( 0.000000000000000000, 0.000000000000000000, -1.000000000000000000 ) ) ;
#9154 = CARTESIAN_POINT ( 'NONE',  ( 21.39195958580511459, 14.15297018576899823, 22.50000000000000000 ) ) ;
#9155 = CYLINDRICAL_SURFACE ( 'NONE', #2265, 0.9999999999999994449 ) ;
#9156 = DIRECTION ( 'NONE',  ( 0.000000000000000000, 0.000000000000000000, -1.000000000000000000 ) ) ;
#9157 = DIRECTION ( 'NONE',  ( 1.000000000000000000, 0.000000000000000000, 0.000000000000000000 ) ) ;
#9158 = VECTOR ( 'NONE', #5262, 1000.000000000000000 ) ;
#9159 = EDGE_CURVE ( 'NONE', #9057, #2662, #5416, .T. ) ;
#9160 = CARTESIAN_POINT ( 'NONE',  ( -20.55796506004299573, -13.60119746897603399, -4.500000000000158984 ) ) ;
#9161 = AXIS2_PLACEMENT_3D ( 'NONE', #5415, #3778, #7485 ) ;
#9162 = ORIENTED_EDGE ( 'NONE', *, *, #2064, .F. ) ;
#9163 = ORIENTED_EDGE ( 'NONE', *, *, #5349, .T. ) ;
#9164 = ORIENTED_EDGE ( 'NONE', *, *, #8488, .T. ) ;
#9165 = AXIS2_PLACEMENT_3D ( 'NONE', #7019, #9078, #3171 ) ;
#9166 = EDGE_CURVE ( 'NONE', #5911, #1190, #7898, .T. ) ;
#9167 = EDGE_CURVE ( 'NONE', #7506, #6868, #5124, .T. ) ;
#9168 = ORIENTED_EDGE ( 'NONE', *, *, #3500, .T. ) ;
#9169 = CARTESIAN_POINT ( 'NONE',  ( 14.57455414890835677, -20.78726131738255845, 10.50000095367419917 ) ) ;
#9170 = CARTESIAN_POINT ( 'NONE',  ( 2.000000000000001776, 17.93885447847687331, 28.99999856948849697 ) ) ;
#9171 = CARTESIAN_POINT ( 'NONE',  ( 24.60431872659751917, -1.500000000000056843, 5.500000953674160087 ) ) ;
#9172 = EDGE_CURVE ( 'NONE', #881, #6954, #6979, .T. ) ;
#9173 = CARTESIAN_POINT ( 'NONE',  ( 1.500000000000000222, 1.836970198721030181E-16, 21.30000023841839862 ) ) ;
#9174 = EDGE_LOOP ( 'NONE', ( #7213, #8200, #2977, #2320 ) ) ;
#9175 = CIRCLE ( 'NONE', #2591, 1.000000000000000444 ) ;
#9176 = DIRECTION ( 'NONE',  ( 0.000000000000000000, 0.000000000000000000, -1.000000000000000000 ) ) ;
#9177 = CIRCLE ( 'NONE', #3803, 1.000000000000000888 ) ;
#9178 = EDGE_CURVE ( 'NONE', #7508, #6980, #949, .T. ) ;
#9179 = EDGE_LOOP ( 'NONE', ( #2473, #6548, #8492, #606 ) ) ;
#9180 = CIRCLE ( 'NONE', #6881, 1.000000000000000444 ) ;
#9181 = ORIENTED_EDGE ( 'NONE', *, *, #3645, .F. ) ;
#9182 = DIRECTION ( 'NONE',  ( 1.000000000000000000, 0.000000000000000000, 0.000000000000000000 ) ) ;
#9183 = ORIENTED_EDGE ( 'NONE', *, *, #243, .F. ) ;
#9184 = EDGE_CURVE ( 'NONE', #8366, #810, #6189, .T. ) ;
#9185 = AXIS2_PLACEMENT_3D ( 'NONE', #2535, #5363, #7572 ) ;
#9186 = LINE ( 'NONE', #456, #2279 ) ;
#9187 = AXIS2_PLACEMENT_3D ( 'NONE', #7151, #9214, #5565 ) ;
#9188 = CIRCLE ( 'NONE', #7816, 1.000000000000000000 ) ;
#9189 = CARTESIAN_POINT ( 'NONE',  ( 10.13709585383761080, 22.55796506004192992, 22.50000000000000000 ) ) ;
#9190 = CARTESIAN_POINT ( 'NONE',  ( -3.236245269559040239, -1.894522777708608441, 48.05698003239911031 ) ) ;
#9191 = ORIENTED_EDGE ( 'NONE', *, *, #1779, .F. ) ;
#9192 = CARTESIAN_POINT ( 'NONE',  ( 14.15438635627939234, 12.26893148769978659, -10.99999976158160031 ) ) ;
#9193 = CIRCLE ( 'NONE', #8575, 25.64999999999999858 ) ;
#9194 = VERTEX_POINT ( 'NONE', #6761 ) ;
#9195 = LINE ( 'NONE', #1032, #5643 ) ;
#9196 = DIRECTION ( 'NONE',  ( 0.000000000000000000, 0.000000000000000000, 1.000000000000000000 ) ) ;
#9197 = CARTESIAN_POINT ( 'NONE',  ( 0.000000000000000000, 0.000000000000000000, 12.50000095367419917 ) ) ;
#9198 = FACE_OUTER_BOUND ( 'NONE', #8377, .T. ) ;
#9199 = EDGE_CURVE ( 'NONE', #4868, #2659, #685, .T. ) ;
#9200 = CARTESIAN_POINT ( 'NONE',  ( 11.00312125762210869, -22.05796506004298152, 12.50000095367419917 ) ) ;
#9201 = VERTEX_POINT ( 'NONE', #188 ) ;
#9202 = DIRECTION ( 'NONE',  ( 0.000000000000000000, 0.000000000000000000, -1.000000000000000000 ) ) ;
#9203 = CARTESIAN_POINT ( 'NONE',  ( -25.28957345041323279, 2.228303483095335213, 5.500000953674160087 ) ) ;
#9204 = DIRECTION ( 'NONE',  ( 0.8629987385490770491, 0.5052060740556290064, -0.000000000000000000 ) ) ;
#9205 = CARTESIAN_POINT ( 'NONE',  ( -22.95281151278301479, -11.44949534515304990, -4.500000000000158984 ) ) ;
#9206 = DIRECTION ( 'NONE',  ( 0.2292962573396709614, -0.9733566799329110841, 0.000000000000000000 ) ) ;
#9207 = CARTESIAN_POINT ( 'NONE',  ( -13.60119746897600557, -20.55796506004303836, 10.50000095367419917 ) ) ;
#9208 = ORIENTED_EDGE ( 'NONE', *, *, #9087, .F. ) ;
#9209 = ORIENTED_EDGE ( 'NONE', *, *, #3638, .F. ) ;
#9210 = ORIENTED_EDGE ( 'NONE', *, *, #3555, .T. ) ;
#9211 = EDGE_CURVE ( 'NONE', #7667, #462, #831, .T. ) ;
#9212 = ADVANCED_FACE ( 'NONE', ( #3108 ), #6034, .T. ) ;
#9213 = ORIENTED_EDGE ( 'NONE', *, *, #5042, .F. ) ;
#9214 = DIRECTION ( 'NONE',  ( 0.000000000000000000, 0.000000000000000000, 1.000000000000000000 ) ) ;
#9215 = DIRECTION ( 'NONE',  ( 0.000000000000000000, 0.000000000000000000, -1.000000000000000000 ) ) ;
#9216 = DIRECTION ( 'NONE',  ( 0.000000000000000000, 0.000000000000000000, 1.000000000000000000 ) ) ;
#9217 = DIRECTION ( 'NONE',  ( 0.000000000000000000, 0.000000000000000000, 1.000000000000000000 ) ) ;
#9218 = VECTOR ( 'NONE', #6766, 1000.000000000000000 ) ;
#9219 = ORIENTED_EDGE ( 'NONE', *, *, #2991, .T. ) ;
#9220 = CARTESIAN_POINT ( 'NONE',  ( 1.000000000000000888, -10.45227248018398925, 28.99999856948849697 ) ) ;
#9221 = ORIENTED_EDGE ( 'NONE', *, *, #3587, .T. ) ;
#9222 = VERTEX_POINT ( 'NONE', #4788 ) ;
#9223 = DIRECTION ( 'NONE',  ( 0.000000000000000000, 0.000000000000000000, 1.000000000000000000 ) ) ;
#9224 = ORIENTED_EDGE ( 'NONE', *, *, #6753, .F. ) ;
#9225 = CARTESIAN_POINT ( 'NONE',  ( -17.28683832264799136, -12.86731210496705557, 16.49999856948839749 ) ) ;
#9226 = EDGE_CURVE ( 'NONE', #24, #6721, #2725, .T. ) ;
#9227 = CARTESIAN_POINT ( 'NONE',  ( -23.01556480047799624, 10.71501930150425963, 22.50000000000000000 ) ) ;
#9228 = CARTESIAN_POINT ( 'NONE',  ( 1.560851926977996351, 25.60246553092193622, 5.500000953674160087 ) ) ;
#9229 = VERTEX_POINT ( 'NONE', #4163 ) ;
#9230 = DIRECTION ( 'NONE',  ( 0.000000000000000000, 0.000000000000000000, 1.000000000000000000 ) ) ;
#9231 = EDGE_CURVE ( 'NONE', #1474, #5606, #7825, .T. ) ;
#9232 = ORIENTED_EDGE ( 'NONE', *, *, #813, .T. ) ;
#9233 = VERTEX_POINT ( 'NONE', #1242 ) ;
#9234 = LINE ( 'NONE', #4004, #2377 ) ;
#9235 = LINE ( 'NONE', #7710, #5800 ) ;
#9236 = EDGE_CURVE ( 'NONE', #9222, #6598, #8655, .T. ) ;
#9237 = LINE ( 'NONE', #324, #8207 ) ;
#9238 = CARTESIAN_POINT ( 'NONE',  ( 0.000000000000000000, 0.000000000000000000, 12.50000095367419917 ) ) ;
#9239 = ORIENTED_EDGE ( 'NONE', *, *, #6049, .T. ) ;
#9240 = AXIS2_PLACEMENT_3D ( 'NONE', #8322, #8173, #3807 ) ;
#9241 = CARTESIAN_POINT ( 'NONE',  ( -14.57455414890895540, -20.78726131738255134, 10.50000095367419917 ) ) ;
#9242 = DIRECTION ( 'NONE',  ( 0.000000000000000000, 0.000000000000000000, 1.000000000000000000 ) ) ;
#9243 = DIRECTION ( 'NONE',  ( -0.2881019561176437760, -0.9575997404350040654, 0.000000000000000000 ) ) ;
#9244 = CARTESIAN_POINT ( 'NONE',  ( 11.89487497173240271, -14.88000166017711123, 28.99999856948849697 ) ) ;
#9245 = CIRCLE ( 'NONE', #6022, 1.000000000000000444 ) ;
#9246 = CARTESIAN_POINT ( 'NONE',  ( 0.000000000000000000, 0.000000000000000000, 16.49999856948839749 ) ) ;
#9247 = DIRECTION ( 'NONE',  ( -0.2881019561176437760, -0.9575997404350040654, 0.000000000000000000 ) ) ;
#9248 = ORIENTED_EDGE ( 'NONE', *, *, #2605, .F. ) ;
#9249 = ORIENTED_EDGE ( 'NONE', *, *, #287, .F. ) ;
#9250 = EDGE_LOOP ( 'NONE', ( #5422, #907, #2205, #823 ) ) ;
#9251 = EDGE_CURVE ( 'NONE', #7846, #5965, #6047, .T. ) ;
#9252 = VERTEX_POINT ( 'NONE', #1959 ) ;
#9253 = LINE ( 'NONE', #3445, #1224 ) ;
#9254 = PLANE ( 'NONE',  #8995 ) ;
#9255 = DIRECTION ( 'NONE',  ( 0.000000000000000000, 0.000000000000000000, -1.000000000000000000 ) ) ;
#9256 = ADVANCED_FACE ( 'NONE', ( #7100 ), #1910, .T. ) ;
#9257 = CARTESIAN_POINT ( 'NONE',  ( -6.683765968360996901, 8.097979530733990572, -6.499999761581589652 ) ) ;
#9258 = EDGE_CURVE ( 'NONE', #4166, #1384, #476, .T. ) ;
#9259 = VERTEX_POINT ( 'NONE', #516 ) ;
#9260 = DIRECTION ( 'NONE',  ( -0.2292962573396013781, 0.9733566799329275154, 0.000000000000000000 ) ) ;
#9261 = EDGE_LOOP ( 'NONE', ( #11, #6769, #4440, #4086 ) ) ;
#9262 = VECTOR ( 'NONE', #5670, 1000.000000000000000 ) ;
#9263 = VERTEX_POINT ( 'NONE', #7011 ) ;
#9264 = FACE_OUTER_BOUND ( 'NONE', #8548, .T. ) ;
#9265 = ORIENTED_EDGE ( 'NONE', *, *, #8758, .F. ) ;
#9266 = DIRECTION ( 'NONE',  ( 0.000000000000000000, 0.000000000000000000, 1.000000000000000000 ) ) ;
#9267 = DIRECTION ( 'NONE',  ( 0.000000000000000000, 0.000000000000000000, 1.000000000000000000 ) ) ;
#9268 = DIRECTION ( 'NONE',  ( -1.000000000000000000, 0.000000000000000000, 0.000000000000000000 ) ) ;
#9269 = CARTESIAN_POINT ( 'NONE',  ( -8.537185086043994175, -19.78683832264804821, 16.49999856948839749 ) ) ;
#9270 = EDGE_CURVE ( 'NONE', #1973, #5854, #7593, .T. ) ;
#9271 = VECTOR ( 'NONE', #2957, 1000.000000000000000 ) ;
#9272 = VERTEX_POINT ( 'NONE', #5694 ) ;
#9273 = FILL_AREA_STYLE_COLOUR ( '', #9446 ) ;
#9274 = CIRCLE ( 'NONE', #8053, 0.9999999999999994449 ) ;
#9275 = ADVANCED_FACE ( 'NONE', ( #8626 ), #7724, .T. ) ;
#9276 = VERTEX_POINT ( 'NONE', #3353 ) ;
#9277 = VERTEX_POINT ( 'NONE', #1333 ) ;
#9278 = AXIS2_PLACEMENT_3D ( 'NONE', #6230, #9153, #7626 ) ;
#9279 = CARTESIAN_POINT ( 'NONE',  ( -10.42532973099699589, -2.500000000000057732, 22.50000000000000000 ) ) ;
#9280 = CIRCLE ( 'NONE', #5750, 21.55000000000000071 ) ;
#9281 = EDGE_CURVE ( 'NONE', #9252, #9403, #9295, .T. ) ;
#9282 = FACE_OUTER_BOUND ( 'NONE', #4566, .T. ) ;
#9283 = VECTOR ( 'NONE', #8409, 1000.000000000000000 ) ;
#9284 = DIRECTION ( 'NONE',  ( 1.000000000000000000, 0.000000000000000000, 0.000000000000000000 ) ) ;
#9285 = DIRECTION ( 'NONE',  ( -0.4999999999999998890, 0.8660254037844387076, 0.000000000000000000 ) ) ;
#9286 = EDGE_LOOP ( 'NONE', ( #3326, #2718 ) ) ;
#9287 = VECTOR ( 'NONE', #6948, 1000.000000000000114 ) ;
#9288 = ADVANCED_FACE ( 'NONE', ( #6289 ), #7774, .T. ) ;
#9289 = DIRECTION ( 'NONE',  ( 0.7071067811865470176, -0.7071067811865480168, 8.659560562354929160E-17 ) ) ;
#9290 = PLANE ( 'NONE',  #1777 ) ;
#9291 = LINE ( 'NONE', #5554, #1071 ) ;
#9292 = PLANE ( 'NONE',  #4401 ) ;
#9293 = VECTOR ( 'NONE', #791, 1000.000000000000000 ) ;
#9294 = CYLINDRICAL_SURFACE ( 'NONE', #4553, 1.000000000000000444 ) ;
#9295 = LINE ( 'NONE', #4067, #4802 ) ;
#9296 = ORIENTED_EDGE ( 'NONE', *, *, #5466, .F. ) ;
#9297 = ORIENTED_EDGE ( 'NONE', *, *, #8582, .T. ) ;
#9298 = VECTOR ( 'NONE', #5765, 1000.000000000000000 ) ;
#9299 = ORIENTED_EDGE ( 'NONE', *, *, #5586, .F. ) ;
#9300 = ORIENTED_EDGE ( 'NONE', *, *, #6136, .F. ) ;
#9301 = CARTESIAN_POINT ( 'NONE',  ( 8.537185086044813076, 19.78683832264904652, 5.500000953674160087 ) ) ;
#9302 = FACE_OUTER_BOUND ( 'NONE', #3282, .T. ) ;
#9303 = AXIS2_PLACEMENT_3D ( 'NONE', #335, #5368, #285 ) ;
#9304 = DIRECTION ( 'NONE',  ( 6.801708676704649362E-17, 6.085529284608839213E-17, -1.000000000000000000 ) ) ;
#9305 = ORIENTED_EDGE ( 'NONE', *, *, #4977, .F. ) ;
#9306 = DIRECTION ( 'NONE',  ( 0.000000000000000000, 0.000000000000000000, 1.000000000000000000 ) ) ;
#9307 = ADVANCED_FACE ( 'NONE', ( #6326 ), #2678, .T. ) ;
#9308 = ORIENTED_EDGE ( 'NONE', *, *, #6188, .F. ) ;
#9309 = CIRCLE ( 'NONE', #3185, 1.000000000000000444 ) ;
#9310 = VERTEX_POINT ( 'NONE', #7907 ) ;
#9311 = CARTESIAN_POINT ( 'NONE',  ( -8.260266221535985665, -19.30720077974512705, 16.50000095367419917 ) ) ;
#9312 = ORIENTED_EDGE ( 'NONE', *, *, #1749, .T. ) ;
#9313 = CARTESIAN_POINT ( 'NONE',  ( -21.39195958580499024, -14.15297018576999832, 10.50000095367419917 ) ) ;
#9314 = CARTESIAN_POINT ( 'NONE',  ( -3.047601356036988562, -10.27860038987304847, 22.50000000000000000 ) ) ;
#9315 = DIRECTION ( 'NONE',  ( 0.000000000000000000, 0.000000000000000000, 1.000000000000000000 ) ) ;
#9316 = AXIS2_PLACEMENT_3D ( 'NONE', #4239, #7178, #9329 ) ;
#9317 = CIRCLE ( 'NONE', #286, 1.000000000000000444 ) ;
#9318 = CARTESIAN_POINT ( 'NONE',  ( 17.93885447847770465, 2.000000000000001776, 28.99999856948849697 ) ) ;
#9319 = DIRECTION ( 'NONE',  ( -0.9984594016228911517, -0.05548714545602558001, 0.000000000000000000 ) ) ;
#9320 = ORIENTED_EDGE ( 'NONE', *, *, #6920, .T. ) ;
#9321 = CIRCLE ( 'NONE', #8559, 19.05000000000000071 ) ;
#9322 = CARTESIAN_POINT ( 'NONE',  ( -1.000000000000000888, 10.45227248018298916, 28.99999856948849697 ) ) ;
#9323 = CIRCLE ( 'NONE', #1820, 1.000000000000000888 ) ;
#9324 = VECTOR ( 'NONE', #4168, 1000.000000000000000 ) ;
#9325 = EDGE_LOOP ( 'NONE', ( #8971, #2510, #8400, #5062 ) ) ;
#9326 = VERTEX_POINT ( 'NONE', #8443 ) ;
#9327 = DIRECTION ( 'NONE',  ( 0.000000000000000000, 0.000000000000000000, -1.000000000000000000 ) ) ;
#9328 = ADVANCED_FACE ( 'NONE', ( #1285 ), #7141, .T. ) ;
#9329 = DIRECTION ( 'NONE',  ( 1.000000000000000000, 0.000000000000000000, 0.000000000000000000 ) ) ;
#9330 = DIRECTION ( 'NONE',  ( 0.000000000000000000, 0.000000000000000000, -1.000000000000000000 ) ) ;
#9331 = DIRECTION ( 'NONE',  ( 0.000000000000000000, 0.000000000000000000, 1.000000000000000000 ) ) ;
#9332 = VECTOR ( 'NONE', #1996, 1000.000000000000000 ) ;
#9333 = LINE ( 'NONE', #1099, #2041 ) ;
#9334 = EDGE_CURVE ( 'NONE', #7223, #5256, #8939, .T. ) ;
#9335 = ORIENTED_EDGE ( 'NONE', *, *, #7623, .F. ) ;
#9336 = EDGE_CURVE ( 'NONE', #6343, #8826, #2593, .T. ) ;
#9337 = CYLINDRICAL_SURFACE ( 'NONE', #7343, 1.000000000000000444 ) ;
#9338 = VECTOR ( 'NONE', #3434, 1000.000000000000000 ) ;
#9339 = CARTESIAN_POINT ( 'NONE',  ( -20.05796506004299573, 14.46722287275992258, 12.50000095367419917 ) ) ;
#9340 = DIRECTION ( 'NONE',  ( -0.05548714545610360788, -0.9984594016228869329, 0.000000000000000000 ) ) ;
#9341 = CARTESIAN_POINT ( 'NONE',  ( -21.40449719101199122, 2.499999999999946709, 5.500000953674160087 ) ) ;
#9342 = DIRECTION ( 'NONE',  ( -1.000000000000000000, 0.000000000000000000, 0.000000000000000000 ) ) ;
#9343 = EDGE_CURVE ( 'NONE', #1484, #9194, #4647, .T. ) ;
#9344 = CARTESIAN_POINT ( 'NONE',  ( -10.13709585383799983, -22.55796506004303836, 10.50000095367419917 ) ) ;
#9345 = ORIENTED_EDGE ( 'NONE', *, *, #6411, .T. ) ;
#9346 = ORIENTED_EDGE ( 'NONE', *, *, #2383, .F. ) ;
#9347 = EDGE_CURVE ( 'NONE', #6917, #2681, #8137, .T. ) ;
#9348 = EDGE_LOOP ( 'NONE', ( #25, #7298, #6969, #844 ) ) ;
#9349 = LINE ( 'NONE', #6520, #7354 ) ;
#9350 = ORIENTED_EDGE ( 'NONE', *, *, #8673, .F. ) ;
#9351 = CARTESIAN_POINT ( 'NONE',  ( -21.39195958580499024, 14.15297018576899823, -4.500000000000158984 ) ) ;
#9352 = DIRECTION ( 'NONE',  ( 0.6667820768063215109, -0.7452527504476912368, 0.000000000000000000 ) ) ;
#9353 = DIRECTION ( 'NONE',  ( 0.000000000000000000, 0.000000000000000000, -1.000000000000000000 ) ) ;
#9354 = ORIENTED_EDGE ( 'NONE', *, *, #3314, .F. ) ;
#9355 = DIRECTION ( 'NONE',  ( 0.000000000000000000, 0.000000000000000000, -1.000000000000000000 ) ) ;
#9356 = ORIENTED_EDGE ( 'NONE', *, *, #7579, .F. ) ;
#9357 = ORIENTED_EDGE ( 'NONE', *, *, #9382, .T. ) ;
#9358 = CARTESIAN_POINT ( 'NONE',  ( 0.000000000000000000, 0.000000000000000000, -4.500000000000158984 ) ) ;
#9359 = ORIENTED_EDGE ( 'NONE', *, *, #8588, .F. ) ;
#9360 = CARTESIAN_POINT ( 'NONE',  ( 2.500000000000002220, -10.42532973099707938, -4.500000000000158984 ) ) ;
#9361 = CARTESIAN_POINT ( 'NONE',  ( 0.000000000000000000, 0.000000000000000000, -6.499999761581589652 ) ) ;
#9362 = ADVANCED_FACE ( 'NONE', ( #7239 ), #8857, .T. ) ;
#9363 = VECTOR ( 'NONE', #6814, 1000.000000000000000 ) ;
#9364 = CARTESIAN_POINT ( 'NONE',  ( -12.86731210496699873, 17.28683832264898967, 22.50000000000000000 ) ) ;
#9365 = LINE ( 'NONE', #6445, #7843 ) ;
#9366 = CARTESIAN_POINT ( 'NONE',  ( -1.000000000000000888, -2.958039891549968381, 28.99999856948849697 ) ) ;
#9367 = CARTESIAN_POINT ( 'NONE',  ( 0.000000000000000000, 0.000000000000000000, -6.499999761581589652 ) ) ;
#9368 = ORIENTED_EDGE ( 'NONE', *, *, #4236, .F. ) ;
#9369 = CARTESIAN_POINT ( 'NONE',  ( -2.499999999999988454, -26.38181191654598479, 16.50000095367419917 ) ) ;
#9370 = ORIENTED_EDGE ( 'NONE', *, *, #3404, .F. ) ;
#9371 = VERTEX_POINT ( 'NONE', #6652 ) ;
#9372 = EDGE_CURVE ( 'NONE', #4343, #320, #9245, .T. ) ;
#9373 = DIRECTION ( 'NONE',  ( 1.000000000000000000, 0.000000000000000000, 0.000000000000000000 ) ) ;
#9374 = AXIS2_PLACEMENT_3D ( 'NONE', #1358, #6542, #3342 ) ;
#9375 = LINE ( 'NONE', #7227, #7192 ) ;
#9376 = CARTESIAN_POINT ( 'NONE',  ( 2.500000000000002220, 24.60431872659696495, 22.50000000000000000 ) ) ;
#9377 = FACE_OUTER_BOUND ( 'NONE', #5508, .T. ) ;
#9378 = EDGE_CURVE ( 'NONE', #8323, #7726, #7260, .T. ) ;
#9379 = EDGE_CURVE ( 'NONE', #5227, #724, #1584, .T. ) ;
#9380 = ORIENTED_EDGE ( 'NONE', *, *, #7070, .T. ) ;
#9382 = EDGE_CURVE ( 'NONE', #6115, #2371, #7328, .T. ) ;
#9381 = AXIS2_PLACEMENT_3D ( 'NONE', #4507, #6776, #2309 ) ;
#9383 = DIRECTION ( 'NONE',  ( -0.9575997404349719799, 0.2881019561177511346, 0.000000000000000000 ) ) ;
#9384 = AXIS2_PLACEMENT_3D ( 'NONE', #9160, #5518, #4021 ) ;
#9385 = DIRECTION ( 'NONE',  ( 0.000000000000000000, 0.000000000000000000, -1.000000000000000000 ) ) ;
#9386 = DIRECTION ( 'NONE',  ( 0.000000000000000000, 0.000000000000000000, -1.000000000000000000 ) ) ;
#9387 = DIRECTION ( 'NONE',  ( 0.000000000000000000, 0.000000000000000000, 1.000000000000000000 ) ) ;
#9388 = DIRECTION ( 'NONE',  ( 0.000000000000000000, 0.000000000000000000, 1.000000000000000000 ) ) ;
#9389 = VECTOR ( 'NONE', #4534, 1000.000000000000000 ) ;
#9390 = DIRECTION ( 'NONE',  ( 1.000000000000000000, 0.000000000000000000, 0.000000000000000000 ) ) ;
#9391 = ORIENTED_EDGE ( 'NONE', *, *, #8960, .T. ) ;
#9392 = VERTEX_POINT ( 'NONE', #2151 ) ;
#9393 = VECTOR ( 'NONE', #5870, 1000.000000000000000 ) ;
#9394 = ADVANCED_FACE ( 'NONE', ( #5071 ), #4482, .F. ) ;
#9395 = ORIENTED_EDGE ( 'NONE', *, *, #640, .T. ) ;
#9396 = CARTESIAN_POINT ( 'NONE',  ( -1.500000000000001332, -24.60431872659807340, 12.50000095367419917 ) ) ;
#9397 = VERTEX_POINT ( 'NONE', #8766 ) ;
#9398 = CARTESIAN_POINT ( 'NONE',  ( 12.26893148769999797, -14.15438635628010466, 0.9999999999998441247 ) ) ;
#9399 = CARTESIAN_POINT ( 'NONE',  ( 0.000000000000000000, 0.000000000000000000, 22.50000000000000000 ) ) ;
#9400 = DIRECTION ( 'NONE',  ( -0.6667820768063215109, 0.7452527504476912368, 0.000000000000000000 ) ) ;
#9401 = ORIENTED_EDGE ( 'NONE', *, *, #6645, .F. ) ;
#9402 = CARTESIAN_POINT ( 'NONE',  ( -23.01556480047799624, 10.71501930150425963, 10.50000095367419917 ) ) ;
#9403 = VERTEX_POINT ( 'NONE', #2819 ) ;
#9404 = ADVANCED_FACE ( 'NONE', ( #3006 ), #4436, .T. ) ;
#9405 = ORIENTED_EDGE ( 'NONE', *, *, #6545, .T. ) ;
#9406 = DIRECTION ( 'NONE',  ( -0.2292962573396254977, -0.9733566799329216312, 0.000000000000000000 ) ) ;
#9407 = ORIENTED_EDGE ( 'NONE', *, *, #7340, .F. ) ;
#9408 = DIRECTION ( 'NONE',  ( -0.7283034830953664107, -0.6852547238152811859, 0.000000000000000000 ) ) ;
#9409 = DIRECTION ( 'NONE',  ( 0.000000000000000000, 0.000000000000000000, 1.000000000000000000 ) ) ;
#9410 = AXIS2_PLACEMENT_3D ( 'NONE', #8745, #5774, #5823 ) ;
#9411 = CARTESIAN_POINT ( 'NONE',  ( 3.258827488323447596, -1.855409227461012556, 21.30000023841839862 ) ) ;
#9412 = DIRECTION ( 'NONE',  ( 0.000000000000000000, 0.000000000000000000, 1.000000000000000000 ) ) ;
#9413 = DIRECTION ( 'NONE',  ( 0.000000000000000000, 0.000000000000000000, 1.000000000000000000 ) ) ;
#9414 = CARTESIAN_POINT ( 'NONE',  ( 0.000000000000000000, 0.000000000000000000, 12.50000095367419917 ) ) ;
#9415 = AXIS2_PLACEMENT_3D ( 'NONE', #8487, #7056, #4888 ) ;
#9416 = EDGE_LOOP ( 'NONE', ( #7494, #4441, #6841, #5667 ) ) ;
#9417 = ORIENTED_EDGE ( 'NONE', *, *, #2101, .T. ) ;
#9418 = DIRECTION ( 'NONE',  ( 0.000000000000000000, 0.000000000000000000, -1.000000000000000000 ) ) ;
#9419 = FACE_OUTER_BOUND ( 'NONE', #3033, .T. ) ;
#9420 = ADVANCED_FACE ( 'NONE', ( #8672 ), #3723, .T. ) ;
#9421 = CIRCLE ( 'NONE', #4061, 1.000000000000000888 ) ;
#9422 = CARTESIAN_POINT ( 'NONE',  ( -17.93885447847799597, 2.000000000000001776, 28.99999856948849697 ) ) ;
#9423 = VERTEX_POINT ( 'NONE', #705 ) ;
#9424 = EDGE_CURVE ( 'NONE', #5560, #242, #1382, .T. ) ;
#9425 = AXIS2_PLACEMENT_3D ( 'NONE', #2417, #4517, #2992 ) ;
#9426 = CIRCLE ( 'NONE', #1782, 1.000000000000001332 ) ;
#9427 = CARTESIAN_POINT ( 'NONE',  ( 11.27047208607710793, -14.09889921082407938, 28.99999856948849697 ) ) ;
#9428 = CARTESIAN_POINT ( 'NONE',  ( -10.45227248018298916, -1.000000000000000888, 28.99999856948849697 ) ) ;
#9429 = CARTESIAN_POINT ( 'NONE',  ( -21.40449719101099291, 2.499999999999946709, 16.49999856948839749 ) ) ;
#9430 = DIRECTION ( 'NONE',  ( 0.000000000000000000, 0.000000000000000000, -1.000000000000000000 ) ) ;
#9431 = DIRECTION ( 'NONE',  ( 0.000000000000000000, 0.000000000000000000, -1.000000000000000000 ) ) ;
#9432 = DIRECTION ( 'NONE',  ( 0.000000000000000000, -1.000000000000000000, 0.000000000000000000 ) ) ;
#9433 = PLANE ( 'NONE',  #1137 ) ;
#9434 = ADVANCED_FACE ( 'NONE', ( #7963 ), #9433, .T. ) ;
#9435 = AXIS2_PLACEMENT_3D ( 'NONE', #2518, #458, #1026 ) ;
#9436 = CIRCLE ( 'NONE', #1175, 21.55000000000000071 ) ;
#9437 = ORIENTED_EDGE ( 'NONE', *, *, #891, .F. ) ;
#9438 = ORIENTED_EDGE ( 'NONE', *, *, #1131, .F. ) ;
#9439 = ORIENTED_EDGE ( 'NONE', *, *, #5059, .T. ) ;
#9440 = CIRCLE ( 'NONE', #6234, 21.55000000000000071 ) ;
#9441 = VECTOR ( 'NONE', #2912, 1000.000000000000000 ) ;
#9442 = CYLINDRICAL_SURFACE ( 'NONE', #1983, 1.000000000000000444 ) ;
#9443 = DIRECTION ( 'NONE',  ( 0.05548714545610360788, -0.9984594016228869329, 0.000000000000000000 ) ) ;
#9444 = CARTESIAN_POINT ( 'NONE',  ( -24.60431872659797747, -1.500000000000056843, -4.500000000000158984 ) ) ;
#9445 = EDGE_CURVE ( 'NONE', #3373, #7966, #2869, .T. ) ;
#9446 = COLOUR_RGB ( '',0.7921568627450980005, 0.8196078431372548767, 0.9333333333333333481 ) ;
#9447 = CARTESIAN_POINT ( 'NONE',  ( 25.28957345041287397, -2.228303483095354753, -4.500000000000158984 ) ) ;
#9448 = AXIS2_PLACEMENT_3D ( 'NONE', #8011, #6522, #3014 ) ;
#9449 = ORIENTED_EDGE ( 'NONE', *, *, #4866, .T. ) ;
#9450 = CARTESIAN_POINT ( 'NONE',  ( -10.71501930150438753, -23.01556480047799980, 10.50000095367419917 ) ) ;
#9451 = EDGE_CURVE ( 'NONE', #4438, #356, #4339, .T. ) ;
#9452 = EDGE_LOOP ( 'NONE', ( #2960, #5947, #3472, #4232 ) ) ;
#9453 = EDGE_CURVE ( 'NONE', #4266, #4843, #2346, .T. ) ;
#9454 = ORIENTED_EDGE ( 'NONE', *, *, #1822, .F. ) ;
#9455 = CARTESIAN_POINT ( 'NONE',  ( 20.55796506004270441, -13.60119746897603399, -4.500000000000158984 ) ) ;
#9456 = VECTOR ( 'NONE', #6660, 1000.000000000000000 ) ;
#9457 = ORIENTED_EDGE ( 'NONE', *, *, #1088, .T. ) ;
#9458 = CARTESIAN_POINT ( 'NONE',  ( -2.499999999999988454, -13.19090595827310253, 12.50000095367419917 ) ) ;
#9459 = CARTESIAN_POINT ( 'NONE',  ( 8.097979530733697473, 6.683765968359955956, -6.499999761581589652 ) ) ;
#9460 = DIRECTION ( 'NONE',  ( 0.000000000000000000, 0.000000000000000000, -1.000000000000000000 ) ) ;
#9461 = DIRECTION ( 'NONE',  ( 0.8660254037844387076, 0.4999999999999998890, 0.000000000000000000 ) ) ;
#9462 = EDGE_CURVE ( 'NONE', #2619, #4233, #5839, .T. ) ;
#9463 = DIRECTION ( 'NONE',  ( 0.000000000000000000, 0.000000000000000000, 1.000000000000000000 ) ) ;
#9464 = AXIS2_PLACEMENT_3D ( 'NONE', #1428, #3060, #3687 ) ;
#9465 = DIRECTION ( 'NONE',  ( 0.000000000000000000, 0.000000000000000000, 1.000000000000000000 ) ) ;
#9466 = VECTOR ( 'NONE', #1419, 1000.000000000000000 ) ;
#9467 = EDGE_CURVE ( 'NONE', #7730, #4344, #3114, .T. ) ;
#9468 = ORIENTED_EDGE ( 'NONE', *, *, #3165, .T. ) ;
#9469 = VECTOR ( 'NONE', #302, 1000.000000000000000 ) ;
#9470 = ORIENTED_EDGE ( 'NONE', *, *, #6974, .F. ) ;
#9471 = DIRECTION ( 'NONE',  ( 1.000000000000000000, 0.000000000000000000, 0.000000000000000000 ) ) ;
#9472 = AXIS2_PLACEMENT_3D ( 'NONE', #923, #8986, #9383 ) ;
#9473 = CARTESIAN_POINT ( 'NONE',  ( -14.57455414890890744, 20.78726131738163474, 10.50000095367419917 ) ) ;
#9474 = CARTESIAN_POINT ( 'NONE',  ( 2.500000000000002220, -10.42532973099707938, 12.50000095367419917 ) ) ;
#9475 = ORIENTED_EDGE ( 'NONE', *, *, #3474, .F. ) ;
#9476 = VECTOR ( 'NONE', #1379, 1000.000000000000000 ) ;
#9477 = ADVANCED_FACE ( 'NONE', ( #7567 ), #8331, .T. ) ;
#9478 = DIRECTION ( 'NONE',  ( 0.000000000000000000, 0.000000000000000000, 1.000000000000000000 ) ) ;
#9479 = DIRECTION ( 'NONE',  ( 0.7283034830953664107, -0.6852547238152811859, 0.000000000000000000 ) ) ;
#9480 = LINE ( 'NONE', #9429, #6538 ) ;
#9481 = DIRECTION ( 'NONE',  ( 0.000000000000000000, 0.000000000000000000, -1.000000000000000000 ) ) ;
#9482 = ADVANCED_FACE ( 'NONE', ( #177 ), #3095, .T. ) ;
#9483 = CARTESIAN_POINT ( 'NONE',  ( -14.57455414890895540, -20.78726131738255134, 22.50000000000000000 ) ) ;
#9484 = CARTESIAN_POINT ( 'NONE',  ( 20.78726131738237370, -14.57455414890894474, 5.500000953674160087 ) ) ;
#9485 = CIRCLE ( 'NONE', #3357, 1.000000000000000888 ) ;
#9486 = VECTOR ( 'NONE', #7921, 1000.000000000000000 ) ;
#9487 = CARTESIAN_POINT ( 'NONE',  ( -24.60431872659797747, 1.499999999999945821, -4.500000000000158984 ) ) ;
#9488 = VECTOR ( 'NONE', #1499, 1000.000000000000000 ) ;
#9489 = EDGE_CURVE ( 'NONE', #5930, #5028, #3965, .T. ) ;
#9490 = VERTEX_POINT ( 'NONE', #4680 ) ;
#9491 = ORIENTED_EDGE ( 'NONE', *, *, #8107, .T. ) ;
ENDSEC;
END-ISO-10303-21;
